name,full_name,birth_date,age,height_cm,weight_kgs,positions,nationality,overall_rating,potential,value_euro,wage_euro,preferred_foot,international_reputation(1-5),weak_foot(1-5),skill_moves(1-5),body_type,release_clause_euro,national_team,national_rating,national_team_position,national_jersey_number,crossing,finishing,heading_accuracy,short_passing,volleys,dribbling,curve,freekick_accuracy,long_passing,ball_control,acceleration,sprint_speed,agility,reactions,balance,shot_power,jumping,stamina,strength,long_shots,aggression,interceptions,positioning,vision,penalties,composure,marking,standing_tackle,sliding_tackle
L. Messi,Lionel Andrés Messi Cuccittini,6/24/1987,31,170.18,72.1,"CF,RW,ST",Argentina,94,94,110500000,565000,Left,5,4,4,Messi,226500000,Argentina,82,RF,10,86,95,70,92,86,97,93,94,89,96,91,86,93,95,95,85,68,72,66,94,48,22,94,94,75,96,33,28,26
C. Eriksen,Christian  Dannemann Eriksen,2/14/1992,27,154.94,76.2,"CAM,RM,CM",Denmark,88,89,69500000,205000,Right,3,5,4,Lean,133800000,Denmark,78,CAM,10,88,81,52,91,80,84,86,87,89,91,76,73,80,88,81,84,50,92,58,89,46,56,84,91,67,88,59,57,22
P. Pogba,Paul Pogba,3/15/1993,25,190.5,83.9,"CM,CAM",France,88,91,73000000,255000,Right,4,4,5,Normal,144200000,France,84,RDM,6,80,75,75,86,85,87,85,82,90,90,71,79,76,82,66,90,83,88,87,82,78,64,82,88,82,87,63,67,67
L. Insigne,Lorenzo Insigne,6/4/1991,27,162.56,59,"LW,ST",Italy,88,88,62000000,165000,Right,3,4,4,Normal,105400000,Italy,83,LW,10,86,77,56,85,74,90,87,77,78,93,94,86,94,83,93,75,53,75,44,84,34,26,83,87,61,83,51,24,22
K. Koulibaly,Kalidou Koulibaly,6/20/1991,27,187.96,88.9,CB,Senegal,88,91,60000000,135000,Right,3,3,2,Normal,106500000,,,,,30,22,83,68,14,69,28,28,60,63,70,75,50,82,40,55,81,75,94,15,87,88,24,49,33,80,91,88,87
V. van Dijk,Virgil van Dijk,7/8/1991,27,193.04,92.1,CB,Netherlands,88,90,59500000,215000,Right,3,3,2,Normal,114500000,Netherlands,81,LCB,4,53,52,83,79,45,70,60,70,81,76,74,77,61,87,49,81,88,75,92,64,82,88,41,60,62,87,90,89,84
K. Mbappé,Kylian Mbappé,12/20/1998,20,152.4,73,"RW,ST,RM",France,88,95,81000000,100000,Right,3,4,5,Lean,166100000,France,84,RM,10,77,88,77,82,78,90,77,63,73,91,96,96,92,87,83,79,75,83,71,78,62,38,88,82,70,86,34,34,32
S. Agüero,Sergio Leonel Agüero del Castillo,6/2/1988,30,172.72,69.9,ST,Argentina,89,89,64500000,300000,Right,4,4,4,Stocky,119300000,Argentina,82,SUB,11,70,93,77,81,85,89,82,73,64,89,88,80,86,90,91,88,81,76,73,83,65,24,92,83,83,90,30,20,12
M. Neuer,Manuel Neuer,3/27/1986,32,193.04,92.1,GK,Germany,89,89,38000000,130000,Right,5,4,1,Normal,62700000,Germany,85,GK,1,15,13,25,55,11,30,14,11,59,46,54,60,51,84,35,25,77,43,80,16,29,30,12,70,47,70,17,10,11
E. Cavani,Edinson Roberto Cavani Gómez,2/14/1987,32,185.42,77.1,ST,Uruguay,89,89,60000000,200000,Right,4,4,3,Lean,111000000,Uruguay,81,LS,21,70,89,89,78,90,80,77,76,52,82,75,76,77,91,59,87,88,92,78,79,84,48,93,77,85,82,52,45,39
Sergio Busquets,Sergio Busquets i Burgos,7/16/1988,30,187.96,76.2,"CDM,CM",Spain,89,89,51500000,315000,Right,4,3,3,Lean,105600000,Spain,85,CDM,5,62,67,68,89,44,80,66,68,82,88,50,52,66,87,52,61,66,86,77,54,85,87,77,87,60,93,90,86,80
T. Courtois,Thibaut Courtois,5/11/1992,26,198.12,96.2,GK,Belgium,89,90,53500000,240000,Left,4,2,1,Courtois,113700000,Belgium,85,GK,1,14,14,13,33,12,13,19,20,35,23,46,52,61,84,45,36,68,38,70,17,23,15,13,44,27,66,20,18,16
M. ter Stegen,Marc-André ter Stegen,4/30/1992,26,187.96,84.8,GK,Germany,89,92,58000000,240000,Right,3,4,1,Normal,123300000,Germany,85,SUB,22,18,14,11,42,14,17,18,12,47,18,38,50,37,86,43,22,79,35,78,10,43,22,11,70,25,70,25,13,10
A. Griezmann,Antoine Griezmann,3/21/1991,27,175.26,73,"CF,ST",France,89,90,78000000,145000,Left,4,3,4,Lean,165800000,France,84,CAM,7,82,89,84,84,87,87,86,84,78,90,88,85,90,90,82,82,90,86,62,82,73,49,91,85,83,89,59,54,48
M. Salah,Mohamed  Salah Ghaly,6/15/1992,26,175.26,71.2,"RW,ST",Egypt,89,90,78500000,265000,Left,3,3,4,PLAYER_BODY_TYPE_25,151100000,Egypt,73,RM,10,78,90,59,83,76,89,83,60,74,88,94,91,91,92,88,80,68,84,70,83,63,55,92,84,75,91,38,43,41
P. Dybala,Paulo Bruno Exequiel Dybala,11/15/1993,25,152.4,74.8,"CAM,RW",Argentina,89,94,89000000,205000,Left,3,3,4,Normal,153500000,Argentina,82,LF,21,82,84,68,87,88,92,88,88,75,92,87,83,91,86,85,82,75,80,65,88,48,32,84,87,86,84,23,20,20
M. Škriniar,Milan Škriniar,2/11/1995,24,187.96,79.8,CB,Slovakia,86,93,53500000,89000,Right,1,4,2,Normal,101700000,,,,,40,42,82,73,40,59,34,30,69,67,70,73,48,83,51,50,78,77,85,30,86,86,30,57,56,81,92,89,84
Fernandinho,Fernando Luiz Rosa,5/4/1985,33,152.4,67.1,CDM,Brazil,87,87,20500000,200000,Right,3,4,3,Lean,37900000,,,,,68,69,66,85,74,77,70,72,83,82,68,67,72,89,78,83,78,84,76,78,87,89,70,75,61,79,87,86,80
G. Higuaín,Gonzalo Gerardo Higuaín,12/10/1987,31,185.42,88.9,ST,Argentina,87,87,48500000,205000,Right,4,4,3,Normal,,,,,,68,91,79,74,88,83,74,62,59,84,70,72,75,86,69,86,79,70,85,80,50,20,92,74,70,86,35,22,18
I. Rakitić,Ivan Rakitić,3/10/1988,30,182.88,78,"CM,CDM",Croatia,87,87,46500000,260000,Right,4,4,3,Lean,95300000,,,,,84,79,59,87,84,82,88,82,90,85,66,62,73,80,66,84,39,83,71,87,67,81,80,86,82,86,76,75,73
J. Vertonghen,Jan Vertonghen,4/24/1987,31,187.96,86.2,CB,Belgium,87,87,34000000,155000,Left,3,3,3,Normal,62900000,Belgium,85,LCB,5,72,56,80,79,52,71,63,73,74,77,61,65,61,85,60,80,85,75,79,66,84,89,60,68,66,83,89,87,88
D. Mertens,Dries Mertens,5/6/1987,31,170.18,60.8,"CF,ST",Belgium,87,87,45000000,135000,Right,3,4,4,Normal,76500000,Belgium,85,RF,14,77,86,35,82,70,91,82,79,74,89,93,85,94,88,92,80,60,75,42,81,59,36,87,83,79,81,25,40,40
Marcelo,Marcelo Vieira da Silva Júnior,5/12/1988,30,175.26,79.8,LB,Brazil,87,87,36500000,240000,Left,4,4,5,Normal,74800000,,,,,90,73,75,84,61,90,85,67,78,92,83,82,86,87,86,83,76,89,78,70,84,83,85,82,59,86,71,82,83
T. Alderweireld,Toby Alderweireld,3/2/1989,30,185.42,81.2,CB,Belgium,87,88,44000000,165000,Right,3,3,2,Normal,84700000,Belgium,85,RCB,2,64,45,82,79,38,62,63,69,85,75,61,67,60,88,50,78,84,76,79,65,81,87,58,67,58,84,90,91,86
Jordi Alba,Jordi Alba Ramos,3/21/1989,29,170.18,68,LB,Spain,87,87,38000000,250000,Left,3,3,3,Normal,77900000,Spain,85,LB,18,87,73,70,84,60,80,80,63,74,84,93,93,90,83,85,64,81,91,61,66,77,84,80,76,59,82,74,84,84
Thiago,Thiago Alcântara do Nascimento,4/11/1991,27,175.26,69.9,"CM,CAM,CDM",Spain,87,87,51500000,140000,Right,3,3,5,Normal,85000000,Spain,85,SUB,19,72,69,54,90,90,90,85,77,87,90,78,69,90,86,86,76,75,75,59,79,56,78,79,86,75,85,67,67,71
C. Immobile,Ciro Immobile,2/20/1990,29,185.42,84.8,ST,Italy,87,87,52000000,115000,Right,3,4,3,Normal,88400000,Italy,83,ST,17,55,90,81,74,87,83,70,51,49,83,78,85,77,87,63,86,77,80,76,80,77,40,91,65,78,81,34,33,32
K. Navas,Keylor Navas,12/15/1986,32,185.42,79.8,GK,Costa Rica,87,87,30500000,195000,Right,3,3,1,Normal,62500000,,,,,11,15,11,30,11,16,11,15,37,19,54,53,60,84,61,21,74,39,75,13,32,20,16,68,25,67,28,14,14
Isco,Francisco Román Alarcón Suárez,4/21/1992,26,175.26,78.9,"CAM,CM,LW",Spain,87,90,62500000,260000,Right,3,3,4,Normal,132800000,Spain,85,LW,22,75,79,55,86,65,94,88,76,81,95,75,69,87,77,90,69,64,70,59,85,58,64,78,86,76,86,60,64,51
J. Rodríguez,James David Rodríguez Rubio,7/12/1991,27,154.94,74.8,"CAM,CM,RM",Colombia,87,88,59000000,260000,Left,4,3,4,Normal,,Colombia,79,LAM,10,90,83,62,89,90,85,89,86,83,90,73,67,83,85,76,86,54,70,68,92,64,55,80,88,81,87,52,41,44
Casemiro,Carlos Henrique Venancio Casimiro,2/23/1992,27,185.42,83.9,CDM,Brazil,87,89,50500000,240000,Right,3,3,2,Normal,107300000,,,,,58,64,76,83,61,69,63,74,82,78,61,66,62,86,66,86,88,87,89,81,89,86,69,77,66,84,84,87,86
M. Icardi,Mauro Emanuel Icardi Rivero,2/19/1993,26,154.94,74.8,ST,Argentina,87,90,64500000,130000,Right,3,4,3,Normal,114500000,Argentina,82,ST,9,46,91,91,73,85,77,58,45,54,81,77,78,76,88,76,84,94,69,76,70,56,22,92,64,82,85,45,24,20
Kepa,Kepa Arrizabalaga,10/3/1994,24,185.42,84.8,GK,Spain,84,90,31000000,92000,Right,1,4,1,Lean,63600000,Spain,85,SUB,13,25,11,17,32,18,10,25,19,36,16,34,33,41,79,39,25,71,37,51,14,18,21,15,55,24,63,19,18,16
H. Ziyech,Hakim Ziyech,3/19/1993,25,154.94,64.9,"CAM,RW",Morocco,84,86,38000000,31000,Left,3,2,4,Lean,56100000,,,,,84,68,53,86,77,84,90,78,89,83,76,74,86,83,78,80,38,86,59,76,72,62,76,88,72,83,52,66,36
Fabinho,Fábio Henrique Tavares,10/23/1993,25,187.96,78,CDM,Brazil,84,88,34000000,120000,Right,3,2,3,Lean,65500000,,,,,79,66,75,83,47,76,71,53,80,82,69,72,69,83,67,78,75,92,79,65,85,84,70,77,91,84,84,86,84
A. Martial,Anthony Martial,12/5/1995,23,182.88,76.2,"LW,ST,LM",France,84,90,42500000,165000,Right,3,3,4,Normal,89300000,,,,,76,84,69,78,74,88,84,54,60,87,88,89,85,82,81,84,74,76,75,80,58,42,83,74,81,82,34,39,36
T. Werner,Timo Werner,3/6/1996,23,154.94,74.8,ST,Germany,84,87,40000000,77000,Right,3,4,3,Normal,71000000,Germany,85,RW,9,69,87,77,77,85,83,63,56,55,84,93,93,81,86,76,78,78,83,64,70,63,37,85,61,72,74,39,20,19
N. Süle,Niklas Süle,9/3/1995,23,195.58,97.1,CB,Germany,84,90,36500000,84000,Right,2,3,2,Stocky,67500000,Germany,85,CB,15,30,20,86,78,31,42,28,30,63,63,52,84,33,79,33,77,38,65,94,62,82,82,26,30,32,72,83,85,83
Bruno Fernandes,Bruno Miguel Borges Fernandes,9/8/1994,24,152.4,68.9,"CAM,CM",Portugal,84,88,40500000,22000,Right,2,3,4,Lean,84000000,Sporting CP,78,LCM,8,84,74,58,85,84,83,86,85,84,86,79,76,77,84,78,87,72,91,67,88,66,71,81,86,82,84,66,66,57
Alex Telles,Alex Nicolao Telles,12/15/1992,26,154.94,71.2,LB,Brazil,84,86,31000000,22000,Left,3,2,3,Lean,64300000,,,,,89,65,74,83,67,82,87,79,86,82,84,85,73,83,70,80,81,92,68,75,78,80,76,74,73,80,80,81,79
J. Giménez,José María Giménez de Vargas,1/20/1995,24,185.42,79.8,CB,Uruguay,84,88,34000000,63000,Right,2,3,2,Normal,72300000,Uruguay,81,LCB,2,47,37,81,68,30,47,36,44,58,56,69,70,56,76,43,72,90,67,85,48,89,85,24,27,38,73,88,86,87
N. Fekir,Nabil Fekir,7/18/1993,25,172.72,74.8,CAM,France,84,88,40500000,84000,Left,3,3,4,Stocky,80000000,,,,,83,82,49,83,77,90,81,79,75,89,79,79,84,80,91,84,69,77,82,82,73,28,81,81,76,89,31,37,25
D. Sánchez,Davinson Sánchez,6/12/1996,22,187.96,78.9,CB,Colombia,84,88,34000000,105000,Right,2,3,2,Lean,65500000,Colombia,79,RCB,23,36,40,80,77,28,63,30,27,67,73,72,79,60,80,55,66,73,76,83,44,87,82,34,49,44,75,84,85,88
Marco Asensio,Marco Asensio Willemsen,1/21/1996,23,182.88,76.2,"LW,RW",Spain,84,89,41500000,195000,Left,3,3,4,Normal,88200000,Spain,85,RW,10,82,80,57,83,79,85,83,76,81,85,85,82,79,82,76,86,58,76,61,88,45,45,82,82,62,83,40,42,39
O. Dembélé,Ousmane Dembélé,5/15/1997,21,152.4,67.1,"RW,LW",France,84,92,46000000,170000,Left,3,5,4,Lean,103500000,France,84,SUB,11,81,78,43,79,76,91,82,64,70,83,94,93,90,82,85,83,59,76,52,76,54,36,79,84,75,82,42,30,33
Iniesta,Andrés Iniesta Luján,5/11/1984,34,170.18,68,"CM,LM",Spain,85,85,18500000,19000,Right,4,4,4,Normal,24100000,,,,,77,69,54,90,75,88,80,70,84,91,70,66,79,84,84,67,47,58,58,70,58,65,78,93,71,89,68,57,56
Z. Ibrahimović,Zlatan Ibrahimović,10/3/1981,37,195.58,94.8,ST,Sweden,85,85,14000000,15000,Right,5,4,5,Normal,21000000,,,,,73,86,83,79,86,79,82,82,73,84,58,59,75,82,39,90,68,61,86,82,84,20,85,79,89,90,28,37,24
Jorginho,Luiz Frello Filho Jorge,12/20/1991,27,154.94,67.1,CM,Italy,83,84,30000000,140000,Right,2,3,3,Lean,57800000,Italy,83,CM,8,75,57,56,89,71,82,75,76,87,85,70,61,77,82,73,71,58,79,66,62,79,76,68,87,84,79,62,77,70
E. Višća,Edin Višća,2/17/1990,29,172.72,63,"RM,RW",Bosnia Herzegovina,83,83,26000000,44000,Right,2,4,4,Lean,49400000,,,,,80,80,45,82,74,82,74,60,71,82,90,89,93,80,88,79,69,84,58,77,47,52,83,77,75,82,55,40,40
S. Gnabry,Serge Gnabry,7/14/1995,23,175.26,74.8,"LM,RM,CAM,LW",Germany,83,87,34000000,85000,Right,2,4,4,Normal,58700000,Germany,85,ST,6,74,81,46,79,83,87,64,62,68,83,92,90,86,81,88,85,64,68,68,81,63,38,80,74,68,74,45,48,45
M. Kovačić,Mateo Kovačić,5/6/1994,24,175.26,78,CM,Croatia,83,89,35000000,165000,Right,3,4,4,Normal,,,,,,73,62,42,87,76,88,78,68,82,89,84,74,85,74,85,79,63,82,65,75,77,76,71,88,59,81,69,74,63
William Carvalho,William Silva de Carvalho,4/7/1992,26,187.96,83,"CDM,CM",Portugal,83,86,27000000,35000,Right,3,4,3,Normal,58700000,Portugal,82,CDM,14,68,52,73,81,50,78,79,50,84,80,62,67,51,75,51,70,69,85,92,59,78,81,64,81,60,89,82,83,67
Felipe,Felipe Augusto de Almeida Monteiro,5/16/1989,29,190.5,86.2,CB,Brazil,83,84,22500000,22000,Right,3,3,2,Normal,46700000,,,,,45,39,81,74,44,57,32,30,67,62,60,67,52,77,57,46,90,78,86,41,92,81,34,50,47,75,85,85,79
Y. Carrasco,Yannick Ferreira Carrasco,9/4/1993,25,154.94,73,LM,Belgium,83,86,33000000,20000,Right,3,4,4,Lean,73400000,Dalian YiFang FC,64,LM,10,78,79,53,77,68,88,81,78,71,87,89,87,88,83,71,84,68,74,59,75,61,18,81,71,74,75,58,39,26
Lucas Vázquez,Lucas Vázquez Iglesias,7/1/1991,27,172.72,69.9,"RW,RM",Spain,83,83,27000000,205000,Right,2,4,4,Normal,55400000,,,,,83,72,56,83,58,82,82,71,75,82,86,82,86,85,84,80,68,90,57,76,72,62,82,83,56,75,62,62,61
Q. Promes,Quincy Anton Promes,1/4/1992,27,175.26,72.1,"LM,ST,RM",Netherlands,83,83,28000000,28000,Right,2,4,5,Lean,58800000,Netherlands,81,RM,9,79,86,60,78,69,84,75,76,73,82,90,91,87,82,79,82,82,83,61,83,60,33,79,81,74,78,36,30,32
L. Goretzka,Leon Goretzka,2/6/1995,24,187.96,78.9,"CM,CAM,CDM",Germany,83,88,34000000,85000,Right,3,4,3,Lean,58700000,Germany,85,SUB,14,75,73,80,84,68,81,76,75,79,83,84,79,76,84,70,78,74,86,72,80,80,82,79,82,60,80,72,76,74
A. Rabiot,Adrien Rabiot,4/3/1995,23,193.04,79.8,"CM,CDM",France,83,87,33000000,91000,Left,2,3,3,Lean,63500000,,,,,70,69,77,85,72,79,73,59,83,83,73,74,79,83,72,80,73,82,80,79,76,80,76,80,67,84,70,81,75
A. Romagnoli,Alessio Romagnoli,1/12/1995,24,187.96,78,CB,Italy,83,90,31000000,92000,Left,2,3,2,Normal,58900000,,,,,36,30,77,72,28,65,36,24,71,70,63,69,60,78,53,64,78,75,81,46,85,86,31,45,34,76,88,86,82
João Cancelo,João Pedro Cavaco Cancelo,5/27/1994,24,182.88,73.9,RB,Portugal,83,89,29500000,105000,Right,2,3,4,Lean,54600000,Portugal,82,RB,2,86,58,64,79,62,85,83,69,75,84,91,91,78,83,74,80,73,90,66,66,73,77,78,74,46,77,79,79,79
Anderson Talisca,Anderson Souza Conceição,2/1/1994,25,190.5,79.8,CAM,Brazil,83,87,34000000,27000,Left,2,4,4,Normal,77400000,,,,,78,80,77,81,76,82,86,87,79,84,77,76,76,79,65,84,58,76,72,88,67,58,86,81,71,74,55,62,42
K. Coman,Kingsley Coman,6/13/1996,22,152.4,71.2,"LM,RM,LW,RW",France,83,88,34500000,85000,Right,2,3,5,Lean,59500000,,,,,81,77,52,77,77,88,84,70,63,83,95,93,88,82,84,78,75,76,63,73,36,23,79,75,70,75,29,17,15
T. Lemar,Thomas Lemar,11/12/1995,23,170.18,62.1,"LM,CAM,RM",France,83,89,35500000,64000,Left,3,2,4,Lean,79900000,France,84,SUB,8,83,75,54,84,76,85,85,81,75,86,86,84,87,79,86,79,71,79,63,78,63,66,78,84,68,80,55,59,63
J. Tah,Jonathan Tah,2/11/1996,23,195.58,97.1,CB,Germany,82,87,25000000,61000,Right,2,4,2,Stocky,44400000,Germany,85,SUB,20,35,20,80,74,24,55,30,27,69,64,64,77,48,81,44,44,72,63,93,25,76,80,27,61,38,75,80,87,84
M. Politano,Matteo Politano,8/3/1993,25,170.18,67.1,"RM,LM,ST",Italy,82,85,28000000,61000,Left,2,4,4,Normal,,,,,,80,74,40,80,75,84,79,77,76,84,85,86,90,79,82,78,50,79,45,82,63,38,77,75,70,79,63,29,29
C. Lenglet,Clément Lenglet,6/17/1995,23,185.42,81.2,CB,France,82,88,26000000,135000,Left,1,4,2,Lean,58500000,,,,,36,23,80,78,24,60,25,27,69,76,72,73,62,81,60,58,85,73,80,35,80,82,50,60,43,78,85,84,80
Pau López,Pau López Sabata,12/13/1994,24,187.96,77.1,GK,Spain,82,87,21500000,21000,Left,1,3,1,Lean,46800000,Spain,85,SUB,23,24,19,15,38,17,18,23,21,41,16,45,52,40,74,57,21,71,42,52,18,39,16,20,62,25,62,19,20,11
H. Lozano,Hirving Rodrigo Lozano Bahena,7/30/1995,23,175.26,69.9,"RW,LW",Mexico,82,87,29500000,24000,Right,3,4,4,Lean,43500000,Mexico,77,LS,22,75,77,58,74,75,84,72,65,67,81,94,93,91,82,76,76,67,80,59,76,64,45,78,75,64,77,42,35,29
Malcom,Malcom Filipe Silva de Oliveira,2/26/1997,22,172.72,73.9,RW,Brazil,82,89,31500000,140000,Left,2,4,4,Normal,70900000,,,,,79,75,57,80,71,85,77,81,73,85,87,82,92,79,84,85,58,74,64,85,53,26,78,81,68,78,21,28,17
L. Torreira,Lucas Torreira Di Pascua,2/11/1996,23,167.64,64,"CDM,CM",Uruguay,82,87,25000000,98000,Right,2,3,3,Normal,49400000,Uruguay,81,LCM,14,74,50,59,83,65,78,70,78,77,81,81,74,85,79,93,78,52,85,66,74,86,86,65,74,48,78,84,84,77
Gonçalo Guedes,Gonçalo Manuel Ganchinho Guedes,11/29/1996,22,152.4,68,"LM,ST,RM,LW",Portugal,82,86,29000000,36000,Right,1,4,4,Normal,63100000,Portugal,82,SUB,17,78,75,60,77,71,86,76,70,69,81,89,90,85,80,78,81,65,75,62,77,67,50,77,77,69,80,24,34,30
G. Lo Celso,Giovani Lo Celso,4/9/1996,22,175.26,69.9,"CM,CAM,CDM",Argentina,82,88,30000000,83000,Left,1,3,4,Lean,,Argentina,82,RCM,20,75,77,59,82,69,84,82,72,84,84,77,79,82,80,81,80,64,80,69,76,65,65,79,84,60,79,61,67,67
Fabián,Fabián Ruiz Peña,4/3/1996,22,187.96,69.9,"CM,CDM,CAM",Spain,82,90,32000000,70000,Left,1,4,4,Lean,60800000,,,,,72,79,67,80,67,83,75,59,80,83,69,67,73,79,66,75,46,75,70,83,68,77,80,84,67,77,70,78,75
F. de Jong,Frenkie de Jong,5/12/1997,21,154.94,69.9,"CM,CDM,CB",Netherlands,82,89,31000000,20000,Right,1,3,4,Lean,49600000,Netherlands,81,LDM,7,75,52,64,87,64,86,82,64,82,88,80,78,84,83,78,68,76,74,69,57,64,78,66,85,45,86,69,73,70
Raphaelito Anjos,Raphael William Anjos Rochedo,2/29/1988,31,190.5,84.8,GK,Brazil,82,82,14000000,32000,Right,1,2,1,Normal,25200000,Brazil,81,GK,1,10,8,11,18,8,9,9,18,16,21,41,42,34,82,41,21,67,29,79,7,34,23,27,71,14,67,20,17,13
Juiano Mestres,Juan Everton Mestres de Mesquita,2/29/1984,35,154.94,82.1,"CB,CDM",Brazil,82,82,6500000,39000,Right,1,3,2,Normal,12400000,Brazil,81,RCB,3,40,56,83,67,63,60,72,58,58,64,68,74,61,78,63,74,91,76,79,61,86,82,58,50,62,70,77,85,84
Rosberto Dourado,Rosberto J. Dourado Santos,2/29/1988,31,175.26,69.9,"CDM,CM",Brazil,82,82,16500000,46000,Right,1,4,2,Lean,31400000,Brazil,81,RCM,13,61,53,70,82,57,77,54,57,78,76,80,81,72,80,80,60,43,93,68,59,75,82,58,77,77,81,83,86,80
Arthur,Arthur Henrique Ramos Oliveira Melo,8/12/1996,22,170.18,73,CM,Brazil,82,90,32500000,125000,Right,1,3,4,Normal,73100000,,,,,70,72,58,86,63,83,68,60,80,84,68,70,79,81,90,76,78,78,62,74,73,75,77,84,69,86,65,76,70
Rodri,Rodrigo Hernández Cascante,6/22/1996,22,190.5,82.1,"CM,CDM",Spain,82,87,29000000,59000,Right,1,3,4,Lean,61600000,Spain,85,SUB,16,63,64,75,84,59,77,65,54,80,82,70,66,69,80,72,70,69,82,75,76,63,81,75,83,46,83,71,79,74
M. Parolo,Marco Parolo,1/25/1985,34,182.88,74.8,"CDM,CM",Italy,82,82,9000000,59000,Right,2,4,3,Lean,15300000,,,,,70,70,75,80,76,75,67,55,83,79,68,69,67,82,71,87,77,88,77,86,80,80,82,78,45,78,78,80,82
M. Kruse,Max Kruse,3/19/1988,30,154.94,76.2,"CF,ST,CAM",Germany,82,82,21500000,45000,Left,2,4,4,Normal,36600000,,,,,81,83,63,84,80,82,80,69,80,85,69,67,74,85,76,81,65,71,72,79,63,41,85,84,91,86,57,38,34
J. Henderson,Jordan Brian Henderson,6/17/1990,28,182.88,79.8,"CDM,CM",England,82,82,18000000,125000,Right,2,3,3,Normal,33300000,England,82,RCM,8,81,67,65,84,72,73,80,74,84,80,67,66,68,80,70,77,79,91,72,71,77,80,75,83,64,78,77,79,76
N. Gaitán,Osvaldo Nicolás Fabián Gaitán,2/23/1988,31,172.72,66.2,CAM,Argentina,82,82,21000000,22000,Left,3,2,4,Lean,45200000,,,,,80,71,54,81,81,84,88,72,75,83,84,79,87,82,81,72,81,69,46,73,69,40,77,82,71,80,35,42,43
M. Arnautović,Marko Arnautović,4/19/1989,29,193.04,83,ST,Austria,82,82,22000000,120000,Right,3,4,4,Normal,41800000,Austria,77,LS,7,78,78,74,78,79,84,79,72,74,85,79,83,69,78,66,84,67,78,84,75,84,44,83,77,77,81,43,48,39
S. Giovinco,Sebastian Giovinco,1/26/1987,32,162.56,60.8,"CF,ST",Italy,82,82,20000000,61000,Right,2,4,4,Normal,34000000,Al Hilal,74,SUB,9,72,78,34,80,75,86,90,93,76,86,88,80,94,83,91,80,34,77,42,81,75,26,83,78,73,82,23,29,28
G. Sigurðsson,Gylfi Þór Sigurðsson,9/8/1989,29,185.42,77.1,CAM,Iceland,82,82,22500000,125000,Right,3,4,3,Normal,42800000,Iceland,72,CAM,10,86,77,60,85,75,80,87,86,80,85,58,55,68,78,63,83,68,86,68,86,57,55,79,86,79,85,57,57,55
Giuliano,Giuliano Victor de Paula,5/31/1990,28,172.72,68,"CAM,RW",Brazil,82,82,22500000,59000,Right,2,3,4,Stocky,38300000,,,,,77,77,59,82,65,82,67,71,80,84,85,77,85,81,85,78,61,82,74,76,72,42,81,80,79,82,49,43,38
P. Gulácsi,Péter Gulácsi,5/6/1990,28,193.04,86.2,GK,Hungary,82,83,18000000,53000,Right,2,2,1,Normal,32000000,Hungary,73,GK,1,16,10,23,29,10,19,18,11,25,25,42,44,41,75,50,23,67,35,68,12,34,23,11,36,24,45,25,16,20
Luiz Gustavo,Luiz Gustavo Dias,7/23/1987,31,187.96,78,"CDM,CB",Brazil,82,82,16500000,57000,Left,3,3,3,Lean,31400000,,,,,63,48,72,79,54,68,42,60,76,73,63,62,65,83,62,78,76,85,81,73,88,83,53,69,58,84,82,81,84
K. Trippier,Kieran Trippier,9/19/1990,28,152.4,72.1,"RB,RWB",England,82,82,18500000,99000,Right,2,4,3,Normal,34200000,England,82,SUB,12,91,48,73,79,54,75,87,83,78,81,76,75,74,80,74,75,73,88,65,70,70,79,75,80,66,73,77,82,79
A. Ramsey,Aaron Ramsey,12/26/1990,28,182.88,76.2,"CM,CDM,CAM",Wales,82,82,23000000,130000,Right,3,3,3,Lean,43700000,Wales,75,CAM,10,75,74,58,84,79,81,70,66,80,82,65,69,73,81,74,81,66,89,67,74,73,69,84,79,75,81,66,70,67
M. Balotelli,Mario  Barwuah Balotelli,8/12/1990,28,187.96,88,ST,Italy,82,82,23500000,68000,Right,4,4,4,Normal,44700000,,,,,68,83,67,78,78,81,78,78,66,85,75,80,71,68,50,89,74,66,86,79,70,30,78,74,92,81,10,22,20
Marlos,Marlos Romero Bonfim,6/7/1988,30,175.26,68.9,RM,Ukraine,82,82,21000000,1000,Left,2,4,5,Normal,44100000,,,,,76,79,53,81,68,87,82,72,73,88,85,82,92,77,84,77,68,78,62,78,58,51,77,82,80,84,45,49,42
Taison,Taison Barcellos Freda,1/13/1988,31,172.72,64,"LM,CAM",Brazil,82,82,21000000,1000,Right,2,3,4,Lean,44100000,,,,,73,76,56,77,82,87,52,73,75,85,93,91,90,79,83,83,62,79,62,83,56,49,74,79,72,82,38,53,40
G. Bonaventura,Giacomo Bonaventura,8/22/1989,29,154.94,74.8,"CM,LW",Italy,82,82,22000000,115000,Right,3,3,4,Lean,37400000,,,,,82,70,70,84,78,83,78,78,80,85,75,77,77,82,77,84,69,84,66,86,68,72,78,82,68,82,74,72,68
G. Kondogbia,Geoffrey Kondogbia,2/15/1993,26,187.96,79.8,"CM,CDM",Central African Rep.,81,84,22000000,43000,Left,2,2,4,Lean,47900000,,,,,65,69,75,81,62,78,62,56,79,83,69,76,76,83,67,86,81,78,91,80,82,79,77,79,45,82,78,82,82
J. Roussillon,Jérôme Roussillon,1/6/1993,26,175.26,79.8,"LB,LWB,LM",France,81,83,18000000,50000,Left,2,3,3,Stocky,32000000,,,,,81,64,71,77,57,79,75,56,70,79,87,85,77,76,78,75,73,84,77,65,75,77,71,71,51,75,75,84,79
S. Zaza,Simone Zaza,6/25/1991,27,185.42,83.9,ST,Italy,81,82,21000000,48000,Left,2,3,4,Normal,,,,,,52,80,79,71,81,77,71,56,45,79,77,79,76,78,69,85,89,76,88,72,87,40,83,66,79,72,54,42,50
S. Vrsaljko,Šime Vrsaljko,1/10/1992,27,154.94,76.2,RB,Croatia,81,81,15000000,57000,Right,2,3,3,Lean,,,,,,82,44,73,77,53,74,70,57,70,79,78,79,67,79,72,75,85,87,73,58,75,80,65,68,52,67,79,81,77
C. Kramer,Christoph Kramer,2/19/1991,28,190.5,76.2,"CDM,CM",Germany,81,82,17000000,35000,Right,2,3,3,Lean,30200000,,,,,61,46,58,80,58,71,54,51,72,81,52,52,66,85,54,54,51,93,69,42,78,81,70,73,47,78,80,80,76
B. Mendy,Benjamin Mendy,7/17/1994,24,185.42,84.8,LB,France,81,86,20000000,105000,Left,2,3,3,Normal,38500000,,,,,87,33,65,80,31,80,80,34,69,79,77,86,68,80,70,79,71,81,81,65,75,79,77,76,50,79,78,79,81
M. Sabitzer,Marcel Sabitzer,3/17/1994,24,152.4,77.1,"CAM,CM",Austria,81,84,22500000,54000,Right,2,4,3,Normal,39900000,Austria,77,LM,9,70,79,56,79,78,79,74,63,67,81,83,77,75,85,79,86,75,84,76,81,70,55,81,79,65,75,58,55,51
M. Nastasić,Matija Nastasić,3/28/1993,25,187.96,83,CB,Serbia,81,84,18500000,36000,Left,2,2,2,Normal,32800000,,,,,46,30,77,73,32,43,72,68,69,65,65,77,65,80,59,44,81,62,78,22,78,78,30,55,52,80,83,83,87
A. Plea,Alassane Plea,3/10/1993,25,154.94,78.9,"ST,LW",France,81,83,22000000,40000,Right,2,3,4,Stocky,39100000,,,,,78,82,73,76,81,78,78,74,68,79,78,77,79,81,78,83,75,82,77,81,63,39,83,78,65,76,29,40,30
M. Ginter,Matthias Ginter,1/19/1994,25,187.96,83,"CB,CDM",Germany,81,83,18500000,30000,Right,2,3,2,Normal,32800000,Germany,85,RWB,4,68,55,85,77,53,62,44,42,71,72,55,69,55,79,49,74,65,74,82,46,69,80,55,69,67,71,83,84,77
Gerard Moreno,Gerard Moreno Balagueró,4/7/1992,26,154.94,77.1,ST,Spain,81,83,22000000,45000,Left,1,4,4,Lean,47900000,,,,,61,78,80,75,79,78,69,56,56,80,76,79,70,81,69,80,73,77,74,77,55,40,83,58,75,72,43,41,41
A. Doucouré,Abdoulaye Doucouré,1/1/1993,26,182.88,76.2,"CDM,CM",France,81,85,19500000,60000,Right,2,3,3,Lean,38500000,,,,,68,73,66,82,68,78,41,42,74,80,63,70,60,77,69,84,72,93,81,75,78,82,73,77,54,74,79,83,75
R. Guerreiro,Raphaël Guerreiro,12/22/1993,25,170.18,71.2,"LM,LB,CM",Portugal,81,84,22500000,54000,Left,3,2,4,Normal,39900000,,,,,85,75,52,84,79,83,84,82,77,84,82,68,88,83,86,79,63,74,49,82,69,84,77,79,44,78,67,70,77
Ricardo Pereira,Ricardo Barbosa Pereira,10/6/1993,25,175.26,69.9,"RB,RM",Portugal,81,84,18500000,64000,Right,3,4,3,Lean,36500000,,,,,81,62,64,80,56,83,78,45,78,79,88,87,82,81,77,68,74,84,60,62,75,81,75,76,60,81,76,83,76
Samu Castillejo,Samuel Castillejo Azuaga,1/18/1995,24,182.88,67.1,"RM,LM,CM",Spain,81,85,23000000,86000,Left,2,2,4,Lean,40800000,,,,,80,76,43,80,58,84,78,75,76,82,85,86,83,82,78,78,63,55,50,72,48,50,80,80,59,71,45,43,25
J. Brandt,Julian Brandt,5/2/1996,22,185.42,83.9,"LM,RM,CAM",Germany,81,88,25000000,63000,Right,2,4,4,Lean,47500000,Germany,85,SUB,10,77,77,42,81,66,87,72,59,68,85,78,84,82,80,78,80,63,73,69,78,42,29,78,82,54,69,38,20,24
N. Pépé,Nicolas Pépé,5/29/1995,23,182.88,73,"RM,RW,ST",Ivory Coast,80,88,22000000,35000,Left,1,3,4,Lean,46200000,,,,,69,80,57,72,68,85,79,65,63,81,90,91,90,79,79,80,68,78,61,73,43,25,78,80,85,78,28,27,25
S. Bergwijn,Steven Bergwijn,10/8/1997,21,152.4,78,"LW,RW",Netherlands,80,86,20500000,18000,Right,1,2,4,Stocky,32800000,Netherlands,81,SUB,22,73,74,55,76,67,87,76,66,53,84,88,89,79,71,89,78,71,78,79,74,44,30,77,75,59,76,47,31,26
A. Onana,André Onana,4/2/1996,22,187.96,93,GK,Cameroon,80,85,14500000,14000,Right,2,3,1,Stocky,21400000,Cameroon,75,GK,1,15,12,20,33,13,26,30,17,26,38,64,62,68,78,53,21,80,39,67,17,29,15,11,62,27,57,12,18,14
F. Balbuena,Fabián Balbuena,8/23/1991,27,187.96,84.8,CB,Paraguay,80,83,15500000,80000,Right,1,3,2,Normal,30600000,,,,,33,31,82,71,24,47,30,34,56,56,56,65,42,77,42,71,73,76,84,34,82,80,27,45,48,74,82,82,76
André Silva,André Miguel Valente da Silva,11/6/1995,23,185.42,78.9,ST,Portugal,80,87,21000000,89000,Right,2,3,4,Normal,,Portugal,82,SUB,23,59,83,77,69,79,77,69,33,58,80,77,78,77,81,72,76,84,77,74,60,76,55,84,68,80,75,28,40,35
Oyarzabal,Mikel Oyarzabal Ugarte,4/21/1997,21,154.94,78,"LW,LM,RW",Spain,80,87,21000000,29000,Left,1,3,3,Lean,48300000,,,,,81,78,44,80,64,84,69,71,73,85,72,75,70,81,70,73,58,72,59,79,42,29,80,79,52,70,50,32,30
Everton Andrão,Everton Jorge Andrade Zanon,2/29/1984,35,152.4,74.8,"CDM,CM",Brazil,80,80,4500000,34000,Right,1,4,2,Stocky,8500000,Brazil,81,CDM,6,75,58,59,78,58,75,48,73,75,77,69,68,78,78,77,72,67,89,71,64,81,79,54,73,61,68,80,81,77
Welington Dano,Welington Kauê Dano Nascimento,2/29/1988,31,152.4,68.9,"LB,LM",Brazil,80,80,10500000,34000,Left,1,4,4,Lean,20000000,Brazil,81,LB,5,82,51,69,78,47,77,83,52,71,78,78,80,83,80,81,55,71,89,68,53,69,77,72,75,61,82,70,77,81
Richarlison,Richarlison de Andrade,5/10/1997,21,154.94,71.2,"ST,LW,LM",Brazil,80,86,21000000,84000,Right,1,5,4,Normal,44100000,,,,,69,79,75,75,64,84,71,65,59,80,83,86,78,78,74,80,80,78,77,64,82,35,79,72,69,78,46,44,36
Odriozola,Álvaro Odriozola Arzalluz,12/14/1995,23,175.26,66.2,RB,Spain,80,88,18500000,115000,Right,1,3,3,Lean,41600000,,,,,81,45,73,77,48,69,69,30,70,77,80,82,78,77,79,58,71,80,63,59,63,75,68,63,62,69,83,79,80
Carlos Soler,Carlos Soler Barragán,1/2/1997,22,154.94,76.2,"RM,CM",Spain,80,87,21000000,31000,Right,1,4,4,Lean,48300000,,,,,79,74,56,84,66,80,69,82,77,82,75,77,75,80,73,77,59,78,65,73,49,68,76,83,73,76,60,65,56
H. Aouar,Houssem Aouar,6/30/1998,20,175.26,69.9,"CM,LM",France,80,90,23500000,51000,Right,1,4,4,Lean,49400000,,,,,68,72,54,84,68,84,78,59,78,82,79,79,81,78,81,61,61,79,61,67,69,66,73,84,63,82,64,64,63
T. Ndombele,Tanguy NDombèlé Alvaro,12/28/1996,22,154.94,76.2,"CM,CDM",France,80,89,22500000,51000,Right,1,3,4,Normal,47300000,France,84,SUB,17,67,59,56,83,59,86,67,63,79,84,84,76,83,80,84,80,63,78,78,70,81,73,70,79,60,84,66,73,69
M. Gómez,Maximiliano Gómez,8/14/1996,22,185.42,83.9,ST,Uruguay,80,85,20500000,25000,Right,1,3,4,Normal,44600000,Uruguay,81,SUB,18,56,85,81,76,76,76,68,53,58,77,61,65,45,77,53,79,73,71,80,76,65,21,83,60,67,77,35,20,23
Joaquín,Joaquín Sánchez Rodríguez,7/21/1981,37,152.4,74.8,"LM,ST,RM",Spain,81,81,6000000,24000,Right,2,3,4,Normal,12600000,,,,,86,80,59,83,68,85,86,77,84,83,72,66,72,82,72,74,33,54,65,76,53,35,81,85,75,80,41,47,39
J. Mathieu,Jérémy Mathieu,10/29/1983,35,187.96,83.9,CB,France,81,81,5500000,18000,Left,3,2,2,Normal,11000000,,,,,79,52,80,73,61,65,82,79,77,62,68,74,52,74,43,80,65,78,89,74,72,82,58,58,72,76,86,84,82
J. Matip,Joël Andre Job Matip,8/8/1991,27,193.04,89.8,CB,Cameroon,80,82,15000000,99000,Right,2,2,2,Lean,28900000,,,,,54,36,82,77,50,65,63,22,74,69,55,69,55,78,47,66,66,73,77,48,75,83,51,72,42,75,80,84,78
S. Aurier,Serge Aurier,12/24/1992,26,175.26,76.2,"RB,RWB",Ivory Coast,80,83,15500000,82000,Right,2,3,3,Normal,29800000,Côte d'Ivoire,75,RB,17,83,54,75,78,47,76,69,30,72,79,79,78,73,81,76,71,94,77,74,58,86,79,72,71,64,75,75,81,82
J. Guilavogui,Josuha Guilavogui,9/19/1990,28,187.96,77.1,"CDM,CM",France,80,81,14000000,49000,Right,2,3,2,Lean,24900000,,,,,52,49,85,78,49,63,42,53,75,74,65,72,53,79,50,78,76,77,82,66,81,83,61,67,50,75,80,82,82
A. Oxlade-Chamberlain,Alex Oxlade-Chamberlain,8/15/1993,25,175.26,69.9,"CM,RM",England,80,85,19500000,94000,Right,2,4,4,Stocky,37500000,,,,,78,69,39,80,58,84,73,60,75,84,84,85,81,78,88,80,69,82,72,76,77,72,79,81,69,77,67,70,66
M. Ryan,Mathew Ryan,4/8/1992,26,182.88,82.1,GK,Australia,80,83,13000000,43000,Right,1,4,1,Normal,25700000,Australia,73,GK,1,23,11,14,40,15,13,23,12,45,24,53,52,53,73,50,35,78,34,68,18,36,23,10,68,25,64,10,20,17
V. Aboubakar,Vincent Paté Aboubakar,1/22/1992,27,182.88,82.1,ST,Cameroon,80,81,17500000,19000,Right,3,3,5,Normal,36300000,FC Porto,81,SUB,9,57,80,77,75,81,81,80,67,68,80,76,83,72,76,63,81,78,82,85,75,77,33,80,81,76,86,44,23,19
L. Muriel,Luis Fernando Muriel Fruto,4/16/1991,27,152.4,78.9,ST,Colombia,80,81,17500000,24000,Right,2,4,4,Stocky,,Colombia,79,SUB,13,62,78,65,75,75,85,77,60,55,83,86,89,85,79,80,80,62,74,77,65,50,16,81,73,74,75,26,24,22
D. Vida,Domagoj Vida,4/29/1989,29,182.88,76.2,"CB,RB",Croatia,80,80,11500000,55000,Right,3,3,2,Lean,21900000,,,,,65,41,79,66,36,53,44,35,60,66,70,80,64,75,63,54,79,76,77,22,83,81,43,50,51,78,85,79,83
Ibai Gómez,Ibai Gómez Pérez,11/11/1989,29,152.4,72.1,"RM,RW,LM",Spain,80,80,15000000,31000,Right,1,5,3,Normal,31500000,,,,,79,79,47,77,75,82,85,81,78,81,79,77,79,75,78,83,66,75,66,79,63,45,78,80,65,67,73,58,55
Cristian Tello,Cristian Tello Herrera,8/19/1991,27,152.4,64.9,"LM,RM",Spain,80,80,16000000,30000,Right,2,4,4,Lean,33600000,,,,,78,74,47,77,75,82,81,72,70,81,92,89,82,72,79,79,72,73,58,71,48,33,74,74,56,71,55,30,26
Ismaily,Ismaily Gonçalves dos S.,1/11/1990,29,152.4,82.1,LB,Brazil,80,80,11500000,1000,Left,1,2,4,Stocky,24200000,,,,,80,60,59,81,55,83,65,50,67,81,84,80,72,81,82,75,59,88,75,73,63,79,82,71,51,79,77,74,75
A. Mandi,Aïssa Mandi,10/22/1991,27,182.88,78,CB,Algeria,80,83,15500000,27000,Right,1,3,2,Lean,33700000,,,,,78,41,83,79,49,66,67,49,75,74,67,68,78,78,65,52,82,69,74,49,69,84,67,68,35,74,79,82,84
C. Tătăruşanu,Anton Ciprian Tătărușanu,2/9/1986,33,195.58,86.2,GK,Romania,80,80,8500000,25000,Right,2,3,1,Lean,16200000,Romania,72,GK,12,13,15,15,37,11,16,11,11,37,19,50,47,51,74,38,14,66,42,73,12,33,26,13,48,16,45,12,15,12
J. Murillo,Jeison Fabián Murillo Cerón,5/27/1992,26,182.88,78,CB,Colombia,80,84,16000000,38000,Right,2,2,2,Normal,,Colombia,79,LCB,22,56,37,76,68,54,58,38,26,62,64,75,76,77,73,72,68,89,72,80,13,88,81,45,54,46,73,77,80,82
E. Dier,Eric Dier,1/15/1994,25,187.96,89.8,"CDM,CB,CM",England,80,84,16500000,73000,Right,2,3,2,Normal,31800000,England,82,CDM,4,67,52,82,77,51,65,60,74,78,70,62,68,52,78,38,82,77,78,89,72,91,81,53,67,70,77,82,81,83
J. Butland,Jack Butland,3/10/1993,25,195.58,94.8,GK,England,80,85,14000000,39000,Right,2,3,1,Normal,27700000,England,82,SUB,13,11,16,12,40,12,21,12,14,30,36,58,55,55,73,50,29,76,40,79,13,40,27,16,40,42,62,23,13,11
S. Sorrentino,Stefano Sorrentino,3/28/1979,39,185.42,84.8,GK,Italy,80,80,1000000,10000,Right,2,3,1,Normal,1800000,,,,,11,10,10,36,18,14,14,11,34,20,34,40,52,67,48,21,74,28,74,13,22,25,10,34,20,66,25,10,13
W. Rooney,Wayne Mark Rooney,10/24/1985,33,175.26,83,ST,England,80,80,12000000,13000,Right,4,4,3,Stocky,18000000,,,,,73,80,75,81,83,74,84,83,82,80,65,65,66,82,77,85,74,74,78,80,81,56,80,82,81,86,57,55,40
Moyá,Miguel Ángel Moyá Rumbo,4/2/1984,34,187.96,83,GK,Spain,80,80,6000000,26000,Right,2,2,1,Normal,12600000,,,,,11,11,12,31,13,13,16,12,35,24,46,34,54,74,49,21,62,30,57,16,22,11,10,68,11,60,15,14,14
L. López,Lisandro López,3/2/1983,36,175.26,72.1,ST,Argentina,80,80,7000000,23000,Right,2,4,4,Normal,9800000,,,,,66,85,79,72,74,78,78,73,70,80,77,83,84,77,80,77,84,77,75,75,61,52,82,72,82,84,35,58,34
J. Mascherano,Javier Alejandro Mascherano,6/8/1984,34,175.26,73,"CDM,CB",Argentina,80,80,4500000,20000,Right,4,3,2,Normal,9700000,,,,,63,42,66,79,51,58,63,50,75,80,69,62,72,79,78,76,80,76,72,55,88,85,51,68,60,81,78,81,82
Raffael,Raffael Caetano de Araújo,3/28/1985,33,175.26,68.9,"CF,ST",Brazil,80,80,9500000,39000,Right,2,4,4,Lean,16200000,,,,,78,78,63,83,83,87,79,77,76,85,69,61,83,81,83,77,70,62,62,74,66,45,82,81,72,79,43,42,31
Diego López,Diego López Rodríguez,11/3/1981,37,195.58,88.9,GK,Spain,80,80,2000000,17000,Right,3,3,1,Lean,4200000,,,,,11,12,10,28,14,11,10,11,23,23,34,52,48,78,47,22,68,42,66,11,36,16,11,53,21,62,16,13,14
Juanfran,Juan Francisco Torres Belén,1/9/1985,34,154.94,71.2,RB,Spain,80,80,5500000,53000,Right,3,3,3,Lean,11300000,,,,,81,54,59,77,49,75,80,59,66,78,74,83,74,82,63,68,68,80,74,53,78,76,68,72,66,74,75,81,80
I. Denisov,Igor Denisov,5/17/1984,34,175.26,69.9,CDM,Russia,80,80,4500000,1000,Right,2,3,3,Normal,9400000,,,,,66,61,63,82,60,73,62,54,74,78,67,65,77,76,76,71,70,85,64,63,88,80,64,74,62,77,81,81,73
I. Akinfeev,Igor Akinfeev,4/8/1986,32,185.42,78,GK,Russia,80,80,8500000,1000,Right,3,3,1,Normal,18700000,Russia,77,GK,1,19,13,18,23,10,15,19,13,22,22,51,50,53,71,45,24,62,35,72,13,24,17,11,59,10,67,18,13,13
A. Gignac,André-Pierre Gignac,12/5/1985,33,187.96,91.2,ST,France,80,80,12000000,70000,Right,3,3,3,Stocky,19200000,,,,,72,83,78,71,78,73,77,70,68,72,71,68,66,78,59,84,72,71,90,79,80,51,81,72,78,80,33,41,23
A. Granqvist,Andreas Granqvist,4/16/1985,33,193.04,83.9,CB,Sweden,80,80,,,Right,2,4,2,Normal,,,,,,49,51,81,73,37,49,36,40,67,63,46,49,55,76,36,74,64,67,83,59,81,82,54,49,79,78,82,83,79
Manuel Fernandes,Manuel Henrique Tavares Fernandes,2/5/1986,33,175.26,74.8,"LM,CAM",Portugal,80,80,11500000,1000,Right,2,4,4,Normal,24200000,,,,,77,70,62,80,69,86,79,70,72,83,83,76,82,76,76,81,74,72,71,82,68,68,75,77,73,77,62,69,68
Dante,Dante Bonfim da Costa Santos,10/18/1983,35,187.96,84.8,CB,Brazil,80,80,4500000,37000,Left,3,4,2,Normal,8500000,,,,,58,47,80,74,44,57,51,55,76,74,38,41,52,76,64,64,65,62,81,53,74,79,41,62,57,78,80,82,80
L. Perrin,Loïc Perrin,8/7/1985,33,154.94,79.8,CB,France,80,80,8500000,37000,Right,2,3,2,Normal,16200000,,,,,65,55,81,74,44,62,59,51,77,73,59,60,63,76,72,65,81,71,78,61,77,83,58,63,68,80,77,84,82
Borja Valero,Borja Valero Iglesias,1/12/1985,34,175.26,73,"CAM,CDM",Spain,80,80,9000000,69000,Right,3,4,4,Normal,15300000,,,,,78,67,60,89,70,82,78,76,85,86,55,52,72,81,78,72,67,69,66,70,52,70,69,86,72,83,65,66,62
A. Januzaj,Adnan Januzaj,2/5/1995,24,185.42,76.2,"RW,RM",Belgium,79,85,17500000,32000,Left,1,4,4,Lean,40300000,Belgium,85,SUB,23,82,71,42,79,67,85,80,65,74,82,84,76,85,76,71,74,61,68,59,71,41,36,76,80,60,74,30,22,22
J. Hector,Jonas Hector,5/27/1990,28,185.42,74.8,"LB,CDM",Germany,79,79,10000000,26000,Left,3,3,3,Normal,15000000,Germany,85,LWB,3,79,55,71,78,51,74,65,65,74,77,75,77,67,80,67,69,66,82,76,61,71,81,62,72,65,78,76,79,79
M. Dabbur,Moanes Dabour,5/14/1992,26,182.88,76.2,ST,Israel,79,81,15500000,47000,Right,2,4,4,Normal,24400000,,,,,50,82,75,73,73,76,74,66,63,77,74,76,77,78,71,76,89,81,78,66,39,19,82,64,74,69,22,37,27
Óliver Torres,Óliver Torres Muñoz,11/10/1994,24,175.26,63,CM,Spain,79,84,16500000,15000,Right,3,4,3,Normal,34200000,,,,,73,66,52,82,63,84,77,64,78,83,72,65,78,78,78,65,62,78,38,69,58,67,76,80,64,82,66,66,62
Y. Bounou,Yassine Bounou,4/5/1991,27,193.04,78,GK,Morocco,79,82,10500000,26000,Left,1,3,1,Lean,22800000,,,,,15,14,14,39,13,20,12,19,44,12,37,34,38,78,29,25,48,43,69,19,25,12,10,60,24,57,20,18,15
J. Hofmann,Jonas Hofmann,7/14/1992,26,175.26,69.9,"CAM,RM,LM",Germany,79,80,15000000,32000,Right,2,4,3,Lean,26600000,,,,,81,69,40,79,62,80,69,71,72,79,78,76,78,79,77,68,61,82,60,68,43,57,78,77,68,71,49,44,40
Otávio,Otávio Edmilson da Silva Monteiro,2/9/1995,24,172.72,71.2,"RM,CAM,CM",Brazil,79,85,17500000,15000,Right,1,3,4,Normal,38500000,,,,,78,67,56,77,63,84,74,72,74,83,76,74,86,80,82,67,57,68,54,68,73,46,76,79,72,80,52,41,27
Jonny,Jonathan Castro Otto,3/3/1994,25,170.18,69.9,LWB,Spain,79,83,13500000,59000,Right,2,3,4,Normal,26700000,,,,,78,43,70,74,44,74,62,54,59,77,77,78,72,72,78,68,75,83,64,45,82,80,65,66,46,73,77,80,82
L. Dendoncker,Leander Dendoncker,4/15/1995,23,187.96,88,"CDM,CB,CM",Belgium,79,85,14500000,20000,Right,2,4,2,Normal,,Belgium,85,SUB,20,75,66,78,79,71,69,72,71,78,74,61,68,59,73,58,86,67,89,87,76,74,78,71,76,44,75,76,78,76
R. Zobnin,Roman Zobnin,2/11/1994,25,182.88,74.8,"CDM,CM,LM",Russia,79,86,15000000,1000,Right,1,3,4,Lean,34500000,Russia,77,LDM,8,69,65,70,81,55,82,65,65,79,82,74,78,70,79,65,65,63,90,63,67,70,75,64,72,57,77,81,79,76
Ricardo Horta,Ricardo Jorge da Luz Horta,9/15/1994,24,172.72,63,LM,Portugal,79,84,17000000,16000,Right,1,3,3,Lean,35300000,,,,,77,74,51,76,82,80,78,70,69,81,78,75,85,81,85,78,62,80,45,71,64,55,81,76,71,69,32,44,35
Thiago Mendes,Thiago Henrique Mendes Ribeiro,3/15/1992,26,152.4,79.8,"CDM,CM,RM",Brazil,79,83,13500000,35000,Right,1,3,4,Normal,26700000,,,,,67,63,59,82,60,78,67,77,81,81,74,82,78,78,74,81,68,84,66,79,80,76,70,80,60,79,73,77,76
J. Lerma,Jefferson Andrés Lerma Solís,10/25/1994,24,152.4,69.9,"CDM,CM",Colombia,79,83,14000000,55000,Right,1,4,3,Lean,27700000,Colombia,79,SUB,2,66,56,65,77,56,69,66,65,76,77,74,76,75,72,76,82,84,90,76,75,83,80,58,68,58,63,78,81,81
J. Gbamin,Jean-Philippe Gbamin,9/25/1995,23,185.42,83,"CDM,CM,CB",Ivory Coast,79,84,14500000,26000,Right,1,3,3,Normal,25700000,,,,,69,40,71,78,45,75,62,60,74,77,76,85,68,76,66,82,77,83,83,71,85,79,65,72,40,72,79,80,71
I. Marcone,Iván Marcone,6/3/1990,28,182.88,83,CDM,Argentina,79,80,11500000,27000,Right,1,3,3,Normal,17000000,,,,,58,48,73,80,49,69,59,60,83,73,54,34,60,79,60,73,35,86,85,66,84,76,56,69,59,76,74,80,71
D. Benedetto,Darío Benedetto,5/17/1990,28,152.4,79.8,ST,Argentina,79,79,13000000,32000,Right,2,5,3,Normal,18200000,,,,,55,86,75,67,71,71,67,60,65,75,78,83,77,74,73,82,86,77,76,80,66,28,82,69,72,78,45,25,25
M. Hitz,Marwin Hitz,9/18/1987,31,193.04,88.9,GK,Switzerland,79,79,8000000,41000,Right,2,3,1,Normal,13600000,,,,,12,27,18,29,26,13,15,17,25,17,41,46,41,72,31,38,67,38,78,12,25,23,8,15,22,42,13,15,14
N. Clyne,Nathaniel Edwin Clyne,4/5/1991,27,175.26,67.1,RB,England,79,80,11500000,94000,Right,2,2,3,Normal,,,,,,78,54,68,75,45,76,64,39,66,78,77,78,79,75,75,74,69,76,67,69,76,79,72,64,46,75,78,81,82
A. Ljajić,Adem Ljajić,9/29/1991,27,182.88,73.9,"CAM,LW",Serbia,79,80,15000000,49000,Right,2,4,4,Lean,,,,,,72,69,48,78,74,85,80,83,70,86,81,76,81,74,79,78,63,68,58,78,44,32,73,77,75,75,39,35,35
J. Guðmundsson,Johann  Berg Guðmunds­son,10/27/1990,28,152.4,77.1,"RM,LM",Iceland,79,79,13000000,61000,Left,1,4,4,Normal,24700000,Iceland,72,RM,7,82,70,64,78,72,79,79,77,75,78,79,77,76,77,76,82,78,82,70,74,66,62,74,79,70,78,60,63,55
Elkeson,Elkeson de Oliveira Cardoso,7/13/1989,29,154.94,77.1,"ST,CAM",Brazil,79,79,13000000,25000,Right,2,4,4,Stocky,28600000,,,,,67,75,79,75,76,76,76,80,66,77,86,76,77,75,74,86,76,79,77,72,68,56,77,78,85,76,30,57,35
Kike García,Enrique García Martínez,11/25/1989,29,185.42,78.9,ST,Spain,79,79,13000000,32000,Right,1,4,3,Normal,27300000,,,,,56,78,80,72,81,75,42,46,49,80,65,66,65,77,54,82,74,71,79,75,71,37,82,65,70,80,35,34,21
Escudero,Sergio Escudero Palomo,9/2/1989,29,175.26,72.1,"LB,LM",Spain,79,79,10000000,20000,Left,1,2,3,Lean,21000000,,,,,81,56,68,77,51,68,69,69,77,75,72,77,74,78,77,81,74,83,69,63,75,81,67,63,66,69,80,76,80
Herrerín,Iago Herrerín Buisán,1/25/1988,31,187.96,94.8,GK,Spain,79,79,8000000,21000,Right,1,3,1,Normal,16800000,,,,,14,13,14,16,15,19,15,12,29,12,48,39,49,73,55,22,67,42,80,16,37,23,16,40,25,58,16,16,12
Víctor Ruiz,Víctor Ruíz Torre,1/25/1989,30,185.42,78,CB,Spain,79,79,10000000,35000,Left,2,2,2,Normal,21000000,,,,,54,37,77,71,39,53,67,46,70,69,55,59,56,75,58,59,78,72,80,38,81,79,39,56,46,72,80,80,82
G. Medel,Gary Alexis Medel Soto,8/3/1987,31,170.18,64.9,"CDM,CB",Chile,79,79,9500000,50000,Right,3,4,3,Stocky,18100000,Chile,77,RCB,17,50,31,68,79,58,63,35,45,73,71,72,70,78,80,92,65,82,84,83,59,89,81,58,68,58,78,75,83,76
Y. Belhanda,Younès Belhanda,2/25/1990,29,152.4,74.8,"CAM,LW",Morocco,79,79,12500000,65000,Right,2,4,4,Normal,23800000,,,,,79,74,67,78,69,84,78,78,76,83,75,72,85,79,78,78,77,84,63,79,75,66,70,78,80,72,50,54,55
Hugo Mallo,Hugo Mallo Novegil,6/22/1991,27,175.26,72.1,RB,Spain,79,79,10500000,26000,Right,2,3,3,Normal,22100000,,,,,83,28,65,71,28,69,78,38,68,80,71,71,77,80,66,74,82,91,69,39,76,81,46,64,23,70,69,81,82
Borja García,Borja García Freire,11/2/1990,28,175.26,72.1,"LM,CM",Spain,79,79,13000000,35000,Right,1,3,3,Normal,27300000,,,,,70,77,53,82,59,80,67,54,80,81,81,77,75,72,77,67,72,67,67,78,52,66,77,79,62,61,45,72,59
W. Khazri,Wahbi Khazri,2/8/1991,28,175.26,82.1,"ST,CF,CAM,LM",Tunisia,79,79,13500000,41000,Right,1,4,4,Stocky,25700000,,,,,79,79,54,77,69,79,80,79,69,81,75,77,80,79,67,85,44,69,68,83,75,61,81,79,75,80,30,49,30
P. Jones,Phil Jones,2/21/1992,27,185.42,71.2,CB,England,79,80,12000000,110000,Right,2,3,2,Normal,23700000,,,,,60,44,78,73,49,59,38,35,67,64,54,59,52,77,59,68,82,64,79,59,86,80,42,54,55,65,76,80,81
A. Finnbogason,Alfreð Finnbogason,2/1/1989,30,182.88,79.8,ST,Iceland,79,79,12500000,35000,Right,2,4,3,Normal,22500000,Iceland,72,ST,11,37,84,67,71,79,75,56,51,67,75,67,68,67,82,70,78,66,72,78,77,64,20,86,72,89,83,30,32,34
Vinícius Júnior,Vinícius José de Oliveira Júnior,7/12/2000,18,175.26,73,"LW,RW",Brazil,78,92,20500000,70000,Right,1,4,5,Lean,54800000,,,,,71,70,50,73,71,82,77,62,66,81,92,94,93,70,84,74,74,79,64,68,48,26,76,71,65,77,32,25,18
Junior Firpo,Héctor Junior Firpo Adamés,8/22/1996,22,182.88,74.8,"LWB,LB,CB,LM",Spain,78,85,12500000,17000,Left,1,3,3,Normal,28800000,,,,,77,66,74,76,55,72,65,43,70,77,83,82,65,71,62,68,64,79,75,61,55,75,76,61,38,65,70,78,79
E. Belözoğlu,Emre Belözoğlu,9/7/1980,38,170.18,72.1,"CM,CDM",Turkey,79,79,4000000,23000,Left,2,4,4,Stocky,7600000,,,,,80,68,43,85,69,78,83,80,86,81,54,38,68,72,81,77,72,58,64,76,87,66,63,85,85,80,65,67,60
Fernando Torres,Fernando José Torres Sanz,3/20/1984,34,185.42,78.9,ST,Spain,79,79,6500000,9000,Right,3,4,3,Normal,8100000,,,,,68,76,77,77,80,80,80,63,51,78,71,77,70,73,51,83,75,60,74,72,62,20,80,76,74,69,39,22,18
B. Schweinsteiger,Bastian Schweinsteiger,8/1/1984,34,182.88,78.9,"CDM,CB,CM",Germany,79,79,5000000,10000,Right,4,3,3,Normal,7500000,,,,,76,69,75,82,79,71,82,74,83,78,36,37,61,81,63,81,71,67,75,77,74,73,73,81,77,87,76,72,73
B. Yılmaz,Burak Yılmaz,7/15/1985,33,187.96,77.1,ST,Turkey,79,79,10000000,59000,Right,2,3,3,Lean,19000000,,,,,68,82,72,66,77,69,60,70,60,69,81,79,72,81,48,85,66,69,79,74,85,33,85,64,79,71,29,29,26
M. Gómez,Mario Gómez García,7/10/1985,33,187.96,88.9,ST,Germany,79,79,10000000,44000,Right,3,4,3,Normal,17000000,,,,,60,80,82,68,75,71,68,36,50,71,63,66,62,80,50,84,76,60,86,71,73,20,83,62,69,82,40,31,20
A. Young,Ashley Young,7/9/1985,33,175.26,64.9,"RB,LB",England,79,79,7000000,110000,Right,2,3,4,Lean,13300000,England,82,SUB,18,83,64,57,78,71,77,86,75,69,78,77,74,76,79,76,75,55,75,67,65,83,77,68,74,60,74,76,78,75
R. Babel,Ryan Guno Babel,12/19/1986,32,185.42,84.8,LW,Netherlands,79,79,11000000,70000,Right,3,3,4,Normal,20900000,Netherlands,81,LM,11,72,77,71,71,67,82,77,50,66,80,83,82,77,71,73,85,82,77,78,82,58,34,77,74,70,75,39,28,21
B. Costil,Benoît Costil,7/3/1987,31,187.96,88,GK,France,79,79,8000000,35000,Right,2,3,1,Normal,16000000,,,,,11,14,15,35,12,13,12,11,33,12,49,53,38,75,45,22,49,28,65,15,22,22,12,44,15,58,16,11,14
S. Kalou,Salomon Armand Magloire Kalou,8/5/1985,33,182.88,77.1,"LM,ST,RM",Ivory Coast,79,79,10000000,34000,Right,3,3,4,Lean,17000000,,,,,67,82,77,79,78,87,78,62,68,86,67,65,76,82,76,76,76,64,67,67,35,32,83,78,85,81,50,38,27
E. Lavezzi,Ezequiel Iván Lavezzi,5/3/1985,33,172.72,74.8,"ST,CAM",Argentina,79,79,8000000,22000,Right,3,4,4,Stocky,17200000,,,,,77,80,57,80,77,82,83,79,65,83,85,83,87,81,85,79,82,68,71,78,73,31,82,83,69,78,40,40,37
H. Ben Arfa,Hatem Ben Arfa,3/7/1987,32,152.4,73.9,"CAM,ST",France,79,79,11000000,38000,Left,3,4,5,Lean,20900000,,,,,70,70,46,78,72,88,76,73,74,80,77,69,82,70,79,78,74,60,65,75,61,36,72,78,84,82,31,27,21
B. Foster,Ben Foster,4/3/1983,35,193.04,89.8,GK,England,79,79,3000000,29000,Left,2,3,1,Normal,5700000,,,,,15,18,14,36,14,14,15,17,32,25,50,48,45,72,50,27,75,32,57,14,15,23,14,42,41,63,22,15,14
T. Heaton,Tom Heaton,4/15/1986,32,187.96,92.1,GK,England,79,79,7000000,45000,Right,2,3,1,Normal,13300000,,,,,17,12,16,32,12,17,15,13,37,28,56,55,54,73,52,14,73,40,66,12,31,24,12,46,24,62,16,15,13
Charles,Charles Dias De Oliveira,4/4/1984,34,152.4,74.8,ST,Brazil,79,79,6500000,31000,Right,1,3,4,Normal,13700000,,,,,51,81,79,69,84,78,78,53,52,81,64,63,86,80,69,83,91,63,71,78,66,18,83,56,70,78,35,35,27
G. Cahill,Gary Cahill,12/19/1985,33,193.04,88,CB,England,79,79,7000000,94000,Right,3,3,2,Normal,13000000,,,,,28,56,84,63,47,56,48,27,60,60,38,46,49,76,47,63,80,61,81,64,84,77,45,56,53,73,79,82,79
A. Iwobi,Alex Iwobi,5/3/1996,22,185.42,74.8,"LM,RM,LW",Nigeria,78,84,14000000,81000,Right,1,3,4,Normal,29400000,,,,,69,64,42,81,51,84,63,40,63,84,80,80,78,75,75,70,47,74,72,54,54,24,75,81,59,72,30,26,23
R. Loftus-Cheek,Ruben Loftus-Cheek,1/23/1996,23,190.5,88,"CM,LM",England,78,85,14500000,81000,Right,1,3,4,Normal,29700000,,,,,62,65,58,83,54,82,58,57,81,81,68,74,76,67,70,65,59,75,80,62,79,57,79,79,45,80,59,67,61
A. Selikhov,Alexandr Selikhov,4/7/1994,24,187.96,84.8,GK,Russia,78,82,9500000,1000,Right,1,4,1,Normal,20700000,,,,,16,14,17,33,15,19,14,15,35,25,33,48,35,65,50,25,70,24,65,19,21,25,15,58,19,58,15,18,18
J. Mojica,Johan Andrés Mojica Palacio,8/21/1992,26,185.42,73,"LWB,LM,LB",Colombia,78,81,10500000,28000,Left,1,2,3,Lean,22800000,,,,,79,62,55,78,43,78,74,68,70,79,89,90,74,70,61,80,73,70,70,61,75,72,69,65,67,69,67,78,79
W. Barrios,Wílmar Enrique Barrios Terán,10/16/1993,25,152.4,71.2,"CDM,CM",Colombia,78,83,,,Right,1,3,3,Lean,,,,,,59,30,59,78,22,66,31,31,65,69,76,71,75,77,73,53,78,93,77,39,84,80,60,65,32,76,85,81,73
C. Izquierdoz,Carlos Roberto Izquierdoz,11/3/1988,30,185.42,88.9,CB,Argentina,78,78,8000000,25000,Right,1,2,2,Normal,11200000,,,,,44,45,82,66,50,36,32,26,57,62,52,50,36,76,52,55,85,84,80,54,74,80,35,33,51,58,78,79,78
W. Benítez,Walter Benítez,1/19/1993,26,190.5,91.2,GK,Argentina,78,82,9500000,24000,Right,1,2,1,Normal,18800000,,,,,12,14,13,26,13,15,19,17,27,14,48,48,43,67,40,25,57,42,80,14,28,21,18,46,25,62,17,20,17
N. Maksimović,Nikola Maksimović,11/25/1991,27,193.04,87.1,CB,Serbia,78,81,11000000,54000,Right,2,3,2,Lean,19500000,,,,,45,22,79,59,28,49,29,23,59,61,62,68,49,71,58,39,67,67,86,29,78,80,29,31,26,70,79,80,79
A. Mitrović,Aleksandar Mitrović,9/16/1994,24,187.96,82.1,ST,Serbia,78,83,14000000,55000,Right,1,4,3,Stocky,27700000,,,,,29,78,85,70,76,66,39,52,43,75,60,66,67,77,66,82,82,64,90,70,89,14,82,68,70,76,25,24,13
M. Sportiello,Marco Sportiello,5/10/1992,26,193.04,87.1,GK,Italy,78,80,8500000,22000,Right,2,2,1,Lean,,,,,,13,18,18,32,12,19,14,21,19,22,48,38,55,74,58,19,68,37,66,17,23,29,18,44,21,59,26,17,13
Capa,Ander Capa Rodríguez,5/14/1992,26,175.26,74.8,RB,Spain,78,81,10500000,23000,Right,1,4,3,Stocky,22800000,,,,,77,56,61,73,52,76,55,58,56,76,82,86,75,73,86,81,77,92,80,62,86,73,76,72,54,69,68,78,80
Marcelo Goiano,Marcelo Augusto Ferreira Teixeira,10/13/1987,31,175.26,68.9,"RB,LB",Brazil,78,78,7500000,15000,Right,1,4,3,Lean,15000000,,,,,78,34,67,75,40,77,68,34,61,76,77,75,77,77,74,71,72,87,64,65,79,77,69,52,41,73,76,79,77
Y. Tielemans,Youri Tielemans,5/7/1997,21,175.26,72.1,"CM,CDM",Belgium,78,87,16000000,47000,Right,2,5,4,Normal,,Belgium,85,SUB,17,76,73,57,78,78,76,84,74,78,81,52,53,67,75,76,88,65,73,69,86,70,71,74,81,76,81,66,72,69
S. Lobotka,Stanislav Lobotka,11/25/1994,24,170.18,64,"CM,CDM",Slovakia,78,84,14000000,22000,Right,1,4,4,Normal,32200000,,,,,68,59,45,84,43,77,68,55,76,82,70,66,78,74,84,62,82,86,59,65,57,74,67,76,56,74,69,74,68
M. Philipp,Maximilian Philipp,3/1/1994,25,182.88,78.9,"ST,CF,LM,CAM",Germany,78,83,14000000,48000,Right,2,4,4,Lean,24900000,,,,,66,80,54,78,80,84,68,65,62,82,83,79,83,79,75,82,59,68,68,79,55,39,78,74,73,67,39,48,39
L. Dubois,Léo Dubois,9/14/1994,24,152.4,73,"RB,RWB",France,78,82,11000000,47000,Right,1,4,3,Lean,21700000,,,,,77,51,55,79,76,76,68,56,77,78,74,76,69,76,72,72,69,77,71,69,66,76,69,66,46,78,79,80,82
L. Dunk,Lewis Dunk,11/21/1991,27,193.04,88,CB,England,78,81,11000000,46000,Right,1,3,2,Normal,21700000,,,,,32,37,76,71,24,60,23,39,74,68,38,50,47,79,42,72,72,64,82,21,80,78,30,45,36,72,80,76,78
C. Schindler,Christopher Schindler,4/29/1990,28,187.96,77.1,CB,Germany,78,80,10000000,48000,Right,1,3,2,Normal,19800000,,,,,49,25,74,68,30,42,45,33,64,68,60,65,56,77,57,52,74,68,78,24,76,81,27,51,55,73,81,81,78
Y. Konoplyanka,Yevhen Konoplyanka,9/29/1989,29,152.4,78,"LM,LW,ST",Ukraine,78,78,10500000,35000,Right,2,3,4,Normal,17900000,,,,,72,74,43,77,67,82,83,80,71,81,89,79,83,77,78,76,62,68,63,77,52,37,76,73,75,74,25,30,27
Pedro Mendes,Pedro Filipe Teodósio Mendes,10/1/1990,28,185.42,78,CB,Portugal,78,80,10000000,26000,Right,1,3,2,Normal,19800000,,,,,25,25,73,66,22,62,48,52,64,63,66,64,55,71,53,67,74,75,79,34,82,80,25,32,35,70,80,82,78
R. Saponara,Riccardo Saponara,12/21/1991,27,182.88,73,CAM,Italy,78,78,11000000,56000,Right,2,4,4,Normal,,,,,,74,64,58,80,64,83,80,70,74,85,69,75,72,68,71,72,64,68,69,66,52,30,78,80,68,76,61,34,30
L. Kurzawa,Layvin Kurzawa,9/4/1992,26,182.88,76.2,"LB,LWB",France,78,81,10500000,61000,Left,2,3,4,Lean,20200000,,,,,79,73,75,80,61,76,73,53,72,80,79,74,75,80,72,69,82,77,72,67,75,74,76,75,54,76,71,77,79
M. Hinteregger,Martin Hinteregger,9/7/1992,26,182.88,83,CB,Austria,78,80,10500000,24000,Left,2,3,2,Stocky,,Austria,77,LCB,4,53,48,77,63,49,55,58,63,81,62,63,73,62,69,62,83,85,72,83,71,82,76,61,65,64,65,77,81,80
D. da Costa,Danny  Vieira da Costa,7/13/1993,25,187.96,88,"RWB,RB,RM",Germany,78,80,10500000,29000,Right,1,3,3,Normal,18600000,,,,,79,39,70,75,52,73,64,49,70,74,77,84,68,76,61,65,81,87,80,55,72,74,67,64,40,65,76,78,74
Fernando,Fernando Lucas Martins,3/3/1992,27,175.26,79.8,"CDM,CM",Brazil,78,80,10500000,1000,Right,1,3,3,Stocky,22800000,,,,,60,63,62,81,45,70,82,84,82,76,70,76,74,73,81,76,80,80,69,76,80,80,47,75,61,70,69,78,77
W. Boly,Willy Boly,2/3/1991,28,195.58,97.1,CB,France,78,80,10000000,62000,Right,1,4,2,Normal,19800000,,,,,50,32,77,71,23,53,43,35,60,62,57,69,55,71,46,52,62,58,93,21,79,76,43,52,56,79,72,79,78
A. Schwolow,Alexander Schwolow,6/2/1992,26,187.96,83.9,GK,Germany,78,79,8500000,20000,Right,1,3,1,Normal,15900000,,,,,9,12,12,26,11,15,13,16,23,22,36,38,40,76,42,21,72,31,67,15,26,13,10,34,22,32,16,17,9
G. Defrel,Gregoire Defrel,6/17/1991,27,152.4,77.1,"ST,RW",France,78,78,11000000,64000,Left,2,3,4,Lean,,,,,,70,79,68,67,75,83,67,69,60,82,88,87,82,75,72,79,42,59,58,78,53,37,81,75,69,75,50,15,18
Álvaro,Álvaro González Soberón,1/8/1990,29,182.88,74.8,CB,Spain,78,79,9500000,32000,Right,1,3,2,Lean,20700000,,,,,51,22,73,69,31,48,47,45,57,67,72,73,68,76,72,48,92,78,74,26,89,79,45,39,36,67,76,78,81
L. Bittencourt,Leonardo Bittencourt,12/19/1993,25,170.18,62.1,"CAM,CM,LM",Germany,78,81,13000000,32000,Right,2,4,4,Lean,23100000,,,,,73,65,45,79,66,84,77,70,72,80,90,79,92,76,90,70,72,78,48,62,72,52,70,75,61,72,56,55,55
A. Carrillo,André Martín Carrillo Díaz,6/14/1991,27,154.94,78,"RM,RW",Peru,78,78,11000000,14000,Right,2,4,4,Normal,,Al Hilal,74,RM,19,78,73,70,73,74,85,78,55,61,82,86,86,80,74,76,76,73,67,72,75,53,34,74,73,68,73,19,32,25
M. Elyounoussi,Mohamed Elyounoussi,8/4/1994,24,152.4,69.9,"LM,CAM,RM",Norway,78,83,14000000,44000,Right,1,4,4,Normal,27700000,Norway,75,SUB,13,77,71,64,80,74,77,73,64,75,78,84,78,79,72,78,76,81,80,62,70,49,36,71,73,64,72,40,31,44
O. Karnezis,Orestis Karnezis,7/11/1985,33,190.5,81.2,GK,Greece,78,78,6000000,44000,Right,2,3,1,Normal,10200000,,,,,19,16,24,22,14,15,11,11,36,23,44,34,45,75,49,22,64,33,66,18,18,23,10,47,21,60,20,15,24
De Marcos,Óscar de Marcos Arana,4/14/1989,29,182.88,79.8,"RB,RW",Spain,78,78,8000000,25000,Right,2,3,4,Lean,16800000,,,,,80,59,59,75,57,75,77,53,69,75,81,87,76,80,74,73,78,93,73,56,77,76,78,66,55,75,69,74,74
R. Cabella,Rémy Cabella,3/8/1990,29,170.18,71.2,CAM,France,78,78,10500000,36000,Right,2,4,4,Lean,20000000,,,,,73,70,58,79,70,82,75,78,74,80,83,77,91,72,80,73,41,73,50,73,47,56,69,74,72,72,31,34,32
J. Hart,Joe Hart,4/19/1987,31,195.58,91.2,GK,England,78,78,6500000,41000,Right,3,3,1,Normal,12400000,,,,,14,14,10,34,19,23,17,13,35,20,56,60,50,72,32,40,69,28,61,19,36,25,14,42,30,58,16,14,13
Jurado,José Manuel Jurado Marín,6/29/1986,32,175.26,72.1,"RM,CAM,LM",Spain,78,78,8000000,41000,Right,2,4,3,Normal,13600000,,,,,79,77,47,80,69,80,80,78,78,79,71,67,80,79,70,76,65,60,57,75,46,40,78,79,66,68,30,26,27
E. Hernández,Elías Hernán Hernández Jacuinde,4/29/1988,30,170.18,64.9,RM,Mexico,78,78,10000000,29000,Right,1,3,4,Lean,17000000,,,,,80,75,49,79,72,80,75,67,75,83,74,77,80,70,81,73,70,77,58,74,39,42,70,80,70,80,50,45,52
D. Ginczek,Daniel Ginczek,4/13/1991,27,190.5,84.8,ST,Germany,78,79,12000000,50000,Right,2,4,3,Stocky,21300000,,,,,31,78,74,64,78,69,49,58,37,73,67,84,54,75,53,85,64,62,91,66,80,29,79,58,76,71,30,45,19
Lucas Pérez,Lucas Pérez Martínez,9/10/1988,30,154.94,73,"ST,RM",Spain,78,78,10500000,85000,Left,2,4,4,Normal,20000000,,,,,74,77,68,75,78,78,82,77,69,80,76,77,70,77,73,82,63,69,69,76,67,38,78,78,79,75,25,24,26
J. Farfán,Jefferson Agustín Farfán Guadalupe,10/26/1984,34,152.4,83.9,"RM,ST",Peru,78,78,6500000,1000,Right,2,3,4,Normal,13700000,Peru,73,CAM,10,78,73,72,73,69,74,82,75,72,79,84,84,75,77,66,75,76,72,78,72,73,39,75,78,79,80,17,43,29
A. Begović,Asmir Begović,6/20/1987,31,198.12,83,GK,Bosnia Herzegovina,78,78,6500000,47000,Right,3,2,1,Lean,12400000,,,,,14,19,12,26,12,16,17,15,32,24,52,58,52,73,40,28,38,36,80,12,42,21,11,34,40,61,18,11,12
Hilton,Vitorino Hilton da Silva,9/13/1977,41,154.94,78,CB,Brazil,78,78,,18000,Right,2,3,3,Normal,,,,,,60,45,79,73,51,63,42,48,72,73,33,38,51,70,60,55,79,54,76,58,76,80,50,67,64,77,83,77,76
J. Baumgartlinger,Julian Baumgartlinger,1/2/1988,31,182.88,86.2,CDM,Austria,78,78,7500000,53000,Right,2,3,2,Normal,12800000,Austria,77,SUB,14,63,39,69,81,50,65,47,49,71,74,68,71,65,74,64,73,80,88,78,39,84,77,62,64,59,75,79,80,75
Granero,Esteban Félix Granero Molina,7/2/1987,31,154.94,78,"CM,LM,RM",Spain,78,78,9500000,30000,Right,2,4,4,Normal,20000000,,,,,79,73,59,82,58,76,80,78,81,79,58,53,68,77,67,77,53,60,66,77,72,74,71,79,73,71,58,76,62
Z. Junuzović,Zlatko Junuzović,9/26/1987,31,172.72,72.1,"CM,CAM,LM",Austria,78,78,9500000,39000,Right,2,4,3,Stocky,14300000,,,,,83,68,58,77,82,80,88,82,78,80,76,69,86,77,91,78,68,91,65,78,76,75,70,77,70,78,68,66,63
V. Moses,Victor Moses,12/12/1990,28,152.4,77.1,"RW,RWB",Nigeria,78,78,11000000,105000,Right,2,4,4,Normal,,,,,,76,69,70,76,64,82,75,61,70,81,79,77,76,76,82,74,66,85,69,69,62,73,76,72,75,75,74,74,71
M. Debuchy,Mathieu Debuchy,7/28/1985,33,175.26,76.2,RB,France,78,78,5500000,31000,Right,3,3,3,Normal,10500000,,,,,77,62,74,75,62,74,74,61,73,75,74,73,74,78,73,74,81,74,72,68,79,77,66,64,66,75,79,78,78
G. Maripán,Guillermo Alfonso Maripán Loaysa,5/6/1994,24,193.04,83,CB,Chile,77,81,10000000,20000,Right,1,2,2,Normal,21800000,Chile,77,LCB,6,41,28,75,66,31,40,29,27,51,57,45,48,31,72,32,56,68,56,92,24,75,77,28,30,20,69,79,77,73
Iván Cuéllar,Iván Cuéllar Sacristán,5/27/1984,34,187.96,76.2,GK,Spain,77,77,3600000,22000,Left,1,2,1,Normal,7600000,,,,,35,15,13,23,17,14,25,20,28,13,59,43,57,75,46,24,65,44,65,12,28,18,12,44,25,56,20,11,15
F. Johnson,Fabian Johnson,12/11/1987,31,182.88,73.9,"LM,RB",United States,77,77,8500000,29000,Right,2,4,3,Normal,14500000,,,,,76,70,60,76,66,79,72,57,69,76,78,79,73,75,72,69,69,76,60,58,71,65,74,73,53,70,62,75,73
Aarón Martín,Aarón Martín Caricol,4/22/1997,21,154.94,72.1,LB,Spain,77,84,10500000,19000,Left,1,3,3,Lean,20000000,,,,,80,36,71,77,31,71,71,54,64,75,77,69,69,77,68,62,61,78,60,51,60,78,60,62,43,70,78,78,75
G. Pereiro,Gastón Rodrigo Pereiro López,6/11/1995,23,187.96,76.2,"CAM,RW",Uruguay,77,82,12000000,15000,Left,1,2,3,Normal,17700000,Uruguay,81,SUB,10,73,73,73,75,68,79,74,73,70,83,72,75,74,74,56,81,70,67,75,76,57,30,75,77,70,76,36,40,36
B. Moukandjo,Benjamin Moukandjo Bilé,11/12/1988,30,154.94,73.9,"ST,RM",Cameroon,77,77,9000000,25000,Right,2,3,4,Normal,19400000,,,,,75,79,66,69,70,77,71,71,60,75,91,93,83,76,70,75,71,80,65,64,51,32,77,65,79,77,34,20,19
M. Harnik,Martin Harnik,6/10/1987,31,185.42,79.8,"ST,RM",Austria,77,77,8000000,31000,Right,2,4,3,Normal,13600000,,,,,68,77,77,72,76,75,73,52,69,72,75,76,69,76,64,78,90,79,77,69,72,39,78,68,72,75,54,32,42
J. Ward-Prowse,James  Ward-Prowse,11/1/1994,24,172.72,66.2,"RM,CM",England,77,82,12000000,41000,Right,2,3,3,Normal,23700000,,,,,89,64,57,84,51,73,88,83,82,82,66,57,75,74,77,74,66,78,57,73,67,65,65,82,80,79,60,65,60
R. Alessandrini,Romain Alessandrini,4/3/1989,29,172.72,69.9,"RM,LM,RW,CAM",France,78,78,10000000,11000,Left,2,4,4,Normal,15000000,,,,,76,74,53,72,75,79,78,76,68,79,87,87,93,77,89,83,61,74,60,82,75,33,75,74,73,77,53,55,34
Manu García,Manuel Alejandro García Sánchez,4/26/1986,32,182.88,73.9,"CDM,CM",Spain,78,78,6000000,24000,Left,1,3,2,Normal,12600000,,,,,65,60,70,77,42,62,52,54,74,75,46,61,66,77,67,74,79,81,78,56,90,79,61,66,71,74,75,81,75
M. Antonio,Michail Antonio,3/28/1990,28,152.4,82.1,"ST,RM,RWB,LM",England,78,78,10500000,85000,Right,2,3,4,Stocky,20000000,,,,,74,72,83,73,66,79,66,60,65,75,84,87,84,74,76,75,89,70,84,72,77,40,76,68,73,70,50,56,53
Adrien Silva,Adrien Sebastian Perruchet Silva,3/15/1989,29,175.26,68.9,"CM,CDM",Portugal,78,78,10000000,68000,Right,3,4,3,Normal,,,,,,77,67,61,81,74,77,79,74,80,80,64,57,67,76,68,83,53,69,59,77,79,78,73,77,84,77,60,76,72
S. Cook,Steve Cook,4/19/1991,27,185.42,82.1,CB,England,78,78,8500000,58000,Right,1,3,2,Normal,16200000,,,,,41,31,80,70,33,54,31,30,61,67,55,53,55,77,65,48,75,68,78,23,79,78,21,45,35,70,77,78,77
B. Mee,Ben Mee,9/23/1989,29,182.88,82.1,CB,England,78,78,8500000,53000,Left,1,3,2,Normal,16200000,,,,,60,30,78,59,29,59,45,31,56,62,62,63,63,75,70,60,93,71,82,39,82,79,38,60,36,74,78,79,78
Adriano,Adriano Correia Claro,10/26/1984,34,172.72,74.8,"LB,RB",Brazil,78,78,4000000,45000,Left,2,5,4,Normal,7600000,,,,,81,59,63,79,53,81,84,69,77,82,77,73,77,79,76,87,75,74,67,87,75,78,77,69,59,81,78,79,78
J. Lens,Jeremain Lens,11/24/1987,31,152.4,74.8,"RM,RW",Netherlands,78,78,10000000,50000,Right,2,4,4,Normal,19000000,,,,,79,74,63,74,85,80,71,68,63,78,90,90,75,77,79,80,74,74,77,75,53,23,71,75,67,76,35,39,32
S. Rondón,José Salomón Rondón Giménez,9/16/1989,29,185.42,98,ST,Venezuela,77,77,9000000,41000,Right,2,4,3,Stocky,,Venezuela,73,RS,23,48,75,84,68,75,70,53,52,40,71,69,68,66,73,46,85,71,72,85,68,72,33,77,53,65,76,36,23,13
Andreas Pereira,Andreas Hugo Hoelgebaum Pereira,1/1/1996,23,152.4,71.2,"CM,CDM,RM",Brazil,77,82,11500000,86000,Right,1,4,4,Lean,22700000,,,,,78,71,56,80,72,79,80,80,77,80,78,74,79,74,80,73,62,72,68,77,69,70,71,76,70,72,67,65,63
V. Ibišević,Vedad Ibišević,8/6/1984,34,187.96,82.1,ST,Bosnia Herzegovina,77,77,5500000,31000,Right,2,3,3,Normal,9400000,,,,,65,80,79,77,84,72,73,56,47,76,41,44,60,83,59,81,71,51,77,66,83,30,82,71,83,79,59,29,22
L. Ocampos,Lucas Ocampos,7/11/1994,24,187.96,83.9,"LM,LW",Argentina,77,82,12000000,38000,Right,2,3,4,Normal,23700000,,,,,75,73,75,75,75,74,69,65,70,76,78,79,77,82,58,77,76,85,78,72,83,67,71,73,70,74,63,52,48
N. Müller,Nicolai Müller,9/25/1987,31,172.72,66.2,"RM,LM",Germany,77,77,8500000,34000,Right,2,3,3,Lean,,,,,,75,75,56,71,80,83,65,61,66,75,84,78,85,74,83,71,78,73,57,63,71,48,75,69,73,77,36,49,37
Simão Acunha,Simão Alvin Acunha Bardini,2/29/1988,31,152.4,71.2,"CAM,ST,RM",Brazil,77,77,8500000,35000,Right,1,2,4,Lean,16200000,Brazil,81,SUB,20,74,66,60,79,67,76,87,61,73,78,83,77,81,78,74,71,64,73,64,72,48,45,67,80,67,71,30,32,22
J. Calleri,Jonathan Calleri,9/23/1993,25,154.94,77.1,ST,Argentina,77,82,12000000,24000,Right,1,2,4,Normal,26100000,,,,,56,76,83,66,71,74,57,35,58,75,71,72,72,77,79,78,83,74,71,69,65,37,79,67,62,74,55,39,32
A. Jahanbakhsh,Alireza Jahanbakhsh,8/11/1993,25,154.94,78,RM,Iran,77,80,11500000,41000,Right,2,4,4,Normal,22700000,,,,,71,72,62,72,72,83,64,46,62,79,79,83,76,74,75,84,87,78,66,79,68,42,72,75,58,75,42,37,40
A. Prijović,Aleksandar Prijović,4/21/1990,28,190.5,88,ST,Serbia,77,77,9000000,44000,Right,1,3,3,Normal,15300000,,,,,45,79,80,64,62,70,52,43,55,75,74,72,54,74,51,73,74,75,86,68,69,31,80,55,66,80,28,33,29
Fabricio,Fabricio Martín Agosto Ramírez,12/17/1987,31,182.88,79.8,GK,Spain,77,77,5500000,40000,Right,1,4,1,Normal,10500000,,,,,15,14,14,44,13,25,19,15,40,35,59,54,57,74,48,25,73,40,53,14,33,26,14,51,22,56,22,14,11
M. Elneny,Mohamed Elneny,7/11/1992,26,154.94,73.9,"CDM,CM",Egypt,77,79,9000000,76000,Right,1,3,3,Lean,17800000,Egypt,73,RDM,17,66,57,57,78,39,68,69,56,77,76,58,60,65,75,62,78,69,92,68,67,73,76,63,70,62,77,76,74,72
Jorge Meré,Jorge Meré Pérez,4/17/1997,21,182.88,79.8,CB,Spain,77,85,11500000,15000,Right,1,3,2,Normal,19600000,,,,,30,22,78,74,33,59,34,33,62,69,69,68,67,76,74,48,81,67,72,27,75,79,25,45,51,63,76,78,77
Wilson Eduardo,Wilson Bruno Naval Costa Eduardo,7/8/1990,28,152.4,73,"ST,CF",Portugal,77,77,9500000,17000,Right,1,3,4,Normal,19000000,,,,,75,76,66,73,77,78,82,71,63,78,78,81,73,77,68,83,64,70,69,80,59,24,79,73,77,80,25,33,23
Álex Remiro,Alejandro Remiro Gargallo,3/24/1995,23,190.5,83,GK,Spain,77,82,8500000,15000,Right,1,3,1,Lean,18500000,,,,,12,13,13,29,15,19,14,17,25,17,40,46,69,69,40,22,61,42,68,11,34,20,11,28,24,55,14,17,18
T. Gutiérrez,Teófilo Gutiérrez,5/17/1985,33,152.4,81.2,"ST,CAM",Colombia,77,77,5500000,6000,Right,2,3,4,Normal,7700000,,,,,70,80,73,73,74,77,67,63,69,81,63,59,72,75,74,78,80,67,75,76,82,25,81,76,72,82,21,26,20
A. Pyatov,Andriy Pyatov,6/28/1984,34,190.5,89.8,GK,Ukraine,77,77,3600000,1000,Right,2,3,1,Normal,7600000,,,,,13,9,10,29,12,11,14,16,24,12,44,44,56,74,32,19,73,37,78,12,35,23,14,63,15,52,12,9,10
Diego Llorente,Diego Javier Llorente Ríos,8/16/1993,25,185.42,74.8,CB,Spain,77,83,10500000,22000,Right,1,3,2,Lean,24200000,,,,,55,39,76,76,31,58,30,35,72,73,65,63,65,76,64,45,79,72,72,37,75,80,43,51,53,69,76,77,78
I. Abate,Ignazio Abate,11/12/1986,32,154.94,73,RB,Italy,77,77,6000000,68000,Right,2,2,3,Lean,10200000,,,,,75,38,68,76,60,75,69,44,72,75,77,85,75,76,75,68,75,76,69,60,76,75,74,68,48,78,76,76,75
T. Vermaelen,Thomas Vermaelen,11/14/1985,33,182.88,79.8,"CB,LB",Belgium,77,77,5000000,110000,Left,3,3,2,Normal,10300000,Belgium,85,SUB,3,63,52,81,80,56,55,61,64,78,64,67,64,61,70,56,78,90,52,79,68,77,73,41,51,62,72,72,79,80
N. Füllkrug,Niclas Füllkrug,2/9/1993,26,187.96,83,ST,Germany,77,78,10500000,36000,Right,1,4,3,Normal,18600000,,,,,63,79,80,67,71,70,69,69,48,74,63,65,63,74,52,79,67,70,80,72,67,24,82,61,77,72,47,30,17
Pedro Obiang,Pedro  Mba Obiang Avomo,3/27/1992,26,185.42,74.8,"CDM,CM",Equatorial Guinea,77,79,9000000,65000,Right,2,3,3,Lean,17800000,,,,,68,50,70,77,60,74,56,62,79,76,64,66,68,69,63,74,72,76,75,65,71,76,60,78,59,76,72,78,77
Wallace,Wallace Fortuna dos Santos,10/14/1994,24,190.5,84.8,CB,Brazil,77,81,10000000,35000,Right,2,2,2,Lean,17800000,,,,,34,21,77,57,36,45,33,29,50,52,66,69,46,74,40,40,71,54,81,26,79,81,25,31,45,68,78,79,78
Djaniny,Jorge Djaniny  Tavares Semedo,3/21/1991,27,190.5,78,"ST,RW",Cape Verde,77,78,10500000,42000,Right,1,4,4,Normal,18600000,,,,,63,78,73,70,66,78,64,53,62,78,78,85,76,75,67,76,71,82,81,63,55,47,78,72,67,77,28,25,21
Roberto,Roberto Jiménez Gago,2/10/1986,33,193.04,93.9,GK,Spain,77,77,5000000,21000,Right,2,2,1,Normal,10500000,,,,,15,14,19,39,13,12,14,14,38,31,45,48,68,76,40,36,74,32,78,11,29,24,17,45,19,57,20,15,18
S. Tasci,Serdar Taşçı,4/24/1987,31,185.42,81.2,CB,Germany,77,77,6000000,24000,Right,2,4,3,Normal,11400000,,,,,50,33,82,76,50,63,37,45,78,71,67,66,59,75,58,64,81,43,78,34,75,74,39,57,42,70,73,79,78
L. Schøne,Lasse Schøne,5/27/1986,32,152.4,78,"CM,CDM",Denmark,77,77,6500000,19000,Right,2,3,3,Normal,9100000,Denmark,78,RCM,19,81,67,60,83,84,76,85,86,77,81,58,52,68,67,78,83,77,65,57,81,65,79,66,81,76,70,67,52,48
J. Defoe,Jermain  Defoe,10/7/1982,36,170.18,64.9,ST,England,77,77,4100000,49000,Right,2,4,3,Lean,,,,,,54,85,65,66,82,74,63,68,43,77,73,63,77,78,87,84,68,55,54,78,62,19,85,65,74,82,30,20,11
V. Babacan,Volkan Babacan,8/11/1988,30,193.04,86.2,GK,Turkey,77,78,7000000,21000,Right,2,2,1,Normal,13800000,,,,,12,15,16,34,14,14,16,12,29,19,49,61,58,67,50,14,74,38,61,12,29,27,17,43,12,62,22,22,15
O. Ighalo,Odion Jude Ighalo,6/16/1989,29,182.88,74.8,ST,Nigeria,77,77,9000000,20000,Right,1,3,4,Normal,19400000,,,,,49,76,71,61,70,80,64,53,47,76,84,81,75,78,69,73,80,78,78,62,78,30,84,60,63,82,17,45,41
A. Schürrle,André Schürrle,11/6/1990,28,182.88,71.2,"RW,LW",Germany,77,77,9500000,51000,Right,3,4,3,Lean,,,,,,76,76,63,75,81,80,80,70,58,78,77,76,74,76,74,82,69,72,66,82,68,39,80,75,77,75,41,39,52
E. Skhiri,Ellyes Skhiri,5/10/1995,23,185.42,68.9,"CDM,CM",Tunisia,77,81,10000000,21000,Right,1,3,3,Lean,19800000,,,,,71,62,73,75,60,74,72,55,74,73,63,69,74,67,64,78,75,76,68,76,74,85,56,67,58,68,79,79,72
W. Anton,Waldemar Anton,7/20/1996,22,187.96,74.8,"CB,CDM",Germany,77,84,11000000,22000,Right,1,3,3,Lean,20900000,,,,,42,42,74,71,38,66,37,39,69,70,54,73,62,75,56,55,71,72,78,45,76,78,52,57,48,72,79,79,76
R. Palacio,Rodrigo Sebastián Palacio,2/5/1982,37,175.26,69.9,"ST,LW",Argentina,77,77,3200000,27000,Right,2,3,4,Lean,5400000,,,,,70,76,74,76,76,82,78,67,56,84,79,77,79,76,81,70,76,65,61,60,78,39,80,77,79,82,40,33,30
K. Lasagna,Kevin Lasagna,8/10/1992,26,185.42,79.8,ST,Italy,77,80,11500000,29000,Left,2,3,3,Lean,20400000,Italy,83,SUB,9,60,78,72,66,74,76,66,42,50,79,89,88,81,76,72,72,76,69,69,66,40,30,80,58,66,74,26,20,18
D. Cvitanich,Darío Cvitanich,5/16/1984,34,175.26,72.1,ST,Argentina,77,77,4700000,24000,Right,2,3,3,Normal,6600000,,,,,64,79,79,73,71,70,67,66,65,83,68,62,72,74,79,71,81,69,75,67,68,33,81,74,79,77,31,32,34
S. De Maio,Sebastian De Maio,3/5/1987,32,190.5,89.8,CB,France,77,77,6000000,30000,Right,2,3,2,Normal,,,,,,11,20,72,50,20,52,23,39,54,54,61,67,54,70,54,61,83,63,92,37,74,78,19,34,46,76,80,80,78
S. Terodde,Simon Terodde,3/2/1988,31,193.04,83,ST,Germany,77,77,8500000,25000,Right,2,4,3,Normal,12800000,,,,,50,80,80,65,78,64,38,44,40,74,63,63,54,77,56,79,65,68,85,73,75,23,79,59,71,78,37,42,19
J. De Guzmán,Jonathan  de Guzmán,9/13/1987,31,175.26,73.9,"CM,CDM,CAM",Netherlands,77,77,8000000,34000,Right,2,4,3,Normal,13600000,,,,,79,68,52,80,69,78,79,78,77,81,75,69,79,76,85,84,78,77,64,79,61,63,69,78,69,70,50,54,50
R. Civelli,Renato Civelli,10/14/1983,35,195.58,88.9,CB,Argentina,77,77,2700000,16000,Right,2,3,2,Lean,4000000,,,,,53,54,85,64,55,35,37,47,59,67,49,36,33,68,37,66,72,66,94,57,83,73,48,50,58,74,77,79,67
Pablo Maffeo,Pablo Maffeo Becerra,7/12/1997,21,172.72,69.9,"RWB,RM",Spain,77,84,10500000,22000,Right,1,3,3,Lean,20000000,,,,,78,53,68,76,21,79,71,34,63,80,87,86,82,64,84,57,61,69,65,52,65,69,67,64,37,62,76,79,79
Cédric,Cédric Ricardo Alves Soares,8/31/1991,27,172.72,67.1,"RB,RWB",Portugal,77,78,8500000,43000,Right,2,4,3,Normal,,Portugal,82,SUB,21,70,57,65,75,68,75,66,64,69,76,79,78,74,76,83,76,72,86,62,74,75,74,71,65,60,69,68,80,76
K. Papadopoulos,Kyriakos Papadopoulos,2/23/1992,27,185.42,87.1,CB,Greece,77,79,9000000,15000,Right,2,3,2,Stocky,15100000,,,,,44,24,87,53,44,40,40,43,50,52,58,55,53,68,60,68,91,52,90,58,92,64,35,44,46,60,75,80,79
A. Szymanowski,Alexander Szymanowski,10/13/1988,30,175.26,64.9,"LM,CM,LW",Argentina,77,77,8500000,31000,Left,2,3,4,Lean,17900000,,,,,78,78,67,74,66,79,69,57,63,76,89,83,83,72,87,68,52,68,60,68,55,28,75,76,70,71,35,42,45
J. Kucka,Juraj Kucka,2/26/1987,32,185.42,83.9,"CM,CDM",Slovakia,77,77,7500000,42000,Right,2,3,3,Normal,13500000,,,,,68,65,75,76,68,75,66,69,76,75,66,65,72,79,54,85,90,87,90,78,86,78,73,70,71,75,77,77,78
P. Jagielka,Phil Jagielka,8/17/1982,36,154.94,87.1,CB,England,77,77,2100000,53000,Right,2,3,2,Normal,4000000,,,,,55,30,77,70,44,49,55,31,66,60,40,51,45,72,61,69,81,34,77,54,79,77,48,39,55,76,78,77,76
M. Benassi,Marco Benassi,9/8/1994,24,182.88,79.8,CM,Italy,77,82,11500000,45000,Right,2,3,3,Normal,20400000,,,,,70,66,68,80,70,78,68,64,76,78,67,68,74,72,68,80,68,79,75,76,74,72,76,74,52,72,71,74,70
P. Jansson,Pontus Jansson,2/13/1991,28,195.58,86.2,CB,Sweden,77,79,8500000,41000,Right,1,3,2,Normal,16800000,Sweden,76,RCB,16,29,29,74,68,41,64,49,40,59,66,54,69,53,69,31,68,54,71,90,50,80,75,28,50,39,69,77,78,75
B. Espinosa,Bernardo José Espinosa Zúñiga,7/11/1989,29,193.04,83.9,CB,Colombia,77,77,7000000,29000,Right,1,3,2,Normal,14700000,,,,,51,39,78,74,44,40,51,42,61,67,43,51,47,68,36,56,75,61,84,42,79,77,33,49,52,70,70,80,75
José Sá,José Pedro Malheiro de Sá,1/17/1993,26,193.04,84.8,GK,Portugal,77,82,8500000,1000,Right,1,2,1,Lean,18500000,,,,,18,15,14,30,17,17,12,21,20,20,42,48,60,76,40,19,70,34,72,18,20,18,17,55,11,32,14,19,15
M. Sels,Matz Sels,2/26/1992,27,190.5,88,GK,Belgium,77,80,7500000,15000,Right,1,2,1,Normal,15600000,,,,,16,16,14,32,19,19,17,17,30,33,37,35,36,70,34,38,70,30,67,18,24,13,18,45,22,60,12,13,14
Yuri Berchiche,Yuri Berchiche Izeta,2/10/1990,29,154.94,79.8,LB,Spain,77,77,7000000,23000,Left,2,3,3,Normal,14700000,,,,,76,56,72,70,59,70,77,55,68,74,78,77,76,72,73,78,85,82,77,77,85,69,49,48,59,75,76,78,80
R. Borré,Rafael Santos Borré,9/15/1995,23,175.26,71.2,ST,Colombia,77,83,12500000,23000,Right,1,3,4,Normal,20000000,,,,,63,78,73,71,72,77,79,67,61,76,82,80,82,73,80,75,81,81,68,72,70,39,81,72,71,78,46,33,22
Paulinho,João Paulo Dias Fernandes,11/9/1992,26,187.96,81.2,ST,Portugal,77,79,11000000,16000,Left,1,4,3,Lean,22800000,,,,,64,79,81,68,77,73,80,35,44,77,68,69,64,75,68,77,80,74,82,67,74,30,80,72,68,77,48,37,29
C. Piccini,Cristiano Piccini,9/26/1992,26,187.96,78.9,"RB,RWB",Italy,77,79,9000000,29000,Right,1,2,3,Normal,19600000,,,,,73,32,66,71,34,73,64,37,62,74,76,78,66,77,65,68,70,78,78,35,74,78,66,57,35,77,74,80,78
B. André,Benjamin André,8/3/1990,28,154.94,76.2,"CM,CDM",France,77,77,9000000,32000,Right,2,3,3,Normal,17100000,,,,,72,61,74,80,56,75,68,46,79,76,68,73,73,76,72,69,85,84,77,65,75,73,70,76,66,76,74,78,71
Barragán,Antonio Barragán Fernández,6/12/1987,31,182.88,76.2,"RWB,RB,RM",Spain,77,77,6000000,22000,Right,1,3,3,Normal,12600000,,,,,77,44,75,75,59,66,64,51,63,73,71,74,66,76,67,61,71,78,73,53,74,78,66,56,55,62,69,77,80
M. Samatta,Mbwana Ally Samatta,12/13/1992,26,182.88,79.8,ST,Tanzania,77,80,11500000,19000,Right,1,4,3,Normal,18100000,,,,,63,84,72,62,72,74,65,57,45,71,84,87,79,67,65,81,84,78,73,65,66,18,80,56,70,71,32,18,13
I. Diop,Issa Diop,1/9/1997,22,193.04,92.1,CB,France,77,86,12000000,46000,Right,2,3,2,Lean,25200000,,,,,37,30,75,64,48,43,32,34,59,60,64,68,46,69,48,50,73,69,83,31,77,78,38,40,44,72,76,79,80
M. Lowton,Matthew Lowton,6/9/1989,29,154.94,78,RB,England,77,77,6500000,50000,Right,1,3,2,Normal,12400000,,,,,81,52,73,74,70,73,77,46,73,74,74,70,69,77,71,72,77,79,73,68,76,76,70,73,49,73,77,77,76
T. Hernández,Theo Bernard François Hernández,10/6/1997,21,182.88,82.1,LB,France,77,85,11000000,76000,Left,1,3,3,Normal,,,,,,75,50,72,76,62,78,63,64,52,72,90,90,76,66,61,75,62,75,79,56,75,69,58,47,41,65,72,76,79
Juanpe,Juan Pedro Ramírez López,4/30/1991,27,190.5,84.8,CB,Spain,77,78,8500000,27000,Right,1,3,2,Normal,18500000,,,,,35,35,81,79,13,38,28,35,60,70,41,63,32,72,33,48,70,71,78,27,79,75,32,54,37,65,65,81,78
K. Tete,Kenny Tete,10/9/1995,23,154.94,71.2,"RB,RWB",Netherlands,77,82,10000000,44000,Right,2,3,2,Normal,19800000,Netherlands,81,RB,2,72,42,74,73,36,65,54,34,64,69,74,79,66,72,73,60,77,77,76,41,80,75,60,60,46,71,77,81,83
B. Džemaili,Blerim Džemaili,4/12/1986,32,152.4,73,"CM,CAM",Switzerland,77,77,6500000,33000,Right,2,4,4,Normal,11100000,,,,,75,70,66,78,75,77,79,70,74,78,59,65,68,79,68,86,59,77,67,80,78,69,77,77,68,79,78,70,69
André André,André Filipe Brás André,8/26/1989,29,175.26,64.9,"CM,CDM",Portugal,77,77,9000000,13000,Right,2,4,3,Normal,18900000,,,,,72,68,64,80,64,78,78,61,76,81,68,69,74,73,74,74,70,73,61,70,77,76,76,75,84,80,73,74,65
Balenziaga,Mikel Balenziaga Oruesagasti,2/29/1988,31,152.4,76.2,LB,Spain,76,76,5500000,21000,Left,1,4,3,Normal,11600000,,,,,78,41,71,70,50,67,76,33,69,74,75,77,70,71,69,61,78,85,71,54,78,74,54,62,44,69,70,76,74
V. Behrami,Valon Behrami,4/19/1985,33,185.42,78,"CDM,CM",Switzerland,76,76,3100000,24000,Right,2,3,3,Normal,5300000,,,,,68,54,66,74,69,70,70,68,72,74,67,67,70,72,69,76,70,73,74,70,90,74,66,70,67,76,72,78,76
D. Reyes,Diego Antonio Reyes Rosales,9/19/1992,26,187.96,73.9,CB,Mexico,76,79,8000000,48000,Right,3,3,2,Lean,,Mexico,77,SUB,5,49,45,78,77,37,67,45,36,68,74,63,65,68,73,55,49,70,66,69,47,64,79,44,52,50,67,78,76,79
Caiuby,Caiuby Francisco da Silva,7/14/1988,30,182.88,84.8,"LM,LW,ST",Brazil,76,76,7500000,25000,Right,2,4,3,Normal,,,,,,71,73,80,72,59,71,68,49,64,74,77,87,73,75,66,85,91,86,81,72,73,49,75,72,61,64,37,24,22
S. Doumbia,Seydou Doumbia,12/31/1987,31,152.4,71.2,ST,Ivory Coast,76,76,7500000,31000,Right,3,4,3,Stocky,15800000,,,,,46,73,76,70,75,74,67,69,63,73,87,89,70,71,70,75,82,51,73,68,60,29,74,70,80,78,32,39,34
João Félix,João Félix Sequeira,11/10/1999,19,154.94,69.9,"CF,LW",Portugal,76,89,14000000,7000,Right,1,3,4,Lean,36800000,,,,,65,74,68,70,69,81,75,51,67,78,78,83,84,78,78,74,78,82,64,72,58,38,76,72,62,80,28,42,35
L. López,Lisandro López,9/1/1989,29,190.5,82.1,CB,Argentina,76,76,6000000,12000,Right,3,3,2,Normal,,,,,,33,48,79,66,50,59,37,32,56,62,64,66,64,73,55,67,84,55,77,44,77,77,38,41,46,73,76,76,75
Mario Suárez,Mario Suárez Mata,2/24/1987,32,187.96,79.8,"CM,CDM,CB",Spain,76,76,6500000,20000,Right,2,4,3,Normal,14300000,,,,,64,62,68,79,43,72,66,70,78,79,42,58,54,76,48,80,58,72,80,69,73,78,59,75,59,74,47,75,69
J. Lössl,Jonas Lössl,2/1/1989,30,195.58,88,GK,Denmark,76,77,6000000,34000,Right,1,2,1,Lean,11900000,Denmark,78,SUB,16,14,12,17,35,11,15,14,13,39,19,29,34,32,72,30,22,51,25,67,15,17,20,10,53,12,56,20,13,15
G. Castro,Gonzalo Castro Randon,6/11/1987,31,172.72,72.1,"CM,CDM",Germany,76,76,6500000,32000,Right,2,4,3,Normal,11100000,,,,,76,66,47,79,66,76,79,73,76,77,70,65,80,77,78,75,73,69,65,73,64,75,73,78,58,78,74,65,68
M. Phillips,Matt Phillips,3/13/1991,27,182.88,74.8,"CAM,CM,RW",Scotland,76,76,8000000,34000,Right,1,4,4,Normal,15200000,Scotland,75,SUB,18,80,69,54,68,58,79,78,48,65,75,86,86,78,71,71,77,54,68,78,72,54,32,71,74,61,67,49,45,34
Gabriel Boschilia,Gabriel Boschilia,3/5/1996,23,172.72,63,"CAM,LM,RW",Brazil,76,82,10500000,48000,Left,1,3,3,Lean,,,,,,69,73,55,75,62,80,78,84,69,79,76,73,79,65,81,76,59,63,43,81,47,27,68,73,59,65,46,48,56
Wu Lei,武磊,11/19/1991,27,175.26,66.2,"ST,RW,LW,CF",China PR,76,77,9000000,28000,Right,1,4,3,Normal,19600000,,,,,68,78,69,74,72,76,67,69,65,75,88,86,79,78,83,76,89,71,54,67,65,23,78,70,53,65,34,37,31
N. Blandi,Nicolás Blandi,1/13/1990,29,154.94,76.2,ST,Argentina,76,76,8000000,23000,Right,1,3,3,Normal,12000000,,,,,55,80,80,68,77,65,55,54,60,78,64,61,76,78,57,76,84,74,68,72,49,43,83,45,74,79,33,30,27
L. Kalinić,Lovre Kalinić,4/3/1990,28,200.66,98.9,GK,Croatia,76,78,6500000,16000,Left,1,2,1,Lean,12800000,,,,,15,12,15,18,15,11,18,13,16,15,30,39,26,71,22,25,58,31,73,19,39,23,7,42,22,58,13,17,17
F. Fernández,Federico Fernández,2/21/1989,30,190.5,83,CB,Argentina,76,76,6000000,42000,Right,2,2,2,Normal,11400000,,,,,23,26,77,68,21,39,49,40,58,65,47,50,48,71,48,27,76,65,78,29,79,76,36,44,42,71,76,78,77
J. Martínez,Jackson Martínez,10/3/1986,32,185.42,79.8,ST,Colombia,76,76,7000000,20000,Right,3,4,3,Normal,,,,,,56,74,82,67,75,71,70,46,58,75,65,67,68,71,58,80,77,67,85,68,75,47,74,65,70,73,12,47,33
Emerson,Emerson Palmieri dos Santos,8/3/1994,24,175.26,77.1,"LB,LM",Italy,76,82,9000000,64000,Left,2,3,3,Lean,18500000,,,,,78,43,60,75,44,78,53,71,66,80,83,78,75,77,72,80,67,74,52,77,65,76,75,45,55,72,75,70,70
Rômulo,Rômulo  Souza Orestes Caldeira,5/22/1987,31,152.4,72.1,"CM,RM,RB",Italy,76,76,6500000,17000,Right,1,2,4,Normal,,,,,,77,60,56,76,57,77,77,76,74,77,74,74,77,72,76,75,67,88,68,69,70,74,74,72,77,80,67,74,72
C. Benteke,Christian Benteke Liolo,12/3/1990,28,190.5,83,ST,Belgium,76,76,8000000,53000,Right,3,3,2,Normal,15200000,,,,,58,75,87,64,67,65,60,64,48,74,59,68,66,67,46,78,82,66,87,69,56,29,73,68,71,70,28,25,18
M. Rashica,Milot Rashica,6/28/1996,22,152.4,73,"RW,RM",Kosovo,76,83,11000000,25000,Right,1,4,3,Lean,20900000,,,,,76,70,50,68,68,80,71,61,64,77,93,86,90,70,77,79,41,75,57,72,67,26,70,70,45,72,53,29,36
L. Baines,Leighton Baines,12/11/1984,34,170.18,69.9,LB,England,76,76,3000000,70000,Left,3,3,3,Normal,5600000,,,,,84,63,74,78,63,75,81,81,74,80,66,59,66,79,83,84,67,59,55,71,74,77,73,73,90,84,75,77,76
M. Noble,Mark Noble,5/8/1987,31,152.4,76.2,"CM,CDM",England,76,76,6500000,66000,Right,2,3,3,Normal,12400000,,,,,71,60,62,77,68,74,71,67,79,76,42,45,62,73,72,74,57,78,70,68,85,73,64,78,88,77,71,74,76
F. Benković,Filip Benković,7/13/1997,21,193.04,91.2,CB,Croatia,76,85,10500000,37000,Right,1,3,2,Normal,,,,,,33,38,76,64,19,52,44,54,67,62,61,66,52,70,44,74,76,75,86,44,82,75,37,54,42,77,73,75,75
C. Riveros,Cristian Miguel Riveros Núñez,10/16/1982,36,152.4,73.9,"CM,CDM",Paraguay,76,76,,,Right,1,3,3,Normal,,,,,,74,69,70,81,64,69,67,68,77,76,60,53,79,72,70,71,65,75,62,71,72,65,76,77,71,80,76,61,62
M. Niang,M'Baye Babacar Niang,12/19/1994,24,182.88,78,"LW,ST",Senegal,76,81,10500000,37000,Right,2,4,3,Stocky,,,,,,65,68,64,70,72,81,68,66,57,80,85,91,82,66,65,86,69,64,69,73,50,30,77,72,75,69,30,24,20
D. Santon,Davide Santon,1/2/1991,28,187.96,77.1,"LB,RB",Italy,76,76,6500000,47000,Right,2,3,3,Normal,11100000,,,,,76,46,65,76,57,75,74,43,69,75,67,74,66,75,57,74,74,74,68,68,72,76,65,64,57,74,75,77,76
I. Ordets,Ivan Ordets,7/8/1992,26,193.04,88,CB,Ukraine,76,81,8500000,1000,Right,1,3,2,Normal,18500000,,,,,41,46,74,66,59,38,39,46,61,61,61,69,48,71,38,73,56,79,88,57,70,76,38,34,34,68,78,77,73
Francisco Geraldes,Francisco Geraldes,4/18/1995,23,175.26,64.9,CAM,Portugal,76,82,10500000,12000,Right,1,4,4,Normal,23100000,,,,,68,55,47,73,65,84,73,72,69,82,78,75,86,76,76,64,57,72,44,57,57,29,73,78,60,77,52,43,42
R. Snodgrass,Robert Snodgrass,9/7/1987,31,182.88,82.1,"RM,CM,LM",Scotland,76,76,7500000,66000,Left,2,3,3,Normal,14300000,,,,,82,71,44,74,65,76,82,82,72,80,61,65,72,73,67,81,57,73,70,77,82,46,76,79,73,77,42,56,41
Vitor Hugo,Vitor Hugo Franchescoli de Souza,5/20/1991,27,187.96,79.8,CB,Brazil,76,78,7500000,45000,Left,1,2,2,Lean,13300000,,,,,32,26,82,41,33,39,33,34,37,49,66,69,43,73,47,49,79,54,78,22,80,76,27,33,49,70,75,78,80
M. Pašalić,Mario Pašalić,2/9/1995,24,187.96,83,"CM,CDM",Croatia,76,83,10500000,71000,Right,1,4,4,Lean,,,,,,68,66,65,78,69,77,69,59,74,79,60,66,69,74,54,77,69,78,78,75,76,72,70,74,61,74,61,72,64
F. Borini,Fabio Borini,3/23/1991,27,154.94,73.9,"LW,RM",Italy,76,76,8000000,76000,Right,2,3,4,Lean,13600000,,,,,74,72,74,76,75,78,72,61,62,79,77,75,78,77,67,76,71,77,68,72,72,30,78,72,78,76,68,30,26
N. Vukčević,Nikola Vukčević,12/13/1991,27,182.88,76.2,"CDM,CM",Montenegro,76,79,8000000,21000,Left,1,3,3,Normal,17400000,,,,,52,38,68,77,48,71,58,62,70,74,64,56,61,73,60,69,87,76,75,61,85,80,60,67,53,76,75,75,70
A. Hutchinson,Atiba Hutchinson,2/8/1983,36,187.96,83,"CDM,CM",Canada,76,76,1800000,28000,Right,2,4,2,Lean,3500000,Canada,70,SUB,13,69,61,75,82,63,73,67,64,74,72,68,69,63,76,62,73,62,78,79,59,69,75,64,65,75,82,74,77,68
M. Moralez,Maximiliano Nicol Moralez,2/27/1987,32,157.48,55.8,"CAM,CM",Argentina,76,76,7000000,9000,Right,2,4,4,Normal,10500000,,,,,74,72,56,74,70,77,76,70,72,76,84,67,83,74,77,69,32,73,33,70,65,45,74,77,74,76,48,58,51
C. Austin,Charlie Austin,7/5/1989,29,187.96,83.9,ST,England,76,76,8000000,50000,Right,1,2,2,Normal,15200000,,,,,56,79,82,62,72,66,59,43,46,73,58,58,62,78,55,83,81,55,78,71,67,47,80,61,83,78,20,37,22
Kenedy,Robert Kenedy Nunes do Nascimento,2/8/1996,23,182.88,77.1,LM,Brazil,76,84,11500000,71000,Left,1,2,4,Lean,,,,,,77,65,66,72,55,83,77,54,66,78,79,80,83,74,68,75,68,72,67,66,42,56,74,72,67,76,57,57,52
Eltildo Correia,Eltildo Lucas Correia Pitta,2/29/1992,27,187.96,78,"CB,RB,LB",Brazil,76,76,6500000,30000,Right,1,3,2,Normal,12400000,,,,,61,41,73,67,52,45,54,48,75,55,52,63,38,77,37,71,81,68,83,45,80,72,42,44,77,75,79,75,77
João Pedro,João Pedro Geraldino dos Santos Galvão,3/9/1992,26,182.88,73,"CAM,CF,ST",Brazil,76,77,9000000,30000,Right,1,4,4,Lean,16000000,,,,,69,75,61,77,72,75,70,57,69,75,75,76,73,76,61,75,73,75,64,73,76,42,79,75,72,72,30,44,28
A. Diamanti,Alessandro Diamanti,5/2/1983,35,154.94,74.8,"CAM,CF",Italy,76,76,3400000,4000,Left,2,2,4,Normal,5200000,,,,,76,60,54,79,74,80,77,82,71,82,68,67,74,64,71,81,50,65,61,78,60,30,76,76,70,74,32,32,28
Guilherme,Guilherme dos Santos Torres,4/5/1991,27,152.4,76.2,"CDM,CM",Brazil,76,78,7500000,1000,Right,1,4,3,Normal,16300000,,,,,62,55,63,78,59,64,64,68,74,74,69,66,74,76,69,82,74,73,76,62,79,76,64,73,55,72,69,76,74
J. Morel,Jérémy Morel,4/2/1984,34,175.26,78,CB,Madagascar,76,76,2300000,48000,Left,2,2,2,Normal,4400000,,,,,58,36,74,73,40,56,61,50,70,65,69,69,65,72,77,62,83,79,77,41,82,75,56,55,53,69,76,74,78
Llorente,Fernando Javier Llorente Torres,2/26/1985,34,193.04,92.1,ST,Spain,76,76,4800000,76000,Right,3,3,3,Normal,8900000,,,,,44,79,90,73,81,67,57,40,49,80,29,32,33,80,30,79,55,34,86,64,71,25,84,70,70,82,34,25,15
G. Gönül,Gökhan Gönül,1/4/1985,34,175.26,74.8,RB,Turkey,76,76,3000000,40000,Right,2,3,3,Lean,5600000,,,,,77,58,60,74,57,78,65,48,68,75,76,78,78,79,80,70,78,77,65,65,74,75,76,72,67,78,74,78,73
A. Paloschi,Alberto Paloschi,1/4/1990,29,182.88,79.8,ST,Italy,76,76,8000000,17000,Right,2,4,3,Normal,14400000,,,,,52,80,76,68,75,69,70,47,42,76,77,69,78,74,70,74,90,69,76,41,83,21,81,59,80,80,31,16,16
Juli Freitinho,Julio Leonardo Dourado de Freitas,2/29/1988,31,193.04,91.2,CB,Brazil,76,76,5500000,13000,Right,1,3,2,Normal,10500000,,,,,54,44,77,73,35,51,52,50,43,63,41,51,32,65,38,46,58,57,91,45,82,66,67,42,63,71,82,74,75
Markel Bergara,Markel Bergara Larrañaga,5/5/1986,32,154.94,78,"CDM,CM",Spain,76,76,4400000,21000,Right,1,3,3,Normal,9300000,,,,,58,67,62,78,47,65,60,71,76,69,64,32,60,75,67,61,69,68,77,68,78,80,64,75,59,63,70,78,76
L. Nguyen,Lee Nguyen,10/7/1986,32,172.72,68,"CAM,CM,ST",United States,76,76,7000000,9000,Right,1,3,4,Normal,10500000,,,,,67,70,42,78,68,78,75,72,72,74,74,68,78,75,74,73,45,72,60,71,63,43,71,76,76,78,55,44,34
A. Knockaert,Anthony Knockaert,11/20/1991,27,172.72,68.9,RM,France,76,76,8500000,44000,Left,1,3,4,Normal,16200000,,,,,75,71,59,73,61,83,75,71,64,80,75,72,90,72,84,73,72,72,54,70,80,52,74,74,68,73,58,40,34
Córdoba,Iñigo Córdoba Kerejeta,3/13/1997,21,154.94,73,LW,Spain,76,83,11000000,19000,Left,1,3,4,Lean,25300000,,,,,73,70,51,75,45,81,66,38,65,77,86,82,86,65,78,70,68,81,65,73,71,35,70,72,71,76,67,65,60
J. Veltman,Joël Veltman,1/15/1992,27,182.88,74.8,"RB,CB",Netherlands,76,77,7500000,16000,Right,2,4,2,Normal,11100000,,,,,70,50,73,73,38,64,40,34,73,66,63,68,67,77,68,60,72,81,74,41,81,80,55,56,42,74,76,80,78
N. Sansone,Nicola Sansone,9/10/1991,27,175.26,68,"ST,LM,RM",Italy,76,77,9000000,32000,Right,2,3,4,Normal,,,,,,68,77,65,75,73,79,76,69,65,76,82,79,83,74,83,80,66,59,65,75,68,38,76,77,74,75,46,44,33
A. Turan,Arda Turan,1/30/1987,32,152.4,76.2,"CM,RM,LM",Turkey,76,76,6500000,110000,Right,3,4,4,Normal,,,,,,77,71,65,78,78,78,79,64,78,79,72,62,75,71,76,75,78,55,64,75,84,61,77,79,73,79,69,63,60
H. Seferović,Haris Seferović,2/22/1992,27,187.96,84.8,ST,Switzerland,76,77,9000000,13000,Left,2,3,3,Normal,18700000,SL Benfica,79,LS,14,67,77,73,68,74,70,68,64,59,73,65,73,63,76,59,78,75,72,87,69,81,35,82,68,68,72,25,42,40
Rafael Cachoira,Rafael Jorgino Cachoira Rebelo,2/29/1988,31,187.96,83.9,"CB,CDM",Brazil,76,76,5500000,20000,Right,1,3,2,Stocky,10500000,,,,,56,30,73,66,49,58,62,49,76,62,49,60,51,67,53,60,51,61,83,42,84,75,40,36,42,70,82,77,73
A. Haidara,Amadou Haidara,1/31/1998,21,175.26,67.1,"CM,RM",Mali,76,84,11500000,32000,Right,1,2,4,Lean,21900000,,,,,68,68,50,77,61,76,75,62,73,76,79,77,76,77,74,75,76,80,69,74,62,71,74,76,62,80,59,70,66
F. Caputo,Francesco Caputo,8/6/1987,31,154.94,73.9,ST,Italy,76,76,7500000,17000,Right,1,4,3,Lean,13500000,,,,,50,79,72,68,74,72,58,54,58,70,85,88,86,70,77,75,92,74,74,70,50,14,76,55,77,75,40,20,11
M. Locatelli,Manuel Locatelli,1/8/1998,21,185.42,74.8,"CDM,CM",Italy,76,84,10000000,45000,Right,1,3,3,Lean,,,,,,68,54,68,78,64,73,64,60,74,79,63,65,67,68,54,76,59,75,70,74,68,75,54,75,60,66,76,74,72
J. Ayew,Jordan Ayew,9/11/1991,27,182.88,81.2,ST,Ghana,76,76,8500000,31000,Right,2,3,4,Normal,,,,,,70,75,76,73,71,77,75,69,60,76,76,77,78,76,75,76,70,79,70,72,68,40,74,69,74,69,36,52,35
T. Jedvaj,Tin Jedvaj,11/28/1995,23,182.88,82.1,"CB,RB,LB",Croatia,76,83,9500000,40000,Right,2,3,2,Normal,18100000,,,,,67,51,74,68,43,60,45,30,60,66,71,68,67,69,66,65,82,69,75,39,83,75,49,39,44,66,74,76,77
S. Hanni,Sofiane Hanni,12/29/1990,28,152.4,72.1,"CAM,LW",Algeria,76,76,8000000,1000,Right,1,4,4,Normal,16800000,,,,,74,74,57,74,70,77,71,70,69,75,76,74,77,74,75,76,34,79,65,75,53,51,75,77,67,74,60,54,45
Andrés Fernández,Andrés Eduardo Fernández Moreno,12/16/1986,32,187.96,82.1,GK,Spain,76,76,4700000,22000,Right,1,3,1,Normal,9800000,,,,,17,13,12,35,13,14,24,12,40,18,58,55,57,75,65,22,77,43,74,12,40,26,14,41,21,56,22,14,15
T. Monconduit,Thomas Monconduit,2/10/1991,28,182.88,83,"CDM,CM",France,76,77,7500000,18000,Right,1,3,2,Normal,15600000,,,,,58,49,68,76,39,70,65,58,74,71,62,69,65,73,61,65,69,85,75,57,75,75,64,68,52,72,75,75,75
N. Mukiele,Nordi Mukiele,11/1/1997,21,185.42,73.9,"RB,CB",France,76,85,10000000,28000,Right,1,3,3,Normal,19000000,,,,,74,30,69,73,35,72,68,33,67,73,78,84,69,69,64,57,86,69,79,52,72,76,59,60,45,70,73,78,80
D. Heintz,Dominique Heintz,8/15/1993,25,187.96,88.9,CB,Germany,76,78,8000000,19000,Left,2,3,2,Stocky,15000000,,,,,47,23,76,71,26,58,55,32,70,63,53,64,51,75,49,49,65,68,86,56,72,73,26,58,41,67,74,80,77
Júnior Caiçara,Uílson de Souza Paula Júnior,4/27/1989,29,172.72,69.9,"RB,RM",Brazil,76,76,6000000,24000,Right,2,4,3,Lean,11400000,,,,,74,43,55,79,51,76,70,70,74,75,84,77,77,74,88,71,69,81,52,62,74,70,72,69,75,67,72,77,75
A. Lennon,Aaron  Lennon,4/16/1987,31,165.1,63,"RM,LM",England,76,76,7000000,48000,Right,2,3,3,Normal,13300000,,,,,75,65,28,73,68,81,63,55,61,78,83,81,87,75,91,64,68,76,54,57,57,52,73,73,62,77,56,50,43
J. Willems,Jetro Willems,3/30/1994,24,152.4,82.1,"LWB,LB,LM,CDM",Netherlands,76,79,8000000,25000,Left,2,4,3,Stocky,14200000,,,,,86,54,67,75,53,78,84,63,71,78,79,76,73,74,83,78,77,75,75,68,73,70,68,77,46,71,71,73,72
M. Veljković,Miloš Veljković,9/26/1995,23,182.88,77.1,"CB,CDM",Serbia,76,83,9500000,21000,Right,1,3,2,Normal,18100000,,,,,39,23,76,72,30,52,31,24,73,67,61,71,55,75,64,45,83,67,76,31,67,77,37,47,37,73,74,76,74
I. Belfodil,Ishak Belfodil,1/12/1992,27,190.5,86.2,"ST,CF",Algeria,76,77,9000000,35000,Right,2,2,3,Lean,16000000,,,,,65,74,75,72,68,80,74,68,62,78,68,72,59,70,41,77,71,75,86,67,82,29,75,72,66,73,30,39,15
Miguel Lopes,Hugo Miguel Almeida Costa Lopes,12/19/1986,32,182.88,83,RB,Portugal,76,76,5000000,17000,Right,2,4,3,Normal,10000000,,,,,77,40,65,70,55,72,70,55,65,72,77,77,68,69,67,70,71,90,75,45,79,77,65,62,50,68,75,74,73
D. Stephens,Dale Stephens,6/12/1989,29,185.42,71.2,"CM,CDM",England,76,76,7500000,46000,Right,1,3,3,Lean,14300000,,,,,70,63,65,79,69,69,68,61,76,73,62,57,66,77,65,67,88,86,70,69,83,78,65,74,44,78,67,75,71
Brais Méndez,Brais Méndez Portela,1/7/1997,22,187.96,76.2,"RM,RW,CM,CAM",Spain,76,85,12000000,17000,Left,1,3,4,Lean,27600000,,,,,69,77,52,74,65,78,74,56,69,80,75,77,72,74,52,73,65,70,70,78,45,47,77,78,62,78,49,40,32
A. Smith,Adam Smith,4/29/1991,27,154.94,78,"LB,RB,RWB",England,76,77,7000000,51000,Right,1,3,3,Lean,13800000,,,,,74,43,64,74,43,76,64,66,63,74,77,80,72,74,69,72,49,76,65,68,66,74,68,69,48,72,74,78,76
Recio,José Luis García del Pozo,1/11/1991,28,182.88,73.9,"CDM,CM",Spain,76,77,7500000,26000,Right,1,3,3,Normal,16300000,,,,,64,58,59,77,55,72,76,67,73,75,55,40,66,75,62,81,49,76,68,72,87,76,75,74,69,69,73,75,62
Kiko Femenía,Francisco Femenía Far,2/2/1991,28,175.26,60.8,"RB,RWB,RM",Spain,76,76,6500000,44000,Right,1,3,3,Normal,12400000,,,,,78,55,52,77,54,81,65,55,54,78,77,79,82,70,85,56,69,77,65,65,70,74,69,69,60,68,72,78,77
M. Gaćinović,Mijat Gaćinović,2/8/1995,24,175.26,68.9,"CM,CAM",Serbia,76,82,10500000,28000,Right,1,3,4,Lean,20000000,,,,,69,72,47,78,61,83,60,51,73,79,78,78,90,75,79,67,64,78,53,68,65,57,69,76,62,65,61,64,65
P. Skjelbred,Per Ciljan Skjelbred,6/16/1987,31,175.26,73.9,"CDM,CM",Norway,76,76,5000000,24000,Right,2,3,3,Lean,8500000,,,,,65,43,52,75,40,75,67,61,70,79,66,55,76,77,77,56,74,86,66,42,79,80,55,72,55,77,68,74,72
Fernandinho,Da Conceição Fernando Henrique,3/16/1993,25,175.26,64.9,"CAM,RM",Brazil,76,79,9500000,11000,Left,1,3,4,Lean,21100000,,,,,70,67,44,75,58,78,67,60,70,77,80,80,72,77,79,75,87,70,66,71,63,50,75,73,63,74,56,50,49
S. Brown,Scott Brown,6/25/1985,33,175.26,79.8,CDM,Scotland,76,76,3100000,44000,Right,2,3,3,Stocky,5600000,,,,,53,44,50,79,42,70,55,44,70,72,64,66,74,72,73,70,77,85,77,48,88,76,47,56,74,86,76,75,71
M. Grujić,Marko Grujić,4/13/1996,22,190.5,82.1,"CDM,CM",Serbia,76,86,11000000,64000,Right,1,3,3,Normal,,,,,,60,71,78,78,61,79,60,51,74,78,59,67,68,75,52,75,76,75,77,64,77,71,75,77,57,83,69,74,73
A. Soumaoro,Adama Soumaoro,6/18/1992,26,187.96,91.2,CB,France,76,80,8500000,28000,Right,1,3,2,Normal,16800000,,,,,57,31,78,66,35,47,31,36,52,56,57,66,53,60,65,48,83,72,91,42,77,73,34,32,40,75,75,78,76
Raúl Navas,Raúl Rodríguez Navas,5/11/1988,30,185.42,83.9,CB,Spain,76,76,5500000,24000,Right,1,3,2,Normal,11600000,,,,,49,36,78,73,44,25,34,65,56,73,50,40,54,61,65,72,77,50,75,41,79,72,39,46,46,68,74,79,78
A. Szalai,Ádám Szalai,12/9/1987,31,193.04,89.8,ST,Hungary,76,76,7500000,35000,Right,2,3,3,Normal,12800000,Hungary,73,ST,9,49,80,84,72,68,69,58,42,48,75,45,46,63,76,59,82,64,65,87,64,74,41,78,65,76,75,31,41,13
A. Diawara,Amadou Diawara,7/17/1997,21,182.88,73.9,"CM,CDM",Guinea,76,84,11500000,38000,Right,2,3,3,Lean,21900000,,,,,64,48,59,80,46,76,62,37,76,80,68,70,78,73,69,66,58,78,70,56,80,74,54,78,52,75,73,74,72
L. Skorupski,Łukasz Skorupski,5/5/1991,27,187.96,83.9,GK,Poland,76,79,6500000,23000,Right,2,2,1,Lean,11500000,Poland,77,SUB,12,19,11,10,29,17,18,12,19,26,23,51,51,48,68,38,23,58,31,58,15,33,17,13,32,22,58,18,12,12
R. Hamouma,Romain Hamouma,3/29/1987,31,152.4,76.2,RM,France,76,76,7000000,30000,Right,2,4,3,Normal,13300000,,,,,76,73,63,77,73,78,76,70,71,79,75,73,78,72,74,70,60,71,60,73,60,39,76,74,71,73,38,41,41
K. Stöger,Kevin Stöger,8/27/1993,25,175.26,74.8,"CAM,CM,LM",Austria,76,79,10000000,25000,Left,1,3,3,Normal,18800000,,,,,74,67,45,78,63,77,68,63,78,76,74,67,77,75,77,69,58,79,60,71,50,35,68,79,48,72,38,29,35
K. Linetty,Karol Linetty,2/2/1995,24,175.26,73,CM,Poland,76,83,10500000,28000,Right,2,3,3,Normal,20000000,,,,,60,64,56,78,38,74,62,36,74,76,76,69,76,74,79,70,79,79,66,64,79,76,68,76,50,70,72,74,70
S. Bell,Stefan Bell,8/24/1991,27,193.04,88,CB,Germany,76,77,7500000,24000,Right,1,2,2,Normal,13300000,,,,,43,34,81,66,37,49,33,40,66,54,51,55,49,76,40,65,64,62,85,30,68,81,33,47,43,75,74,81,70
A. N'Diaye,Alfred John Momar N'Diaye,3/6/1990,29,187.96,89.8,"CDM,CM",Senegal,76,77,7000000,28000,Right,1,3,3,Stocky,,,,,,63,49,58,77,37,65,40,32,75,76,65,76,61,70,60,73,66,73,90,62,78,74,59,70,54,67,73,74,73
Y. Yazıcı,Yusuf Yazıcı,1/29/1997,22,182.88,73.9,"CAM,CM,RM",Turkey,76,83,11000000,22000,Left,1,4,4,Lean,24200000,Turkey,76,RM,11,77,71,68,76,68,78,79,76,70,77,70,75,76,68,69,78,55,80,69,75,68,40,74,76,60,73,38,54,45
B. Oczipka,Bastian Oczipka,1/12/1989,30,185.42,84.8,"LWB,LB,LM",Germany,76,76,6000000,28000,Left,2,2,2,Normal,10200000,,,,,81,50,68,75,47,72,61,70,74,74,65,76,65,75,62,75,73,77,75,64,75,72,66,60,70,73,75,78,77
F. Valverde,Federico Valverde,7/22/1998,20,182.88,78,"CM,LM,CAM",Uruguay,76,88,13000000,52000,Right,1,3,3,Normal,29300000,Uruguay,81,SUB,5,49,67,48,80,38,71,51,48,83,74,69,70,68,73,66,77,49,70,68,77,59,68,64,78,42,80,70,68,50
M. Benítez,Martín Benítez,6/17/1994,24,172.72,72.1,"CAM,LM,RM,RW",Argentina,76,80,10000000,18000,Right,1,2,4,Lean,14800000,,,,,69,75,57,75,66,81,63,42,63,75,88,78,84,75,66,72,51,83,66,73,44,57,75,69,69,75,65,33,23
M. Vorm,Michel Vorm,10/20/1983,35,182.88,83.9,GK,Netherlands,76,76,3100000,52000,Right,2,3,1,Normal,5800000,,,,,13,14,17,39,12,18,12,14,35,35,53,54,63,76,53,23,72,36,65,19,23,28,10,32,41,63,22,11,14
N. Mendy,Nampalys Mendy,6/23/1992,26,167.64,73,"CDM,CM",France,76,78,7500000,52000,Right,1,3,3,Stocky,14800000,,,,,67,49,65,80,43,71,69,54,72,77,71,68,74,74,87,62,76,79,68,64,77,74,56,62,55,70,74,75,74
J. Vázquez,José Juan Vázquez Gómez,3/14/1988,30,165.1,64,"CDM,CM",Mexico,76,76,5500000,20000,Right,1,3,2,Normal,9400000,,,,,55,40,55,79,48,59,58,59,70,71,77,73,78,73,88,68,69,90,64,64,63,79,65,65,56,80,73,77,74
Unai Núñez,Unai Núñez Gestoso,1/30/1997,22,185.42,81.2,CB,Spain,75,83,8500000,14000,Right,1,3,2,Normal,19600000,,,,,29,16,76,74,21,35,27,22,33,71,66,68,44,65,60,39,72,67,78,17,74,79,23,30,31,56,62,77,76
N. Radoja,Nemanja Radoja,2/6/1993,26,185.42,77.1,"CM,CDM",Serbia,75,78,8000000,20000,Right,1,3,3,Normal,17400000,,,,,44,72,51,77,32,70,37,36,78,73,49,38,53,69,46,63,62,55,66,71,74,77,79,80,42,64,60,80,78
K. Gibbs,Kieran  Gibbs,9/26/1989,29,152.4,69.9,"LB,LWB",England,75,75,5500000,31000,Left,2,2,3,Lean,10500000,,,,,72,48,66,73,47,71,66,52,65,74,78,80,76,75,74,67,71,78,67,59,72,74,68,65,63,73,73,76,73
A. Hamdallah,Abderrazak Hamdallah,12/17/1990,28,182.88,81.2,ST,Morocco,75,75,7000000,38000,Right,1,3,3,Normal,11900000,,,,,64,80,73,69,66,70,74,56,57,73,71,73,65,61,68,76,69,67,75,70,54,20,77,68,65,69,29,16,17
Pablo Santos,Pablo Renan dos Santos,3/18/1992,26,187.96,82.1,CB,Brazil,75,78,7000000,13000,Left,1,2,2,Normal,14500000,,,,,31,39,73,58,26,48,25,27,43,56,65,68,60,74,57,48,83,78,76,37,72,79,32,33,31,59,75,76,79
S. Fofana,Seko Fofana,5/7/1995,23,182.88,77.1,"CM,CDM",Ivory Coast,75,82,9000000,22000,Right,2,4,3,Lean,17100000,,,,,62,60,58,76,50,78,62,42,72,76,76,74,74,74,69,79,63,76,78,78,76,71,72,70,56,70,65,72,68
Felipe,Felipe Dias da Silva dal Belo,7/31/1984,34,187.96,74.8,CB,Brazil,75,75,2700000,13000,Left,2,3,2,Lean,4900000,,,,,34,20,74,62,19,44,49,21,64,60,38,41,49,72,63,68,69,48,67,40,70,81,29,46,35,68,77,80,76
C. Villanueva,Carlos Andrés Villanueva Roland,2/5/1986,33,172.72,73,"CAM,CM",Chile,76,76,6000000,36000,Left,1,3,5,Normal,10200000,,,,,65,64,41,80,81,78,75,80,77,77,63,62,89,74,81,79,35,71,44,77,40,42,68,78,73,74,66,44,36
Mossoró,José Márcio da Costa,7/4/1983,35,170.18,67.1,CAM,Brazil,76,76,3900000,25000,Right,1,4,4,Normal,7400000,,,,,71,69,60,77,72,77,77,69,72,78,76,67,78,72,90,75,74,62,50,77,87,42,72,77,66,76,44,42,47
Diego Rico,Diego Rico Salguero,2/23/1993,26,182.88,76.2,"LB,LWB",Spain,76,78,7500000,49000,Left,1,2,3,Normal,14800000,,,,,77,38,74,76,53,66,71,69,57,68,67,75,64,71,70,82,72,88,74,72,70,78,59,63,43,64,60,77,76
Alberto Moreno,Alberto Moreno Pérez,7/5/1992,26,170.18,64.9,LB,Spain,76,78,7500000,71000,Left,2,3,3,Normal,14400000,,,,,78,59,61,74,35,76,59,40,64,79,85,87,84,72,87,80,86,81,61,74,83,70,69,58,54,63,67,73,76
J. Clasie,Jordy Clasie,6/27/1991,27,170.18,66.2,"CM,CDM",Netherlands,76,77,8500000,44000,Right,2,4,3,Normal,,,,,,66,55,27,80,72,70,77,70,74,80,69,61,74,74,91,79,68,68,67,73,81,80,65,78,64,73,71,71,61
R. Funes Mori,Rogelio Gabriel Funes Mori,3/5/1991,28,182.88,81.2,ST,Argentina,76,77,9000000,46000,Right,2,4,3,Lean,15100000,,,,,65,78,77,70,72,75,75,58,65,73,78,75,77,78,72,72,78,79,76,67,78,49,78,72,70,76,25,45,44
O. Alonso,Osvaldo Alonso Moreno,11/11/1985,33,154.94,69.9,"CDM,CM",Cuba,76,76,4400000,8000,Right,1,4,2,Normal,6600000,,,,,47,50,66,82,69,74,66,51,78,74,68,68,70,73,75,84,65,74,76,66,87,70,66,65,66,77,71,73,72
A. Djiku,Alexander Djiku,8/9/1994,24,182.88,73.9,CB,France,76,82,9000000,18000,Right,1,3,2,Normal,19800000,,,,,71,34,73,64,35,67,57,43,59,71,74,79,67,67,66,50,81,75,77,42,78,79,55,55,43,66,75,76,77
J. Hogg,Jonathan Hogg,12/6/1988,30,175.26,73,"CDM,CM",England,76,76,6000000,42000,Right,1,3,3,Normal,11400000,,,,,58,54,64,74,53,67,46,41,69,68,69,68,64,74,72,61,64,89,75,54,85,75,58,64,41,70,75,79,76
D. Calvert-Lewin,Dominic Calvert-Lewin,3/16/1997,21,187.96,71.2,"ST,LM",England,75,82,9500000,60000,Right,1,3,3,Lean,20000000,,,,,63,69,78,68,63,76,51,42,40,75,80,86,73,74,64,76,79,77,77,61,70,34,75,62,54,66,38,31,23
M. Zeegelaar,Marvin Zeegelaar,8/12/1990,28,185.42,82.1,"LB,LWB",Netherlands,75,75,5500000,42000,Left,1,3,3,Normal,,,,,,75,56,60,69,58,74,68,52,59,76,69,77,65,73,53,76,65,78,79,64,71,74,74,67,53,68,73,75,74
G. Carrillo,Guido Carrillo,5/25/1991,27,190.5,87.1,ST,Argentina,75,76,8000000,46000,Right,1,3,3,Normal,,,,,,34,75,83,64,76,70,46,36,57,74,57,62,66,71,62,75,78,71,79,72,72,34,78,59,77,70,43,29,26
Jozabed,Jozabed Sánchez Ruiz,3/8/1991,28,154.94,67.1,"CM,CDM,CAM",Spain,75,76,7500000,21000,Right,1,3,3,Lean,16300000,,,,,61,73,64,78,54,72,71,57,72,75,67,61,71,74,64,71,65,67,66,74,58,64,80,79,54,67,40,73,67
A. Franco,Alan Javier Franco,10/11/1996,22,182.88,77.1,CB,Argentina,75,85,9500000,13000,Right,1,2,2,Normal,15200000,,,,,35,27,78,62,35,36,31,35,31,68,68,63,41,72,74,45,75,79,77,28,71,75,35,40,42,61,77,78,71
D. Brooks,David Brooks,7/8/1997,21,182.88,62.1,"RM,CAM",Wales,75,86,11500000,39000,Left,1,3,4,Lean,24200000,Wales,75,RM,13,69,71,40,76,50,77,65,48,66,75,76,76,85,74,79,67,59,72,49,55,44,34,71,76,58,78,28,31,28
J. Bruma,Jeffrey Bruma,11/13/1991,27,190.5,88,CB,Netherlands,75,78,7000000,35000,Right,2,3,2,Normal,,,,,,40,38,78,71,34,59,43,66,72,60,54,65,50,67,45,86,71,63,90,65,80,70,46,58,39,71,72,76,72
L. Sepe,Luigi Sepe,5/8/1991,27,185.42,74.8,GK,Italy,75,78,5500000,36000,Left,1,2,1,Normal,,,,,,12,14,13,32,18,14,13,12,31,22,49,46,46,71,34,21,57,27,68,19,12,20,10,43,17,63,28,19,19
S. Vokes,Sam Vokes,10/21/1989,29,187.96,89.8,ST,Wales,75,75,7000000,45000,Right,1,3,2,Stocky,13300000,Wales,75,SUB,9,59,77,83,68,70,65,61,46,60,76,50,55,50,76,60,80,89,73,84,71,80,42,78,70,79,75,42,38,29
Javi López,Javier López Rodríguez,1/21/1986,33,154.94,76.2,"RB,RWB",Spain,75,75,3700000,23000,Right,1,3,3,Normal,7700000,,,,,70,55,60,74,49,68,67,52,64,74,69,73,68,80,71,57,73,75,67,43,84,75,61,65,56,81,60,78,82
J. Amavi,Jordan Amavi,3/9/1994,24,175.26,69.9,LB,France,75,80,7500000,30000,Left,1,5,3,Normal,14800000,,,,,77,60,64,73,59,71,73,49,66,74,78,79,75,75,76,76,82,78,70,68,69,72,66,61,65,63,69,73,76
Idris,Idrissa Mandiang,12/27/1984,34,187.96,83,CDM,Senegal,75,75,2700000,8000,Right,1,2,2,Normal,5700000,,,,,48,40,75,72,43,64,49,40,65,67,47,58,57,74,50,76,65,92,81,57,89,75,54,59,53,66,74,77,69
A. Potuk,Alper Potuk,4/8/1991,27,152.4,67.1,"CAM,LM,RM",Turkey,75,76,7500000,53000,Right,1,4,3,Lean,14800000,,,,,70,60,59,75,50,77,75,40,74,75,77,79,87,74,83,75,72,79,61,70,78,46,72,71,50,70,58,49,49
O. Norwood,Oliver Norwood,4/12/1991,27,175.26,68.9,CM,Northern Ireland,75,75,7000000,14000,Right,1,3,2,Lean,13300000,Northern Ireland,71,CDM,16,74,58,58,78,69,62,72,75,82,76,59,55,68,71,73,77,64,69,58,73,69,73,59,76,70,69,69,74,70
R. Khedira,Rani Khedira,1/27/1994,25,187.96,83.9,"CB,CDM",Germany,75,78,7000000,18000,Right,1,3,2,Normal,13100000,,,,,42,34,67,75,29,57,38,41,68,68,54,59,59,68,57,58,66,79,79,51,79,79,43,59,46,66,73,76,75
D. Machís,Darwin Machís,2/7/1993,26,170.18,73.9,"LW,RW,CAM",Venezuela,75,76,8000000,26000,Right,1,4,4,Stocky,,Venezuela,73,LM,7,70,73,51,72,57,82,65,56,66,74,91,88,88,66,91,81,81,68,58,69,72,38,70,64,62,72,40,35,24
R. Quaison,Robin Quaison,10/9/1993,25,182.88,77.1,"CF,ST,LW",Sweden,75,78,8500000,24000,Right,1,3,3,Normal,15100000,Sweden,76,SUB,20,67,74,56,74,69,80,64,56,69,78,79,78,74,74,75,73,55,78,74,73,54,55,77,68,59,74,39,57,54
P. Dummett,Paul Dummett,9/26/1991,27,182.88,82.1,LB,Wales,75,76,6500000,38000,Left,1,2,3,Normal,12800000,Wales,75,SUB,3,61,41,73,70,33,65,54,52,68,69,65,68,61,75,74,42,75,79,74,35,75,77,56,52,43,65,77,77,81
L. Dimata,Landry Dimata,9/1/1997,21,182.88,83,ST,Belgium,75,83,10000000,31000,Right,1,3,3,Normal,,,,,,56,78,72,68,54,73,43,42,36,68,81,83,73,69,63,78,78,76,83,61,73,16,71,66,73,68,37,34,30
Allan Bardinho,Allan Norberto Bardini Paneira,2/29/1992,27,175.26,72.1,"CAM,CM",Brazil,75,75,7000000,22000,Left,1,4,4,Stocky,13300000,,,,,73,71,44,75,51,77,56,55,76,77,66,68,82,66,81,66,46,61,55,70,31,52,72,77,72,71,23,33,32
L. Butelle,Ludovic Butelle,4/3/1983,35,187.96,83.9,GK,France,75,75,1600000,11000,Left,2,3,1,Normal,3100000,,,,,11,11,13,31,12,11,10,15,23,23,33,35,37,65,28,24,63,28,69,12,35,18,15,44,22,59,11,11,11
S. Cristóforo,Sebastián Cristóforo,8/23/1993,25,175.26,68,"CDM,CM",Uruguay,75,79,7500000,36000,Right,2,3,3,Normal,,,,,,52,50,58,76,36,66,59,35,78,70,69,54,76,70,83,71,72,74,65,68,76,76,60,70,59,70,72,76,72
Jason,David Jason Remeseiro Salgueiro,7/6/1994,24,152.4,64.9,RM,Spain,75,81,9000000,19000,Right,1,4,3,Normal,20700000,,,,,69,74,56,74,69,78,70,69,66,76,81,79,79,69,77,75,67,73,67,71,48,50,76,73,68,66,43,41,39
M. Agu,Mikel Agu,5/27/1993,25,182.88,77.1,"CDM,CM",Nigeria,75,78,7000000,11000,Right,1,3,2,Normal,,,,,,47,41,65,74,38,64,44,35,70,70,67,66,68,71,61,56,82,86,76,40,86,76,33,47,46,60,74,78,75
E. Badu,Emmanuel Badu,12/2/1990,28,172.72,69.9,"CM,CDM",Ghana,75,75,7000000,25000,Right,2,3,3,Normal,11900000,,,,,69,60,70,76,72,76,64,50,69,75,86,75,88,75,81,76,90,88,66,74,72,74,74,70,58,73,69,74,72
N. Redmond,Nathan Redmond,3/6/1994,25,172.72,68.9,"LM,RW",England,75,79,8500000,36000,Right,2,3,4,Lean,16800000,,,,,72,66,33,72,55,81,69,65,61,79,86,83,90,64,88,80,43,69,43,75,38,22,73,72,57,68,23,26,30
Sandro,Sandro Ranieri Guimarães Cordeiro,3/15/1989,29,187.96,74.8,"CDM,CM",Brazil,75,75,5000000,16000,Right,2,3,3,Lean,,,,,,60,65,66,73,58,69,56,54,72,73,53,65,55,70,59,80,67,55,79,73,89,75,62,70,62,75,82,73,73
A. Mounier,Anthony Mounier,9/27/1987,31,175.26,64.9,"RW,LW,LM",France,75,75,6500000,1000,Left,2,2,3,Normal,14300000,,,,,74,66,60,76,74,80,78,65,64,80,83,77,84,68,78,70,62,68,60,66,60,38,74,71,70,76,41,32,28
Matheus Pereira,Matheus Fellipe Costa Pereira,5/5/1996,22,175.26,73.9,"RM,LM",Brazil,75,81,9000000,11000,Left,1,3,4,Normal,,,,,,73,72,43,73,69,81,78,71,59,78,79,79,83,69,88,74,66,74,55,72,61,39,73,69,71,70,43,37,29
C. Jallet,Christophe Jallet,10/31/1983,35,152.4,69.9,"RWB,LB",France,75,75,1900000,26000,Right,2,3,3,Lean,3600000,,,,,75,50,70,76,70,69,73,66,74,76,67,69,74,72,74,70,72,76,68,66,75,72,70,74,65,78,75,75,75
Diego Castro,Diego Castro Giménez,7/2/1982,36,175.26,71.2,LW,Spain,75,75,2900000,6000,Right,2,4,4,Normal,3700000,,,,,78,71,55,69,68,82,81,72,65,80,66,63,72,80,83,73,73,51,58,72,65,45,76,76,85,81,44,42,40
S. Okazaki,岡崎 慎司,4/16/1986,32,172.72,78,"CAM,CF",Japan,75,75,5000000,54000,Right,2,4,3,Normal,9500000,,,,,66,69,73,74,76,76,53,50,63,78,75,61,79,83,71,76,91,76,65,66,78,48,83,69,74,69,54,58,35
O. Kamara,Ola  Williams Kamara,10/15/1989,29,182.88,81.2,"ST,LW",Norway,75,75,7000000,10000,Right,1,3,3,Normal,10500000,,,,,54,77,68,64,77,69,61,52,48,75,71,77,72,75,70,75,81,79,77,64,72,34,77,63,71,74,39,20,19
Xeka,Miguel Ângelo da Silva Rocha,11/10/1994,24,185.42,83,"CDM,CM",Portugal,75,81,8000000,23000,Right,1,4,4,Normal,16800000,,,,,45,49,65,80,45,75,74,68,78,77,60,59,60,70,56,75,75,80,69,65,76,68,62,76,51,73,71,70,65
R. Karsdorp,Rick Karsdorp,2/11/1995,24,182.88,79.8,RB,Netherlands,75,80,7500000,39000,Right,1,3,3,Normal,13300000,,,,,77,53,69,72,66,74,60,60,73,75,86,87,65,73,65,80,74,70,69,69,78,67,65,67,52,68,71,75,75
Marafona,José Carlos Coentrão Marafona,5/8/1987,31,190.5,86.2,GK,Portugal,75,75,4000000,10000,Right,1,2,1,Normal,8100000,,,,,13,18,13,32,19,22,19,17,38,13,36,37,49,67,35,38,53,29,60,16,41,21,13,56,23,41,15,12,13
D. Valdés,Diego Valdés,1/30/1994,25,152.4,74.8,"CAM,CM",Chile,75,79,8500000,18000,Right,1,3,4,Lean,15100000,Santos Laguna,72,LCM,10,67,64,64,75,63,74,70,67,73,75,80,79,74,70,67,75,68,75,74,74,54,53,73,75,55,78,50,52,42
M. Gonalons,Maxime Gonalons,3/10/1989,29,187.96,76.2,"CDM,CM",France,75,75,5000000,47000,Right,3,4,3,Lean,,,,,,61,55,74,74,60,67,57,57,74,74,65,55,63,75,65,77,78,62,78,59,83,77,60,65,68,73,71,79,74
Burgui,Jorge Franco Alviz,10/29/1993,25,182.88,74.8,"LM,CAM,RM",Spain,75,78,8500000,19000,Right,1,3,3,Lean,18500000,,,,,74,69,55,74,54,78,76,64,63,77,74,78,72,72,63,65,56,78,62,66,35,38,75,69,59,69,59,28,21
F. Guarín,Fredy Alejandro Guarín Vásquez,6/30/1986,32,182.88,79.8,"CDM,CM",Colombia,75,75,3800000,14000,Right,3,4,3,Stocky,8200000,,,,,70,70,63,71,67,75,68,84,76,78,68,63,65,71,77,91,70,79,90,83,78,71,70,75,73,76,66,72,67
M. Jensen,Mathias Jensen,1/1/1996,23,172.72,68,CM,Denmark,75,81,9000000,19000,Right,1,4,3,Lean,20700000,,,,,63,65,50,76,50,73,63,66,75,74,74,74,87,74,79,71,72,87,63,69,65,59,69,80,69,80,76,63,54
R. Thomas,Ryan Thomas,12/20/1994,24,175.26,64,CM,New Zealand,75,80,9000000,13000,Right,1,4,3,Normal,13300000,New Zealand,66,RCM,14,66,52,34,75,50,78,62,63,76,79,77,75,77,74,78,70,84,75,60,61,71,75,64,78,63,77,61,58,56
B. Butko,Bogdan Butko,1/13/1991,28,182.88,72.1,RB,Ukraine,75,75,5500000,1000,Right,1,4,3,Lean,11600000,,,,,74,34,56,71,45,68,61,29,63,70,80,78,76,76,66,66,76,77,63,60,67,75,62,63,36,63,78,72,77
L. Cigarini,Luca Cigarini,6/20/1986,32,175.26,72.1,"CM,CDM",Italy,75,75,5000000,29000,Right,2,4,3,Normal,8500000,,,,,76,58,48,80,70,71,76,78,79,77,66,55,70,68,77,74,49,64,64,74,62,70,62,77,72,73,73,66,60
A. Musa,Ahmed Musa,10/14/1992,26,170.18,62.1,"LM,ST",Nigeria,75,76,8000000,33000,Right,2,3,3,Lean,14200000,,,,,69,72,64,65,71,73,60,48,57,73,95,92,87,77,86,74,74,88,48,71,33,24,76,68,69,71,28,28,24
M. Morozyuk,Mykola Morozyuk,1/17/1988,31,175.26,71.2,"RB,RM,LB,LM",Ukraine,75,75,4800000,13000,Right,1,4,3,Normal,9600000,,,,,77,59,37,76,69,67,69,80,68,69,74,75,78,82,85,68,63,82,37,69,40,73,44,76,49,70,74,72,74
G. Schennikov,Georgiy Schennikov,4/27/1991,27,154.94,74.8,"LWB,LM",Russia,75,76,6000000,1000,Left,1,3,3,Lean,13700000,,,,,72,55,66,71,43,67,67,62,69,72,84,76,79,70,72,53,72,84,63,51,74,74,60,66,59,65,74,73,74
André Ramalho,André Ramalho Silva,2/16/1992,27,182.88,78,"CB,CDM",Brazil,75,77,6500000,30000,Right,1,5,2,Normal,10200000,,,,,46,51,80,73,42,62,58,68,75,68,52,50,67,75,66,76,87,73,77,72,62,78,59,66,42,70,72,74,70
T. Foket,Thomas Foket,9/25/1994,24,152.4,73.9,RB,Belgium,75,80,7500000,14000,Right,1,3,3,Normal,15600000,,,,,73,50,56,70,61,73,69,57,69,72,79,80,75,72,73,67,82,83,68,62,69,72,68,68,49,69,73,74,75
P. Foden,Philip Foden,5/28/2000,18,170.18,68.9,"CAM,CM",England,75,90,13500000,42000,Left,1,3,4,Lean,33400000,,,,,68,63,47,79,48,76,68,57,74,78,78,73,86,69,88,70,50,71,43,61,62,58,69,76,48,78,56,58,47
Walace,Walace Souza Silva,4/4/1995,23,187.96,74.8,"CDM,CM",Brazil,75,81,8000000,24000,Right,1,3,3,Normal,15200000,,,,,48,58,61,80,76,67,55,52,76,76,68,66,61,72,66,78,57,68,77,76,80,78,56,69,60,72,76,66,58
I. Kahveci,İrfan Can Kahveci,7/15/1995,23,175.26,67.1,"CAM,CM,LM",Turkey,75,80,9000000,21000,Left,1,4,4,Normal,17800000,Turkey,76,SUB,23,65,65,55,77,60,80,77,75,73,77,76,78,75,71,79,70,58,79,62,70,65,63,67,75,54,71,49,49,43
J. Briand,Jimmy Briand,8/2/1985,33,154.94,83.9,ST,France,75,75,5500000,39000,Right,2,3,3,Normal,11000000,,,,,71,78,75,77,75,74,67,66,68,69,65,69,74,73,66,77,75,69,74,70,69,42,77,75,69,76,42,46,40
D. Rolán,Diego Rolán,3/24/1993,25,152.4,69.9,"ST,LM,RM",Uruguay,75,78,8500000,11000,Right,2,4,3,Lean,,,,,,73,76,66,74,66,76,66,70,62,74,74,78,77,76,69,74,72,68,66,63,64,34,78,74,75,69,52,33,35
C. Théréau,Cyril Théréau,4/24/1983,35,187.96,78.9,"LW,CF",France,75,75,2900000,38000,Right,2,4,4,Lean,,,,,,70,80,76,76,80,79,69,66,60,81,66,68,69,74,58,76,72,63,72,70,60,24,77,78,71,76,50,24,20
B. Valdez,Bruno Valdez,10/6/1992,26,182.88,78.9,"CB,RB",Paraguay,75,77,7000000,45000,Right,1,3,2,Stocky,12400000,,,,,61,32,80,66,39,47,28,31,52,62,56,72,51,64,54,44,88,81,76,30,66,75,51,47,48,65,75,75,75
M. Konaté,Pape Moussa Konaté,4/3/1993,25,182.88,78,ST,Senegal,75,79,8500000,19000,Right,1,4,3,Normal,17600000,,,,,60,75,76,62,65,73,46,37,36,73,82,85,79,74,70,73,85,71,74,57,37,24,75,56,78,68,12,17,15
H. Ayala,Hugo Ayala Castro,3/31/1987,31,182.88,81.2,CB,Mexico,75,75,4500000,42000,Right,1,2,2,Normal,7200000,,,,,61,52,71,66,46,51,46,41,62,64,55,67,63,77,44,65,67,74,75,57,64,74,44,55,55,75,78,78,76
J. Kluivert,Justin Kluivert,5/5/1999,19,170.18,66.2,"LW,RW",Netherlands,75,86,11000000,28000,Right,1,4,4,Normal,20900000,,,,,69,70,52,68,67,82,72,58,54,78,91,88,85,67,83,77,66,69,55,76,66,25,65,72,66,74,47,32,27
P. Tau,Percy Tau,5/13/1994,24,167.64,64.9,"ST,RW,LW,CAM",South Africa,75,81,,,Right,1,4,4,Normal,,,,,,75,85,52,75,69,80,76,63,56,83,79,76,72,73,88,68,47,60,36,72,40,29,82,77,68,79,38,35,25
Eraso,Javier Eraso Goñi,3/22/1990,28,154.94,71.2,"CAM,CDM,RM",Spain,75,75,6500000,28000,Right,1,3,3,Lean,13700000,,,,,64,78,54,79,59,73,53,59,78,75,59,59,44,80,58,70,73,85,67,75,82,67,79,72,53,80,47,64,57
A. Boruc,Artur Boruc,2/20/1980,39,193.04,87.1,GK,Poland,75,75,450000,25000,Right,2,3,1,Normal,855000,,,,,12,11,11,25,13,14,13,19,34,18,37,39,40,69,40,21,73,31,69,15,38,25,17,40,21,63,15,20,20
S. Larsson,Sam Larsson,4/10/1993,25,152.4,69.9,LW,Sweden,75,77,8000000,14000,Right,1,2,5,Normal,11800000,,,,,68,68,40,72,66,82,77,78,70,80,74,74,83,70,76,77,50,72,64,79,47,52,69,74,55,74,29,42,25
Paulinho,Paulo Henrique Soares dos Santos,7/10/1994,24,170.18,63,"CAM,CM,RW",Brazil,75,81,9000000,9000,Left,1,3,4,Normal,20700000,,,,,66,69,47,77,64,73,67,68,69,74,73,68,86,70,90,60,71,70,35,67,38,40,78,78,65,76,23,30,20
J. Urretaviscaya,Jonathan Matías Urretaviscaya da Luz,3/19/1990,28,172.72,66.2,"RW,RM",Uruguay,75,75,6500000,46000,Right,1,3,4,Lean,10400000,,,,,75,68,54,73,66,75,75,70,66,76,84,86,77,72,72,78,66,70,60,67,56,30,72,71,61,73,29,35,30
Y. Aït Bennasser,Youssef Aït Bennasser,7/7/1996,22,182.88,73.9,"CM,CDM",Morocco,75,83,10000000,39000,Right,1,3,3,Normal,,,,,,64,56,58,78,62,78,59,56,79,80,73,75,76,67,68,74,71,70,67,67,62,67,68,75,42,72,62,68,67
P. Bernardoni,Paul Bernardoni,4/18/1997,21,190.5,78,GK,France,75,84,8000000,17000,Left,1,2,1,Normal,,,,,,12,13,21,28,17,16,15,18,24,25,31,27,21,53,34,19,46,30,46,16,29,25,15,21,19,55,16,12,18
J. Brenet,Joshua Brenet,3/20/1994,24,154.94,73.9,"LWB,LB,RB,RWB",Netherlands,75,77,6500000,24000,Right,1,3,3,Lean,11500000,,,,,71,36,66,68,35,74,30,31,61,69,89,85,70,73,69,30,59,79,66,31,71,70,58,56,56,62,71,70,76
Aleñá,Carles Aleñá Castillo,1/5/1998,21,154.94,73,"CM,RW,CAM",Spain,75,87,12000000,77000,Left,1,3,4,Normal,27000000,,,,,66,66,34,75,41,79,68,59,70,78,78,76,79,76,75,69,52,69,63,73,52,68,71,77,73,77,70,62,48
Thiago Maia,Thiago Maia Alencar,3/23/1997,21,152.4,78.9,"CDM,CM",Brazil,75,82,8000000,19000,Left,1,3,3,Normal,16800000,,,,,61,46,63,77,53,70,53,52,73,74,69,70,60,74,64,74,74,75,74,65,75,74,61,65,58,75,70,78,72
R. Skov,Robert Skov,5/25/1996,22,182.88,76.2,RM,Denmark,75,83,10000000,18000,Left,1,3,3,Lean,15000000,,,,,70,72,50,71,66,75,82,84,68,75,81,83,76,68,73,85,49,77,70,80,74,45,72,72,70,70,46,45,43
M. Isla,Mauricio Aníbal Isla Isla,6/12/1988,30,175.26,74.8,"RB,CM",Chile,75,75,4800000,48000,Right,2,3,3,Lean,9100000,Chile,77,RB,4,78,41,58,75,58,75,78,64,72,73,80,75,84,74,78,65,66,79,68,66,76,73,70,68,68,76,72,75,75
W. McKennie,Weston McKennie,8/28/1998,20,185.42,83.9,"CM,CDM,CAM,RM",United States,75,85,10500000,13000,Right,1,3,3,Normal,20000000,United States,74,LCM,8,56,56,76,76,49,74,56,55,67,75,65,66,68,77,68,73,85,83,82,67,82,75,73,74,58,68,75,76,70
J. Tavernier,James Tavernier,10/31/1991,27,182.88,74.8,RB,England,75,76,6500000,42000,Right,1,3,3,Lean,12200000,,,,,76,59,70,74,52,78,77,69,69,74,85,87,72,65,80,69,70,86,80,68,69,68,69,69,82,73,63,74,72
S. Kalu,Samuel Kalu Ojim,8/26/1997,21,175.26,73.9,"RM,RW",Nigeria,75,86,11500000,27000,Right,1,4,4,Normal,25300000,,,,,75,69,62,70,48,76,72,71,61,75,92,83,81,69,79,65,87,70,34,61,57,26,70,70,52,74,26,31,24
Marlon,Marlon da Silva Barbosa,9/7/1995,23,182.88,79.8,CB,Brazil,75,82,8000000,34000,Right,1,3,3,Normal,16000000,,,,,43,40,71,72,33,64,57,46,69,72,63,71,60,65,59,61,64,66,78,36,76,77,36,46,58,66,75,73,75
A. Duncan,Joseph Alfred Duncan,3/10/1993,25,152.4,78,CM,Ghana,75,80,8500000,42000,Left,2,3,3,Stocky,15900000,,,,,73,50,68,79,58,71,64,50,74,74,77,71,73,77,70,83,78,80,68,78,86,79,68,67,44,76,73,79,74
S. Sturaro,Stefano Sturaro,3/9/1993,25,154.94,79.8,CM,Italy,75,78,8000000,16000,Right,2,3,3,Normal,15000000,,,,,68,55,68,77,74,76,64,64,75,77,74,74,74,68,67,78,67,79,78,77,86,75,73,69,68,74,76,78,77
H. Arter,Harry Arter,12/28/1989,29,175.26,69.9,CM,Republic of Ireland,75,75,6500000,55000,Left,1,5,3,Normal,,Republic of Ireland,74,SUB,22,62,66,53,80,63,69,64,70,77,74,65,58,70,72,75,75,68,71,69,73,86,70,69,73,68,73,64,74,67
V. Buyalskyi,Vitaliy Buyalskyi,1/6/1993,26,170.18,60.8,"CM,CAM,CDM",Ukraine,75,78,8000000,1000,Right,1,4,3,Lean,17400000,,,,,64,68,38,75,52,75,54,50,69,73,70,72,86,76,88,66,54,78,34,72,47,75,69,75,49,73,65,74,69
M. Sarr,Malang Sarr,1/23/1999,20,182.88,73,"CB,LB",France,75,84,8500000,11000,Left,1,4,2,Stocky,17900000,,,,,68,49,73,74,37,62,68,40,69,67,74,72,74,72,70,50,78,79,79,40,68,74,59,63,44,78,72,77,75
I. Fernández,Ignacio Fernández,1/12/1990,29,182.88,67.1,"CM,CAM",Argentina,75,75,6500000,23000,Left,1,3,4,Lean,9100000,,,,,71,64,56,76,62,78,73,69,74,75,75,75,76,72,66,74,33,82,70,76,72,62,75,78,61,76,67,62,56
H. Hateboer,Hans Hateboer,1/9/1994,25,187.96,73.9,"RM,RB",Netherlands,75,77,8000000,22000,Right,1,2,3,Lean,14200000,,,,,77,55,63,75,52,77,41,30,70,76,76,82,64,76,64,72,74,86,68,58,71,65,70,67,47,67,73,77,75
F. Niederlechner,Florian Niederlechner,10/24/1990,28,187.96,86.2,ST,Germany,75,75,7000000,25000,Right,1,4,3,Normal,12600000,,,,,54,79,69,64,73,71,59,44,48,68,68,74,67,74,62,81,64,77,78,72,80,35,77,59,66,69,27,35,28
P. Schwegler,Pirmin Schwegler,3/9/1987,32,152.4,73.9,"CDM,CM",Switzerland,75,75,4500000,28000,Right,2,4,3,Normal,7600000,,,,,70,59,68,77,65,72,62,72,78,75,48,33,72,76,72,77,76,68,65,77,65,75,68,76,66,81,79,73,73
B. Pearson,Ben Pearson,1/4/1995,24,175.26,71.2,CDM,England,75,81,8000000,12000,Right,1,3,3,Lean,16800000,,,,,52,47,50,71,40,70,45,40,68,72,73,69,70,66,75,63,85,90,78,44,95,74,57,64,42,73,73,75,74
T. Abraham,Tammy Abraham,10/2/1997,21,190.5,79.8,ST,England,75,85,11000000,64000,Right,1,3,3,Lean,,,,,,47,78,76,64,62,68,50,42,41,73,71,81,65,74,56,75,69,66,79,64,41,22,77,61,72,73,35,23,15
Jefferson,Jefferson Moreira Nascimento,7/5/1988,30,175.26,72.1,LB,Brazil,75,75,5000000,12000,Left,2,2,2,Normal,10000000,,,,,84,55,64,73,70,75,81,78,77,74,77,74,74,69,74,83,71,83,71,80,72,68,71,69,63,59,65,78,78
J. Mæhle,Joakim Mæhle,5/20/1997,21,182.88,79.8,RB,Denmark,75,84,9000000,10000,Right,1,3,3,Normal,15300000,,,,,74,46,59,72,62,77,63,25,68,72,87,89,68,70,71,65,80,91,74,62,72,68,71,65,33,65,66,75,68
Unai López,Unai López Cabrera,10/30/1995,23,170.18,69.9,"CM,LM,CDM",Spain,75,82,9000000,19000,Right,1,3,3,Normal,20700000,,,,,71,74,51,77,55,75,73,79,72,76,74,72,82,70,89,63,74,79,54,71,72,69,68,73,46,62,57,72,59
I. Amadou,Ibrahim Amadou,4/6/1993,25,182.88,81.2,"CDM,CB",France,75,80,7500000,14000,Right,2,3,3,Normal,16300000,,,,,45,39,65,76,29,65,34,32,73,68,69,73,63,76,68,75,74,77,82,62,80,76,42,65,51,67,74,76,70
C. Günter,Christian Günter,2/28/1993,26,182.88,83,"LB,LWB",Germany,75,76,6500000,20000,Left,2,2,3,Stocky,12200000,,,,,76,38,57,69,39,72,72,68,59,68,73,87,67,71,63,70,53,85,76,49,83,72,59,51,44,67,69,75,74
O. Onazi,Ogenyi Eddy Onazi,12/25/1992,26,172.72,73,"CDM,CM",Nigeria,75,78,7000000,25000,Right,1,3,3,Normal,14500000,,,,,67,51,53,74,68,72,70,50,74,75,83,78,90,71,91,78,55,85,68,77,69,74,68,72,60,65,70,75,73
J. Montero,Jefferson Antonio Montero Vite,9/1/1989,29,172.72,69.9,"LM,LW",Ecuador,75,75,6500000,29000,Right,2,3,4,Normal,,Ecuador,72,LM,10,72,66,50,68,64,81,76,64,66,78,91,90,84,65,85,76,69,54,68,68,40,25,71,72,68,75,19,38,20
O. Murillo,Oscar Fabián Murillo Murillo,4/18/1988,30,182.88,83,CB,Colombia,75,75,4900000,25000,Left,1,4,2,Normal,8400000,Pachuca,72,LCB,23,59,42,75,61,22,46,35,27,65,56,66,72,54,70,43,43,85,66,83,35,76,79,29,44,32,70,71,77,66
Borja Bastón,Borja González Tomás,8/25/1992,26,190.5,82.1,ST,Spain,75,78,8500000,29000,Right,2,4,3,Lean,,,,,,51,75,76,68,76,66,68,46,54,74,51,62,62,73,34,78,53,63,91,72,61,23,78,65,72,70,55,32,24
L. Zelarayán,Lucas Zelarayán,6/20/1992,26,172.72,73,"CAM,CM",Argentina,75,77,8000000,46000,Right,1,3,3,Normal,13400000,,,,,71,64,50,73,69,79,74,75,72,75,78,75,91,69,76,73,81,72,59,65,50,44,69,78,67,61,50,43,35
M. Kelly,Martin Kelly,4/27/1990,28,190.5,77.1,"CB,RB",England,75,76,6000000,44000,Right,2,3,2,Normal,11900000,,,,,70,38,76,68,39,58,60,35,64,67,46,52,56,73,53,61,68,61,76,38,71,72,42,39,58,74,75,77,76
A. Umar,Aminu Umar,3/6/1995,24,175.26,72.1,"LM,RM",Nigeria,75,80,9000000,13000,Right,1,3,4,Normal,18700000,,,,,66,65,45,74,54,79,59,47,64,78,90,88,89,70,83,75,62,72,69,71,74,66,66,72,53,75,50,60,54
Zaldúa,Joseba Zaldúa Bengoetxea,6/24/1992,26,175.26,69.9,RB,Spain,75,78,7000000,23000,Right,1,3,2,Normal,15200000,,,,,77,25,75,78,23,55,53,41,55,68,69,69,63,68,71,48,67,65,60,40,78,76,49,34,32,63,71,78,79
M. Diagne,Mbaye Diagne,10/28/1991,27,190.5,86.2,ST,Senegal,75,76,8000000,51000,Right,1,3,2,Lean,15800000,,,,,33,80,84,63,60,60,43,32,38,74,66,66,44,68,33,79,54,70,89,58,48,19,79,58,68,62,30,25,29
Jovane Cabral,Jovane Eduardo Borges Cabral,6/14/1998,20,175.26,68,"LW,RW",Cape Verde,75,85,11000000,11000,Right,1,4,4,Normal,24200000,,,,,74,65,57,69,70,81,76,57,66,77,87,86,88,73,83,73,72,71,68,67,59,23,73,68,63,80,37,35,28
S. Dann,Scott Dann,2/14/1987,32,187.96,78,CB,England,75,75,4500000,42000,Right,2,3,2,Normal,8500000,,,,,30,40,81,59,29,38,30,29,58,60,32,33,42,77,51,52,66,56,77,32,72,77,36,48,30,70,77,76,75
M. Pavlović,Mateo Pavlović,6/9/1990,28,195.58,93.9,CB,Croatia,75,75,5500000,21000,Right,1,3,2,Normal,11000000,,,,,37,67,79,64,43,49,57,50,55,69,32,30,33,64,34,68,79,66,93,58,83,65,68,34,42,70,72,77,74
A. Surman,Andrew Surman,8/20/1986,32,152.4,73,"CM,CDM",England,75,75,5500000,53000,Left,1,4,3,Lean,10500000,,,,,68,63,59,82,55,67,61,68,77,77,59,53,59,75,72,68,70,72,65,67,68,66,66,78,67,76,66,68,61
F. Kainz,Florian Kainz,10/24/1992,26,175.26,71.2,"LM,CM,CAM",Austria,75,76,8000000,19000,Right,1,5,4,Lean,12600000,Austria,77,SUB,17,72,71,43,72,55,80,69,71,70,79,85,77,88,69,83,70,70,74,55,76,37,24,67,65,58,63,54,31,25
Fran Beltrán,Francisco José Beltrán Peinado,2/3/1999,20,170.18,64,"CDM,CM",Spain,75,83,8000000,8000,Right,1,3,3,Normal,18400000,,,,,69,47,60,75,55,75,54,55,77,73,73,72,80,71,79,61,59,69,64,55,68,76,63,76,49,66,78,75,79
K. Vermeer,Kenneth Vermeer,1/10/1986,33,154.94,78,GK,Netherlands,75,75,3800000,10000,Right,2,4,1,Normal,5400000,,,,,13,13,16,53,11,25,16,13,33,39,60,55,64,71,57,24,80,35,57,13,35,25,19,66,30,64,14,16,14
Fontàs,Andreu Fontàs Prat,11/14/1989,29,185.42,86.2,CB,Spain,75,76,6000000,8000,Left,1,3,2,Normal,9500000,,,,,60,45,72,75,46,58,58,52,77,67,32,31,54,75,35,58,45,41,84,47,77,80,43,56,52,69,65,79,75
L. Quiñones,Luis Enrique Quiñónes,6/26/1991,27,152.4,64.9,"LM,RM,CM",Colombia,75,75,7000000,46000,Left,1,4,4,Lean,11200000,,,,,71,73,51,69,70,76,61,40,66,76,89,93,88,73,67,71,56,62,63,67,59,21,73,70,54,72,47,23,23
M. Leckie,Mathew Leckie,2/4/1991,28,154.94,82.1,"RM,LM,RW",Australia,75,75,7000000,25000,Right,2,4,3,Normal,11900000,Australia,73,SUB,7,76,68,72,68,65,76,72,36,54,75,91,89,75,70,78,74,87,77,70,67,73,54,73,65,69,67,63,48,40
Tchê Tchê,Danilo das Neves Pinheiro,9/30/1992,26,175.26,66.2,"CM,CDM",Brazil,75,78,8000000,1000,Right,1,4,3,Lean,17400000,,,,,70,62,54,75,67,78,71,66,72,76,82,78,79,73,79,73,59,76,50,72,57,68,69,75,68,70,75,70,68
S. March,Solly March,7/20/1994,24,154.94,77.1,"LM,RM,RW",England,74,78,7500000,34000,Left,1,2,3,Lean,14800000,,,,,76,66,40,72,54,79,70,64,65,75,78,79,78,64,77,74,35,68,61,71,55,30,67,73,55,68,63,50,42
B. Dabo,Bryan Dabo,2/18/1992,27,185.42,81.2,"CM,CDM",Burkina Faso,74,75,6500000,43000,Right,1,3,4,Normal,11500000,,,,,66,62,70,77,60,74,62,58,73,74,68,67,72,68,69,78,82,78,79,68,82,74,70,68,62,72,71,76,72
F. Midtsjø,Fredrik Midtsjø,8/11/1993,25,175.26,69.9,"CM,CDM",Norway,74,77,7000000,12000,Right,1,3,3,Normal,11000000,Norway,75,SUB,8,65,62,58,77,62,72,66,55,73,74,74,73,80,74,83,72,65,87,73,68,74,72,67,72,51,77,67,68,65
Arribas,Alejandro Arribas Garrido,5/1/1989,29,182.88,76.2,CB,Spain,74,74,4400000,18000,Right,2,3,2,Normal,7400000,,,,,57,44,71,70,14,48,40,32,58,68,40,54,55,70,57,45,80,63,78,15,80,74,26,40,37,66,72,75,72
Duirval Diniz,Duirval Hélton Diniz Cabral,2/29/1984,35,187.96,82.1,"CB,RB",Brazil,74,74,1700000,13000,Right,1,3,2,Normal,3200000,,,,,45,44,75,66,34,41,36,55,62,55,56,53,55,71,53,54,71,61,82,52,72,72,24,45,61,67,76,76,75
O. Watkins,Ollie Watkins,12/30/1995,23,154.94,69.9,"RW,LW,ST",England,74,81,8000000,35000,Right,1,3,3,Lean,16800000,,,,,67,72,58,71,53,77,60,56,59,72,79,85,82,68,73,69,66,66,68,68,34,44,72,74,60,54,40,46,36
R. Tapia,Renato Tapia,7/28/1995,23,182.88,78,"CDM,CM",Peru,74,79,6500000,10000,Right,1,4,3,Normal,,Peru,73,RDM,13,60,44,66,71,63,74,65,54,75,76,72,66,72,68,67,69,82,75,77,62,82,74,60,66,61,63,71,72,75
E. Roco,Enzo Pablo Roco Roco,8/16/1992,26,193.04,78.9,CB,Chile,74,77,6000000,33000,Right,2,3,2,Normal,11900000,Chile,77,SUB,3,40,43,79,70,27,55,27,31,60,62,37,43,57,73,43,45,78,70,82,39,66,72,42,49,34,67,77,75,68
J. Svensson,Jonas Svensson,3/6/1993,26,170.18,69.9,"RB,CM",Norway,74,77,6000000,12000,Right,1,3,3,Stocky,9500000,Norway,75,RB,16,74,55,59,73,61,73,72,54,66,69,76,79,74,72,86,74,73,89,77,58,81,71,68,65,48,71,70,74,71
L. Orbán,Lucas Alfonso Orbán Alegre,2/3/1989,30,152.4,78.9,"CB,LB",Argentina,74,74,4400000,18000,Left,1,3,2,Lean,6100000,,,,,70,48,64,67,47,57,74,44,64,67,57,69,65,69,51,67,78,68,76,49,79,74,59,58,61,71,69,75,78
G. Donsah,Godfred Donsah,6/17/1996,22,175.26,69.9,CM,Ghana,75,81,9000000,25000,Right,1,3,3,Normal,17100000,,,,,74,52,56,76,66,78,72,64,76,78,78,75,82,74,85,82,78,88,76,70,74,62,62,71,64,72,82,72,72
L. Krejčí,Ladislav Krejčí,7/5/1992,26,154.94,68,"LW,RW,RM",Czech Republic,75,75,7000000,30000,Left,2,2,4,Lean,11900000,,,,,76,60,40,78,69,79,79,76,70,78,79,79,79,70,79,76,80,73,47,74,68,45,75,72,67,76,56,47,43
S. Sinclair,Scott Sinclair,3/25/1989,29,152.4,69.9,LM,England,75,75,6500000,48000,Right,2,4,4,Lean,11700000,,,,,66,74,60,72,65,76,72,62,47,74,91,91,90,74,82,76,66,85,62,66,45,44,75,66,80,68,46,33,28
B. Jokič,Bojan Jokič,5/17/1986,32,175.26,77.1,"LWB,LB",Slovenia,75,75,,,Left,1,3,2,Stocky,,,,,,76,48,65,74,56,62,67,59,69,74,79,79,71,69,76,68,81,77,76,61,81,74,60,55,49,75,62,76,75
M. Thuram,Marcus Thuram,8/6/1997,21,193.04,88,"LM,ST",France,75,83,10000000,16000,Right,1,3,3,Normal,22000000,,,,,67,74,73,74,66,77,40,30,63,75,83,84,71,70,54,79,65,70,84,70,53,45,74,69,65,69,43,46,37
S. Romero,Silvio Ezequiel Romero,7/22/1988,30,152.4,76.2,"ST,RM",Argentina,75,75,6500000,22000,Right,1,3,3,Stocky,9100000,,,,,64,77,71,71,71,74,71,45,63,75,76,73,78,71,70,78,62,70,74,67,42,26,75,71,76,59,25,48,37
C. Atsu,Christian Atsu,1/10/1992,27,165.1,64.9,"LM,RM",Ghana,74,74,6000000,39000,Left,1,3,3,Lean,11400000,,,,,65,64,47,70,58,76,70,58,62,74,92,88,88,72,92,72,66,68,36,66,43,35,72,70,73,64,30,33,32
C. Träsch,Christian Träsch,9/1/1987,31,154.94,74.8,"CDM,RB",Germany,74,74,4200000,21000,Right,2,4,3,Normal,6700000,,,,,73,46,62,73,60,67,65,41,72,70,67,74,66,73,65,78,71,81,74,73,77,76,63,70,51,74,72,72,72
F. Pogba,Florentin Pogba,8/19/1990,28,187.96,87.1,"CB,LB",Guinea,74,74,4700000,7000,Left,2,3,2,Stocky,7100000,,,,,64,21,71,64,45,54,60,65,61,59,63,66,62,60,52,73,73,73,86,63,80,73,36,42,38,72,73,74,71
Reguilón,Sergio Reguilón Rodríguez,12/16/1996,22,152.4,68,LB,Spain,74,85,8500000,63000,Left,1,3,2,Normal,19100000,,,,,72,43,65,72,42,71,70,43,64,72,82,81,76,71,71,60,66,77,58,54,69,72,67,65,42,70,71,72,71
Caio Milaçar,Caio Bruno Milaçar Kenedy,2/29/1984,35,170.18,67.1,CAM,Brazil,74,74,2800000,19000,Right,1,4,4,Lean,5300000,,,,,59,72,47,75,69,75,68,64,60,75,68,66,76,74,85,60,48,67,44,63,41,43,68,76,73,79,17,32,30
M. Kempf,Marc-Oliver Kempf,1/28/1995,24,185.42,87.1,CB,Germany,74,80,6500000,22000,Left,1,3,2,Normal,12400000,,,,,41,31,75,65,30,56,36,39,67,61,65,68,64,69,59,52,90,61,80,38,76,75,33,54,52,65,70,74,73
Daniel Ayala,Daniel Sánchez Ayala,11/7/1990,28,190.5,83.9,CB,Spain,74,76,5500000,41000,Right,1,3,2,Normal,10900000,,,,,33,43,78,58,29,66,41,32,60,66,67,66,62,70,54,47,73,74,78,32,83,73,49,60,37,65,75,73,67
P. Roberts,Patrick Roberts,2/5/1997,22,170.18,66.2,"RM,ST",England,74,82,8500000,60000,Left,1,3,4,Lean,,,,,,66,68,44,73,52,81,66,49,65,78,79,76,90,63,90,65,44,60,33,67,38,21,71,76,62,76,37,18,19
G. Ortíz,Guillermo Ortíz,8/9/1992,26,182.88,79.8,CB,Argentina,74,79,6500000,11000,Right,1,3,2,Normal,10200000,,,,,31,34,72,66,33,42,32,28,68,50,68,73,68,70,59,51,80,77,79,48,83,74,32,35,48,57,72,71,73
R. Gikiewicz,Rafał Gikiewicz,10/26/1987,31,190.5,81.2,GK,Poland,74,74,3600000,20000,Right,1,2,1,Normal,5800000,,,,,18,13,39,24,15,18,19,12,20,19,27,29,38,67,40,15,66,20,68,13,22,12,12,48,19,31,13,14,13
R. Rey,Rodrigo Rey,3/8/1991,28,190.5,76.2,GK,Argentina,74,77,4700000,1000,Right,1,3,1,Normal,10300000,,,,,18,18,12,29,15,20,17,17,13,23,55,43,43,63,53,25,67,31,59,13,33,22,14,53,23,62,18,18,13
Y. Öztekin,Yasin Öztekin,3/19/1987,31,152.4,69.9,"LM,RM",Turkey,74,74,4900000,22000,Right,1,3,3,Lean,9900000,,,,,67,71,57,72,61,76,71,62,66,74,78,79,79,73,79,75,77,69,61,71,69,37,73,70,63,65,56,40,42
Daniel Candeias,Daniel João Santos Candeias,2/25/1988,31,152.4,78,"RW,RM",Portugal,74,74,5500000,46000,Right,1,4,4,Normal,9900000,,,,,74,65,55,71,63,74,74,69,65,74,89,85,88,69,77,68,59,81,59,64,75,52,70,69,59,67,58,56,46
C. Beauvue,Claudio Beauvue,4/16/1988,30,175.26,66.2,"ST,RW",France,74,74,5500000,22000,Right,1,3,3,Normal,,,,,,69,73,87,72,80,73,59,68,61,75,69,66,79,63,74,82,78,58,60,64,54,43,70,64,70,61,25,45,21
Marcelo,Marcelo dos Santos Ferreira,7/27/1989,29,152.4,73.9,CB,Brazil,74,74,4600000,8000,Right,1,2,2,Normal,6800000,,,,,37,24,75,62,28,44,27,27,64,53,66,64,64,68,68,35,90,64,71,22,73,76,20,43,35,70,81,75,72
S. von Bergen,Steve von Bergen,6/10/1983,35,182.88,78.9,CB,Switzerland,74,74,1300000,13000,Right,2,3,2,Normal,2000000,,,,,49,24,74,67,38,35,42,18,63,59,58,49,62,68,70,57,81,74,78,32,77,75,31,45,46,76,74,75,69
J. Obi,Joel Obi,5/22/1991,27,175.26,71.2,CM,Nigeria,74,75,6500000,15000,Left,1,3,3,Normal,,,,,,68,65,63,76,62,77,58,56,68,77,84,69,85,75,86,77,77,65,68,69,77,74,77,72,59,75,68,75,76
Rafael Leão,Rafael da Conceição Leão,6/10/1999,19,187.96,81.2,"ST,LM",Portugal,74,86,10000000,15000,Right,1,4,4,Normal,21000000,,,,,62,76,56,64,65,75,72,58,52,73,87,85,75,72,59,77,64,70,77,59,59,21,73,66,63,76,25,24,21
Pedro Henrique,Pedro K. Medina da Silva,6/16/1990,28,154.94,76.2,"RM,LM",Brazil,74,74,5500000,1000,Left,1,4,3,Lean,11600000,,,,,71,70,60,71,67,80,75,69,64,74,86,83,88,67,76,70,33,65,52,67,57,23,73,68,48,66,30,27,32
Raúl Fernández,Raúl Fernández-Cavada Mateos,3/13/1988,30,195.58,92.1,GK,Spain,74,74,3600000,8000,Right,1,2,1,Lean,5800000,,,,,23,13,13,29,13,16,24,14,26,14,36,47,40,67,49,24,65,32,79,12,21,21,11,45,24,54,18,11,11
Y. Nagatomo,長友 佑都,9/12/1986,32,170.18,68,"LB,RB",Japan,74,74,3700000,40000,Right,2,5,3,Lean,7000000,,,,,72,46,57,72,45,65,64,36,63,68,89,75,89,71,91,51,79,78,57,53,67,74,67,59,44,66,71,75,72
P. Hrošovský,Patrik Hrošovský,4/22/1992,26,175.26,69.9,"CM,CDM",Slovakia,74,77,7000000,1000,Right,1,3,3,Lean,15900000,,,,,63,61,52,77,44,70,52,42,76,70,60,68,61,72,77,56,50,81,53,69,53,71,66,72,44,66,62,70,65
R. Berić,Robert Berić,6/17/1991,27,187.96,83,ST,Slovenia,74,75,6500000,29000,Right,2,3,3,Normal,12800000,Slovenia,75,ST,18,52,80,73,72,69,67,65,56,65,72,62,55,58,71,58,73,71,69,77,67,65,38,81,70,71,71,38,30,23
N. Spolli,Nicolás Federico Spolli,2/20/1983,36,193.04,89.8,CB,Argentina,74,74,1300000,10000,Right,2,3,2,Lean,,,,,,25,36,78,45,35,45,19,18,45,49,32,46,32,60,32,70,68,33,91,22,73,78,20,25,33,72,76,76,74
L. Moore,Liam Moore,1/31/1993,26,185.42,86.2,CB,England,74,77,6000000,26000,Right,1,3,2,Normal,11900000,,,,,58,24,71,67,34,62,37,24,65,68,67,74,59,71,66,55,81,78,81,32,77,70,37,60,20,71,71,72,74
D. Falcinelli,Diego Falcinelli,6/26/1991,27,185.42,74.8,ST,Italy,74,75,6500000,29000,Left,1,2,3,Lean,11500000,,,,,32,78,71,64,65,70,45,33,54,74,69,69,71,73,63,70,70,66,74,64,45,20,77,58,65,74,20,15,15
J. Babin,Jean-Sylvain Claude Babin,10/14/1986,32,154.94,88.9,CB,France,74,74,3800000,9000,Right,1,3,2,Stocky,6100000,,,,,44,22,79,69,25,32,47,66,59,52,31,33,30,72,59,87,76,86,88,63,66,71,49,57,44,68,72,76,75
J. Kopic,Jan Kopic,6/4/1990,28,154.94,78.9,"LM,RM",Czech Republic,74,74,5500000,1000,Right,1,4,3,Normal,12100000,Czech Republic,75,SUB,13,74,68,48,70,67,76,68,68,64,76,81,79,75,65,77,72,59,71,58,73,53,38,70,70,59,70,42,38,31
M. Besler,Matt Besler,2/11/1987,32,182.88,77.1,CB,United States,74,74,3800000,7000,Left,1,3,2,Normal,5700000,,,,,49,35,69,74,44,58,34,35,78,69,71,73,69,73,70,56,69,80,76,40,69,74,32,60,61,76,77,74,74
P. Martinez,Pablo Martinez,2/21/1989,30,182.88,77.1,CB,France,74,74,4400000,16000,Left,1,3,3,Normal,8700000,,,,,67,37,71,66,40,71,44,50,70,66,68,68,68,69,67,52,75,75,74,56,75,71,51,55,45,73,73,77,75
Renan Bressan,Renan Bardini Bressan,11/3/1988,30,182.88,74.8,CM,Belarus,74,74,5500000,10000,Right,1,3,3,Normal,11600000,,,,,81,75,41,80,81,75,84,82,77,76,62,60,64,70,66,86,53,62,64,86,36,52,70,80,80,75,38,47,45
O. Şahan,Olcay Şahan,5/26/1987,31,152.4,71.2,"LM,RM",Turkey,74,74,4900000,26000,Right,1,4,4,Lean,9900000,,,,,64,68,61,76,76,74,74,64,68,74,76,76,82,72,71,74,48,84,59,70,77,58,75,74,66,71,67,63,46
M. Rensing,Michael Rensing,5/14/1984,34,190.5,91.2,GK,Germany,74,74,2300000,19000,Right,2,3,1,Normal,4100000,,,,,11,12,14,33,11,16,11,12,33,19,40,42,47,72,45,22,71,31,72,13,36,17,10,38,18,59,18,12,12
K. Phillips,Kalvin Phillips,12/2/1995,23,152.4,72.1,"CDM,CB",England,74,80,6500000,29000,Right,1,3,3,Stocky,13700000,,,,,57,64,62,71,55,64,52,67,73,71,66,67,68,68,70,75,78,84,83,66,83,71,66,65,58,74,69,74,69
W. Janssen,Willem Janssen,7/4/1986,32,185.42,74.8,CB,Netherlands,74,74,3800000,15000,Right,1,4,2,Normal,5700000,,,,,69,60,78,73,62,68,52,48,74,70,42,42,64,70,64,74,84,73,74,63,75,78,60,66,75,75,74,67,69
E. Mena,Eugenio Mena,7/18/1988,30,172.72,73.9,LB,Chile,74,74,4300000,18000,Left,2,3,3,Normal,6000000,Racing Club,75,LB,5,74,38,50,72,38,70,59,41,64,71,80,79,71,73,78,61,74,78,67,53,74,75,69,65,58,68,71,75,72
A. Ciciretti,Amato Ciciretti,12/31/1993,25,170.18,62.1,"RW,RM,CAM",Italy,74,75,7000000,44000,Left,1,4,4,Normal,,,,,,67,67,43,80,65,75,75,67,73,75,79,79,90,66,80,68,37,62,42,74,44,32,68,75,60,82,46,26,24
Davidson,Davidson da Luz Pereira,3/5/1991,28,152.4,62.1,LM,Brazil,74,74,6000000,10000,Right,1,3,4,Normal,12600000,,,,,70,67,53,72,58,78,70,66,62,76,73,76,78,74,73,64,66,74,60,63,45,30,73,67,58,68,31,35,40
Diogo Leite,Diogo Filipe Monteiro Pinto Leite,1/23/1999,20,187.96,73,CB,Portugal,74,85,8000000,5000,Left,1,3,2,Lean,17600000,,,,,29,30,75,65,32,50,35,20,55,63,61,60,52,70,55,59,66,73,75,38,80,75,30,34,38,65,74,75,75
A. Raggi,Andrea Raggi,6/24/1984,34,187.96,82.1,"CB,LB,RB",Italy,74,74,1700000,45000,Right,2,3,2,Normal,3200000,,,,,72,44,73,74,50,61,48,39,66,70,51,51,63,70,58,69,69,64,76,56,82,72,59,54,57,74,75,73,74
S. Grandsir,Samuel Grandsir,8/14/1996,22,167.64,64,"RM,LM",France,74,85,9500000,36000,Right,1,4,3,Normal,,,,,,75,59,58,73,56,76,74,59,72,71,89,87,90,66,89,71,69,69,58,57,67,45,64,66,50,67,44,39,47
D. Kreilach,Damir Kreilach,4/16/1989,29,185.42,78,"CM,CAM,ST",Croatia,74,74,5500000,8000,Right,1,3,3,Normal,8300000,,,,,56,72,72,73,56,72,68,76,73,71,57,54,65,79,62,78,85,91,83,76,74,64,73,69,64,71,67,66,57
A. Ruiz,Alan Ruiz,8/19/1993,25,182.88,77.1,"CF,CAM,ST",Argentina,74,77,7500000,11000,Left,2,2,4,Normal,,,,,,78,70,63,78,82,80,75,74,77,78,61,58,74,69,72,82,54,68,78,78,59,30,72,77,69,78,29,33,31
Iñigo Pérez,Iñigo Pérez Soto,1/18/1988,31,152.4,73.9,"CDM,CM",Spain,74,74,4200000,9000,Left,1,3,2,Lean,6700000,,,,,77,59,62,77,49,59,81,80,78,76,69,66,76,65,68,72,80,84,72,71,67,69,57,74,49,64,61,75,72
L. Sané,Ludovic Lamine Sané,3/22/1987,31,190.5,77.1,CB,Senegal,74,74,3800000,7000,Right,2,2,2,Lean,5500000,,,,,49,32,78,67,22,61,48,23,66,62,48,65,52,68,45,69,83,66,80,55,79,73,42,61,33,69,69,73,72
Ivo,Olívio da Rosa,10/2/1986,32,182.88,64.9,CM,Brazil,74,74,4800000,13000,Left,1,3,3,Lean,10400000,,,,,75,66,54,78,62,74,77,82,76,75,74,70,71,70,61,66,61,85,61,61,57,60,65,79,73,61,45,47,33
Gil Dias,Gil Bastião Dias,9/28/1996,22,182.88,78,"RM,RW",Portugal,74,79,7500000,1000,Left,1,4,4,Lean,16300000,,,,,64,64,58,71,60,83,59,61,60,80,79,86,80,71,70,72,52,70,64,72,50,39,66,70,53,72,36,50,28
A. Mena,Ángel Mena,1/21/1988,31,167.64,67.1,"RW,CAM,RM",Ecuador,74,74,5500000,28000,Left,1,4,3,Lean,9400000,,,,,67,72,65,71,71,76,62,67,68,77,82,83,87,72,86,70,43,79,42,72,27,43,71,71,69,70,38,46,41
J. Córdoba,Jhon Córdoba,5/11/1993,25,187.96,84.8,ST,Colombia,74,78,7500000,20000,Right,1,3,3,Stocky,11800000,,,,,55,67,71,67,73,72,60,54,54,70,76,84,66,73,72,86,78,71,89,68,90,45,71,62,69,74,42,39,31
B. Ecuélé Manga,Bruno Écuélé Manga,7/16/1988,30,185.42,76.2,"CB,RB",Gabon,74,74,4400000,37000,Right,1,3,2,Normal,8700000,,,,,59,27,72,62,28,42,35,25,61,61,54,58,31,69,35,43,62,55,83,34,78,77,23,51,46,67,70,75,74
N. Murru,Nicola Murru,12/16/1994,24,154.94,73.9,LB,Italy,74,79,6500000,23000,Left,1,3,3,Lean,11500000,,,,,72,30,63,68,39,68,54,39,61,70,76,76,73,71,71,57,74,78,66,40,72,70,53,44,47,69,71,76,74
G. Shinnie,Graeme Shinnie,8/4/1991,27,175.26,72.1,"CDM,LB,CM",Scotland,74,75,5500000,8000,Left,1,4,3,Lean,10000000,Scotland,75,SUB,15,66,24,54,74,53,66,64,59,64,68,82,79,76,70,83,63,79,94,68,50,87,74,61,65,48,75,73,74,69
J. Stryger Larsen,Jens Stryger Larsen,2/21/1991,28,182.88,82.1,"RB,CB",Denmark,74,74,4600000,21000,Right,1,3,3,Normal,7900000,Denmark,78,LB,17,70,48,60,66,60,68,62,48,60,70,78,79,72,72,72,68,78,79,77,58,74,74,56,58,50,64,70,76,74
A. Erokhin,Aleksandr Erokhin,10/13/1989,29,195.58,78.9,"CM,CDM,CAM",Russia,74,74,,,Right,1,4,3,Lean,,,,,,69,74,78,77,64,73,62,54,71,73,64,69,63,73,57,75,78,90,82,73,71,73,73,69,65,64,65,64,58
L. Robles,Luis Robles,5/11/1984,34,185.42,91.2,GK,United States,74,74,2300000,6000,Right,1,3,1,Normal,3400000,,,,,14,9,17,38,9,14,10,11,38,25,41,41,46,69,47,20,60,45,66,12,37,17,16,52,19,53,13,14,19
A. Ulmer,Andreas Ulmer,10/30/1985,33,175.26,68.9,LB,Austria,74,74,3100000,28000,Left,1,3,3,Normal,4700000,FC Red Bull Salzburg,73,LB,17,74,53,59,73,70,69,73,60,63,73,71,69,73,73,74,74,57,87,70,72,67,72,73,65,36,69,68,75,71
F. Castillo,Fabián Castillo,6/17/1992,26,172.72,68,"LM,RM",Colombia,74,75,6500000,19000,Right,1,4,4,Normal,11500000,,,,,65,69,45,61,66,83,75,66,55,77,92,92,91,72,79,76,52,78,59,72,66,43,72,60,61,73,40,50,38
I. Nestorovski,Ilija Nestorovski,3/19/1990,28,182.88,74.8,ST,FYR Macedonia,74,74,6000000,5000,Left,1,4,3,Normal,9600000,,,,,39,80,67,61,67,71,61,65,37,73,74,71,67,71,74,68,72,86,81,69,53,27,79,42,68,68,41,27,26
M. Mount,Mason Mount,1/10/1999,20,152.4,64,"CAM,CM",England,74,86,10000000,34000,Right,1,4,3,Lean,,,,,,69,67,59,74,61,75,75,76,71,79,77,68,78,70,75,70,46,74,46,68,38,45,63,78,60,70,44,44,30
O. Kayode,Olarenwaju Ayoba Kayode,5/8/1993,25,175.26,64.9,ST,Nigeria,74,78,7500000,1000,Right,1,2,3,Lean,16300000,,,,,52,75,67,64,63,75,55,48,58,73,91,93,90,70,82,69,73,75,63,62,73,24,78,53,65,58,32,38,33
Jadson Vidigal,Matheus Jadson Vidigal Morais,2/29/1992,27,175.26,69.9,ST,Brazil,74,74,6000000,27000,Right,1,3,2,Normal,10800000,,,,,51,74,70,67,76,62,55,53,52,61,81,78,69,75,67,81,71,61,78,77,55,31,77,51,77,65,16,12,12
P. Verhaegh,Paul Verhaegh,9/1/1983,35,152.4,73.9,RB,Netherlands,74,74,1600000,32000,Right,2,3,2,Normal,2700000,,,,,74,42,63,74,33,72,62,49,68,71,65,66,67,75,69,66,78,67,69,52,69,79,51,60,87,79,78,75,77
L. Cavallini,Lucas Cavallini,12/28/1992,26,182.88,88.9,ST,Canada,74,77,7000000,9000,Left,1,3,3,Stocky,12400000,Puebla FC,70,LS,9,31,76,76,60,59,75,44,52,41,70,76,74,62,66,70,76,68,72,84,65,78,23,75,56,70,69,35,29,13
J. Geis,Johannes Geis,8/17/1993,25,154.94,81.2,"CDM,CB,CM",Germany,74,77,6000000,15000,Right,2,3,2,Normal,9500000,,,,,86,51,65,77,64,59,90,80,79,69,44,42,67,67,73,85,79,65,76,75,75,77,69,74,69,69,70,73,71
R. van Wolfswinkel,Ricky van Wolfswinkel,1/27/1989,30,185.42,69.9,"ST,RM",Netherlands,74,74,5500000,26000,Right,2,4,3,Lean,8300000,,,,,64,76,74,69,75,72,73,51,62,71,65,61,62,75,71,70,73,69,76,67,51,46,83,73,77,73,40,38,26
K. Adams Nuhu,Kasim Adams Nuhu,6/22/1995,23,190.5,83,CB,Ghana,74,81,7000000,22000,Right,1,3,2,Normal,13300000,,,,,42,36,73,67,61,55,45,31,70,66,64,69,73,66,40,67,84,72,90,29,65,66,32,46,49,73,71,78,68
Kévin Rodrigues,Kévin Manuel Rodrigues,3/5/1994,25,170.18,69.9,LB,Portugal,74,79,6500000,18000,Left,1,3,2,Normal,14100000,,,,,77,42,73,78,42,53,65,51,66,76,74,74,72,64,81,58,62,73,61,50,55,69,52,51,50,65,66,76,78
Ramalho,Jonás  Ramalho Chimeno,6/10/1993,25,154.94,68,CB,Spain,74,78,6000000,22000,Right,1,2,2,Lean,13100000,,,,,59,40,76,69,44,48,57,34,52,57,67,74,65,70,56,22,82,65,75,34,76,72,39,44,41,66,60,78,80
A. Semenov,Andrey Semenov,3/24/1989,29,190.5,86.2,CB,Russia,74,75,,,Right,1,3,2,Normal,,,,,,50,36,63,76,37,55,33,36,70,70,55,52,43,70,54,55,78,75,81,35,55,75,26,34,51,66,70,81,75
G. Charbonnier,Gaëtan Charbonnier,12/27/1988,30,187.96,79.8,ST,France,74,74,5500000,9000,Right,2,3,3,Lean,9900000,,,,,52,78,76,71,66,72,57,59,53,72,38,52,70,74,61,74,60,69,85,67,44,28,78,70,71,73,27,39,13
Luisinho,Luis Carlos Correia Pinto,5/5/1985,33,170.18,62.1,LB,Portugal,74,74,2200000,19000,Left,1,3,3,Lean,4800000,,,,,76,49,68,75,45,71,67,59,68,74,69,67,70,77,78,59,38,61,57,53,83,76,66,64,51,70,63,77,78
E. Pieters,Erik Pieters,8/7/1988,30,185.42,87.1,"LB,LWB",Netherlands,74,74,4300000,35000,Left,2,3,3,Normal,,,,,,69,32,74,73,34,70,70,56,62,71,67,67,62,70,62,51,72,79,83,36,88,75,64,65,59,66,75,76,74
H. Wolf,Hannes Wolf,4/16/1999,19,175.26,68,CAM,Austria,74,85,9500000,15000,Left,1,3,4,Lean,16200000,,,,,62,62,56,72,60,80,71,64,63,77,84,81,79,72,74,68,73,67,52,63,54,38,69,69,66,68,23,36,35
J. Aidoo,Joseph Aidoo,9/29/1995,23,152.4,83,CB,Ghana,74,81,7000000,12000,Right,1,2,2,Normal,11900000,,,,,29,18,74,48,21,35,24,28,42,48,75,79,63,65,71,40,86,78,88,23,90,71,25,23,31,63,70,76,72
Nicolás Formido,Nicolás Júlio Formido Paiva,2/29/1988,31,182.88,77.1,"CAM,LM,CM",Brazil,74,74,5500000,23000,Left,1,4,4,Normal,10500000,,,,,74,57,71,75,55,74,81,76,73,75,75,67,77,78,62,71,56,67,74,75,54,54,73,75,69,72,18,29,21
D. Kourmpelis,Dimitrios Kourmpelis,11/2/1993,25,154.94,73.9,"CDM,CB",Greece,74,79,6500000,1000,Right,1,3,3,Normal,14800000,Greece,75,RDM,16,56,45,55,73,26,64,55,50,71,68,73,76,66,63,68,65,70,80,74,63,80,77,34,54,57,68,72,76,74
J. Vuković,Jagoš Vuković,6/10/1988,30,195.58,93,CB,Serbia,74,74,4200000,1000,Left,1,2,2,Stocky,8800000,,,,,56,27,78,60,17,48,38,58,60,58,48,40,40,66,31,74,76,60,87,70,76,73,32,45,44,68,73,75,71
J. Beausejour,Jean André Emanuel Beausejour Coliqueo,6/1/1984,34,152.4,83,LB,Chile,74,74,1600000,11000,Left,2,2,3,Stocky,2200000,Universidad de Chile,70,LB,15,73,61,64,65,52,71,74,67,66,74,82,82,89,70,76,67,63,79,82,63,75,67,74,64,68,71,69,74,73
M. Ostrzolek,Matthias Ostrzolek,6/5/1990,28,152.4,72.1,"LB,LWB,CDM",Germany,74,74,4400000,27000,Left,2,3,3,Normal,7600000,,,,,72,36,60,71,49,73,60,47,69,76,77,75,77,74,76,66,67,78,65,43,74,69,59,59,60,68,70,74,75
J. Błaszczykowski,Jakub Błaszczykowski,12/14/1985,33,175.26,67.1,"RM,RB,RW",Poland,74,74,4400000,8000,Right,2,4,3,Normal,5900000,Poland,77,SUB,16,75,67,48,76,75,74,76,67,65,77,69,69,74,77,76,75,63,67,70,68,62,60,71,74,70,82,65,59,63
D. Bouanga,Denis Bouanga,11/11/1994,24,154.94,71.2,"LM,LW",Gabon,74,79,7500000,15000,Right,1,4,4,Lean,15600000,,,,,71,74,53,73,70,76,71,69,65,75,79,78,74,67,61,75,65,69,68,71,61,23,74,69,48,73,37,24,19
R. Botta,Rubén Botta,1/31/1990,29,175.26,71.2,"RM,CAM,LM,CM",Argentina,74,74,5500000,19000,Left,1,3,4,Lean,8300000,,,,,73,68,38,71,65,76,76,74,68,74,78,78,81,68,73,75,52,72,67,77,55,33,69,79,64,77,40,37,35
D. Lazović,Darko Lazović,9/15/1990,28,154.94,66.2,"LM,RM",Serbia,74,74,6000000,15000,Right,1,4,3,Lean,10800000,,,,,70,65,54,74,70,78,66,74,67,78,84,90,76,64,67,65,44,52,36,60,67,30,76,68,49,68,38,37,35
L. Marković,Lazar  Marković,3/2/1994,25,175.26,64.9,"RM,RW",Serbia,74,76,7000000,39000,Right,2,3,4,Lean,13800000,,,,,69,66,58,72,68,80,79,62,64,79,82,85,89,73,75,65,78,49,49,64,41,49,70,70,70,72,32,39,37
Fábio Espinho,Fábio Ricardo Gomes Fonseca,8/18/1985,33,175.26,67.1,"CAM,CM",Portugal,74,74,4400000,8000,Right,1,3,4,Normal,9200000,,,,,70,66,59,75,62,75,69,71,74,74,72,68,85,74,83,77,58,69,56,73,71,59,72,73,71,68,61,61,62
Ruben Lima,Ruben Alexandre Rocha Lima,10/3/1989,29,152.4,68.9,LB,Portugal,74,74,4400000,6000,Left,1,2,3,Lean,9300000,,,,,68,49,61,67,59,67,66,70,65,70,75,73,73,75,74,62,75,91,67,54,72,76,62,66,37,73,72,75,68
T. Usami,宇佐美 貴史,5/6/1992,26,152.4,68.9,"RM,LM",Japan,74,75,6500000,21000,Right,2,4,4,Lean,,,,,,69,71,41,71,71,80,75,60,68,75,78,77,79,65,79,80,33,67,41,75,30,34,72,71,58,72,28,27,21
E. Room,Eloy Room,2/6/1989,30,187.96,81.2,GK,Curacao,74,75,4400000,11000,Right,1,3,1,Normal,6400000,,,,,20,16,11,22,18,12,13,12,35,27,46,44,47,72,46,17,70,34,65,12,22,14,9,58,37,55,17,17,13
K. Konaté,Koffi Cheikh Konaté,2/29/1992,27,152.4,74.8,"RW,RM",Ivory Coast,74,74,,,Right,1,4,3,Normal,,,,,,70,67,64,71,76,76,83,68,64,73,88,87,85,74,76,80,64,77,60,72,62,40,74,63,67,67,24,35,33
Rubén Alcaraz,Rubén Alcaraz Jiménez,5/1/1991,27,154.94,76.2,"CM,CDM",Spain,74,75,6500000,18000,Right,1,3,3,Normal,14800000,,,,,57,64,52,76,52,65,79,80,78,70,60,55,59,73,56,80,60,77,72,72,74,73,70,72,70,70,65,76,64
A. Nyom,Allan Nyom,5/10/1988,30,187.96,79.8,"RB,RWB,LB",Cameroon,74,74,4100000,27000,Right,2,3,3,Lean,,,,,,74,27,64,63,44,68,68,30,64,71,67,76,50,71,50,74,57,79,86,66,80,72,51,54,37,67,75,78,78
Yuri Ribeiro,Yuri Oliveira Ribeiro,1/24/1997,22,152.4,73.9,LB,Portugal,74,80,6500000,7000,Left,1,3,3,Normal,14300000,,,,,75,46,67,73,53,74,67,50,65,76,78,77,79,76,78,66,75,71,64,46,65,73,70,68,41,73,71,71,71
M. Ekici,Mehmet Ekici,3/25/1990,28,154.94,76.2,"CAM,CM,CDM",Turkey,74,74,5500000,51000,Right,2,5,3,Normal,10500000,,,,,68,64,55,77,75,75,82,83,76,77,66,65,70,65,71,82,62,58,63,80,70,60,73,74,74,70,48,58,49
I. Sosa,Víctor Ismael Sosa,1/18/1987,32,154.94,73,"RM,RW",Argentina,74,74,4900000,43000,Right,1,3,3,Lean,,,,,,69,70,67,73,56,73,70,54,65,73,83,84,83,70,66,71,68,75,71,70,67,50,74,72,60,73,37,47,39
L. Melgarejo,Lorenzo António Melgarejo Sanabria,8/10/1990,28,152.4,74.8,"LM,RM,ST,LB",Paraguay,74,74,6000000,1000,Left,1,2,4,Normal,12600000,,,,,70,70,77,67,61,76,74,42,61,75,85,83,77,75,76,75,82,79,61,64,71,63,73,67,66,74,31,61,66
William,William Alves de Oliveira,12/7/1991,27,182.88,79.8,ST,Brazil,74,75,6500000,11000,Right,1,4,3,Normal,14100000,,,,,54,74,76,70,71,68,68,58,52,72,69,73,67,72,60,72,81,69,82,65,76,19,74,64,69,66,21,21,22
M. Vydra,Matěj Vydra,5/1/1992,26,175.26,71.2,"CAM,CF",Czech Republic,74,76,7000000,43000,Right,1,4,3,Normal,13800000,,,,,64,78,59,70,70,71,69,64,60,74,86,83,80,73,72,72,76,69,60,71,53,31,77,70,79,72,37,28,34
Bebé,Tiago Manuel Dias Correia,7/12/1990,28,190.5,83,"LM,RM",Portugal,74,74,6000000,18000,Right,1,4,3,Normal,13200000,,,,,73,73,57,71,69,76,67,73,69,75,76,88,71,70,59,88,67,74,89,70,72,33,68,66,65,67,62,28,20
Adrián González,Adrián  González Morales,5/25/1988,30,182.88,78,"CDM,CM,CAM",Spain,74,74,4200000,9000,Left,1,3,3,Normal,6700000,,,,,74,75,71,71,54,73,80,69,69,80,65,62,68,78,67,59,67,75,66,68,74,75,67,69,80,67,72,70,67
C. Söyüncü,Çağlar Söyüncü,5/23/1996,22,185.42,82.1,CB,Turkey,74,82,7000000,39000,Right,1,4,2,Normal,14700000,Turkey,76,LCB,6,46,37,68,56,48,57,39,37,55,59,67,72,64,68,58,65,68,67,78,42,81,71,42,49,52,59,69,82,79
K. Iheanacho,Kelechi Iheanacho,10/3/1996,22,182.88,79.8,"ST,CF",Nigeria,74,82,8500000,42000,Left,1,3,4,Normal,17900000,,,,,49,76,60,68,73,75,69,64,61,76,78,78,72,71,68,75,62,69,71,72,61,21,77,67,73,71,28,25,23
M. Tisserand,Marcel Tisserand,1/10/1993,26,190.5,79.8,"CB,LB",DR Congo,74,79,6500000,31000,Right,1,3,3,Normal,11500000,,,,,70,56,76,70,54,66,70,37,72,71,68,69,65,75,65,67,72,75,77,59,77,73,68,70,56,66,70,74,72
A. Lozano,Anthony Rubén Lozano Colón,4/25/1993,25,185.42,78.9,ST,Honduras,74,79,7500000,26000,Right,1,3,3,Normal,16300000,,,,,51,73,72,70,67,75,55,28,53,71,76,79,69,71,65,68,74,68,81,69,61,14,73,73,67,71,30,40,35
L. Waldschmidt,Luca Waldschmidt,5/19/1996,22,154.94,74.8,"CF,CAM",Germany,74,79,7500000,20000,Left,1,3,3,Lean,14100000,,,,,63,74,57,75,65,73,64,62,58,70,76,77,79,73,73,77,63,68,61,69,44,28,78,74,75,63,33,19,18
Adrianiscito,Adriano Leandro Soares Taffarel,2/29/1992,27,193.04,88,GK,Brazil,74,74,4000000,18000,Right,1,3,1,Normal,7100000,,,,,18,12,20,24,18,8,31,22,20,16,17,18,44,67,22,30,41,15,60,13,36,12,5,37,34,58,20,9,10
S. Grytebust,Sten Michael Grytebust,10/25/1989,29,185.42,82.1,GK,Norway,74,75,4500000,10000,Right,1,2,1,Normal,6000000,Norway,75,SUB,22,11,12,13,26,13,14,12,12,29,26,43,40,49,69,43,17,59,23,58,12,35,16,10,62,23,68,20,14,13
I. Strinić,Ivan Strinić,7/17/1987,31,185.42,78,LB,Croatia,74,74,4100000,56000,Left,2,4,3,Lean,6900000,,,,,76,48,60,70,50,70,62,55,66,74,68,68,69,70,71,68,69,73,75,60,72,76,66,58,61,68,76,76,74
Pedro Rebocho,Pedro Miguel Braga Rebocho,1/23/1995,24,170.18,73.9,LB,Portugal,74,81,6500000,16000,Left,1,2,3,Stocky,14300000,,,,,75,45,64,75,49,75,67,68,72,75,74,74,68,69,81,78,81,74,70,69,67,70,63,49,53,70,70,75,74
J. Mbakogu,Jerry Mbakogu,10/1/1992,26,182.88,82.1,ST,Nigeria,74,76,7000000,5000,Right,2,3,3,Normal,11400000,,,,,53,74,70,59,70,68,71,56,45,74,93,87,82,71,65,68,91,76,89,60,61,16,70,66,73,76,22,25,25
Dória,Matheus Dória Macedo,11/8/1994,24,187.96,82.1,CB,Brazil,74,78,6000000,15000,Left,1,2,2,Lean,10700000,,,,,40,53,73,67,20,56,21,29,63,63,63,65,41,65,48,75,69,63,79,40,83,69,48,43,35,68,74,76,73
M. Çağıran,Musa Çağıran,11/17/1992,26,154.94,82.1,"CDM,CM",Turkey,74,78,6000000,12000,Right,1,4,3,Stocky,12500000,,,,,72,63,76,76,52,74,71,74,77,74,69,68,69,73,61,80,82,77,78,74,74,73,65,73,66,74,69,71,65
K. Kamara,Kaiansu Kei Kamara,9/1/1984,34,187.96,74.8,ST,Sierra Leone,74,74,3500000,9000,Right,1,3,3,Lean,5300000,,,,,64,73,80,66,68,70,60,42,51,69,74,75,74,73,69,75,92,78,78,64,75,30,75,61,74,71,52,13,18
S. Bahoken,Stéphane Bahoken,5/28/1992,26,185.42,88,ST,Cameroon,74,77,7000000,22000,Right,1,3,3,Normal,14500000,,,,,61,76,69,68,59,71,47,33,39,70,79,80,76,69,73,73,63,61,78,63,54,23,74,51,46,63,12,23,15
B. Gibson,Ben Gibson,1/15/1993,26,185.42,78,CB,England,74,79,6500000,37000,Left,1,3,2,Normal,12800000,,,,,29,28,74,65,20,40,38,22,57,62,61,59,57,70,69,35,75,63,77,28,68,73,32,37,31,55,76,75,74
Nacho,José Ignacio Martínez García,3/7/1989,30,175.26,76.2,LB,Spain,74,74,4300000,17000,Left,1,3,3,Normal,9400000,,,,,73,43,59,63,46,65,65,58,67,70,80,88,85,74,82,77,88,76,61,64,75,73,59,53,40,63,71,72,74
A. Cornelius,Andreas Evald Cornelius,3/16/1993,25,193.04,91.2,ST,Denmark,74,78,7500000,24000,Left,2,3,3,Normal,,Denmark,78,SUB,21,42,75,79,67,67,66,45,56,43,72,65,67,49,68,60,77,72,66,93,68,72,28,75,59,65,71,54,26,12
M. Le Marchand,Maxime Le Marchand,10/11/1989,29,185.42,78,"CB,LB",France,74,74,4600000,43000,Left,2,3,2,Lean,8700000,,,,,68,32,73,75,38,62,42,40,72,71,68,70,64,71,64,56,75,76,73,33,74,74,27,63,42,74,74,74,69
P. Diop,Pape Cheikh Diop Gueye,8/8/1997,21,154.94,68,"CM,CDM",Spain,74,85,9500000,34000,Right,1,3,3,Lean,20000000,,,,,53,58,41,76,34,77,52,42,76,74,76,75,78,67,64,72,72,74,70,60,75,69,66,76,53,74,63,69,66
S. Özbayraklı,Şener Özbayraklı,1/23/1990,29,170.18,71.2,RB,Turkey,74,74,4400000,47000,Right,1,2,3,Normal,8400000,Turkey,76,SUB,2,76,47,64,72,50,72,74,39,65,72,79,82,82,69,72,79,74,83,66,74,78,70,66,68,40,67,68,70,70
S. Davis,Steven Davis,1/1/1985,34,172.72,69.9,"CM,CDM,CAM",Northern Ireland,74,74,3300000,39000,Right,2,3,3,Normal,,Northern Ireland,71,RCM,8,72,58,53,79,64,74,73,69,75,75,60,51,72,77,75,63,74,63,57,63,74,67,66,75,62,83,60,66,67
A. Baba,Abdul Rahman Baba,7/2/1994,24,152.4,69.9,"LB,LM",Ghana,74,78,6000000,56000,Left,2,2,3,Lean,,,,,,76,48,67,72,41,75,67,23,67,75,79,78,77,74,75,59,75,68,64,47,73,71,63,55,42,69,70,74,74
E. Zukanović,Ervin Zukanović,2/11/1987,32,190.5,84.8,CB,Bosnia Herzegovina,74,74,3800000,14000,Left,2,3,2,Normal,6800000,,,,,66,25,77,66,27,50,76,79,66,63,61,54,45,72,39,85,52,66,84,69,70,72,38,51,69,74,74,76,74
O. Niasse,El-Hadji Baye Oumar Niasse,4/18/1990,28,182.88,82.1,ST,Senegal,74,74,6000000,76000,Right,1,3,3,Lean,,,,,,56,75,74,62,74,74,63,39,35,72,78,72,68,70,67,76,71,71,72,69,64,35,76,61,67,67,19,23,24
P. Mpoku,Paul-José M'Poku Ebunge,4/19/1992,26,154.94,78.9,"RM,LM,CAM",DR Congo,74,74,6000000,15000,Right,1,4,4,Normal,9000000,,,,,71,71,54,73,74,78,76,78,68,75,72,70,69,70,71,82,75,72,73,77,60,52,71,75,79,76,37,50,41
K. McDonald,Kevin McDonald,11/4/1988,30,193.04,96.2,"CDM,CM",Scotland,74,74,4400000,43000,Right,1,4,3,Normal,8300000,,,,,69,54,56,75,50,66,63,56,71,74,47,50,53,74,61,71,68,70,77,64,76,73,60,68,48,78,74,75,62
Jesus Andradaldo,Jesus Fabrício Andrade Simões,2/29/1992,27,152.4,73,RB,Brazil,74,74,4800000,21000,Right,1,3,3,Normal,9100000,,,,,68,36,75,76,54,75,65,49,67,69,69,76,80,68,58,56,77,76,58,55,82,73,58,56,48,67,75,74,77
S. Dzhanaev,Soslan Dzhanaev,3/13/1987,31,190.5,87.1,GK,Russia,74,74,3400000,4000,Right,1,2,1,Normal,4600000,,,,,19,13,12,27,19,12,16,14,22,21,45,47,47,70,43,18,68,18,65,19,29,21,14,34,14,33,19,13,11
M. Degenek,Miloš Degenek,4/28/1994,24,187.96,82.1,CB,Australia,74,81,7000000,25000,Right,1,4,2,Lean,13300000,Al Hilal,74,RCB,45,70,59,70,74,62,58,69,44,72,64,79,79,78,72,70,70,81,86,84,61,81,70,55,67,58,77,65,75,76
A. Tameze,Adrien Tameze,2/4/1994,25,154.94,78,"CM,CDM",France,74,78,7000000,23000,Right,1,3,3,Normal,13800000,,,,,50,59,69,76,35,70,52,43,72,79,69,69,73,69,70,65,69,79,71,59,69,72,68,70,54,70,67,78,75
Tiago Silva,Tiago Rafael Maia Silva,6/2/1993,25,170.18,62.1,"CM,CAM",Portugal,74,77,7000000,11000,Right,1,4,4,Normal,15200000,,,,,78,65,49,76,53,74,74,72,77,75,74,69,77,78,74,74,60,69,39,75,66,60,67,76,70,68,44,58,53
E. Bauthéac,Éric Bauthéac,8/24/1987,31,170.18,68.9,"RM,LM",France,74,74,5500000,7000,Left,2,4,3,Lean,6900000,,,,,73,67,53,71,62,75,73,72,66,75,77,77,79,73,85,72,53,79,52,63,62,42,69,71,69,70,57,44,41
Y. Ravet,Yoric Ravet,9/12/1989,29,152.4,78,RM,France,74,74,5500000,22000,Right,1,3,3,Normal,,,,,,76,67,50,75,59,74,74,66,68,73,76,75,78,74,70,80,53,62,65,72,41,40,73,73,48,70,38,33,35
D. Tošić,Duško Tošić,1/19/1985,34,185.42,84.8,"CB,LB",Serbia,74,74,2300000,13000,Left,1,2,2,Stocky,4900000,,,,,64,38,72,70,32,59,53,46,62,55,56,51,30,67,39,74,71,70,80,58,82,74,65,58,43,64,68,75,76
D. Padelli,Daniele Padelli,10/25/1985,33,190.5,82.1,GK,Italy,74,74,3200000,34000,Left,2,2,1,Normal,5500000,,,,,11,10,10,26,10,10,13,10,29,21,49,39,38,70,27,23,65,30,45,11,12,13,10,30,22,69,8,12,12
B. Mensah,Bernard Mensah,10/17/1994,24,154.94,64.9,"CAM,CDM",Ghana,74,81,8000000,33000,Right,1,3,4,Lean,,,,,,64,67,62,74,49,77,72,70,69,75,82,76,79,67,66,80,60,58,67,72,70,68,69,69,59,72,68,62,42
J. Biabiany,Jonathan Ludovic Biabiany,4/28/1988,30,152.4,73,"RW,LW,RM",France,74,74,5500000,38000,Right,2,3,3,Normal,9900000,,,,,72,66,53,69,68,77,67,47,54,76,95,93,86,67,80,70,64,74,65,57,58,24,72,63,63,65,27,30,30
I. Iličević,Ivo Iličević,11/14/1986,32,175.26,63,"LM,RM,CAM",Croatia,74,74,4900000,21000,Right,2,5,4,Lean,8900000,,,,,74,64,53,74,76,77,78,72,69,76,75,73,78,73,82,78,68,63,51,75,64,32,71,74,71,73,38,33,35
H. Barnes,Harvey Lewis Barnes,12/9/1997,21,175.26,66.2,"LW,CAM",England,74,84,9000000,42000,Right,1,4,3,Normal,18900000,,,,,71,71,41,71,50,77,70,52,63,74,78,76,76,71,75,71,44,70,54,75,47,43,72,75,49,65,43,49,47
C. Awaziem,Chidozie Collins Awaziem,1/1/1997,22,187.96,78,CB,Nigeria,74,81,7000000,8000,Right,1,3,2,Lean,,,,,,30,36,70,63,30,57,33,25,54,62,69,73,66,73,52,53,73,67,77,37,77,73,28,30,40,69,73,75,73
Luna,Antonio Manuel Luna Rodríguez,3/17/1991,27,152.4,68,LB,Spain,74,75,5000000,19000,Left,1,3,3,Normal,10900000,,,,,80,60,64,75,56,67,58,45,63,74,71,72,66,67,69,78,73,77,74,55,82,75,63,69,43,66,72,73,73
A. Chedjou,Aurélien Chedjou,6/20/1985,33,182.88,77.1,CB,Cameroon,74,74,2300000,20000,Right,3,3,3,Normal,,,,,,39,40,76,70,50,61,51,50,68,62,67,63,62,66,58,60,79,67,76,59,76,72,44,63,57,64,72,74,70
Djavan,Djavan da Silva Ferreira,12/31/1987,31,182.88,76.2,LB,Brazil,74,74,4100000,9000,Left,1,3,2,Normal,8500000,,,,,75,37,64,69,33,75,63,40,52,74,73,77,68,73,61,72,72,85,76,43,74,69,70,58,45,73,68,75,71
A. Rebrov,Artem Rebrov,3/4/1984,35,193.04,89.8,GK,Russia,74,74,2300000,1000,Right,1,3,1,Normal,4800000,,,,,18,13,14,31,15,16,15,14,28,19,46,28,44,65,34,19,72,24,68,11,34,24,13,35,22,42,12,15,12
G. Margreitter,Georg Margreitter,11/7/1988,30,185.42,84.8,CB,Austria,74,74,4400000,20000,Right,1,2,2,Normal,7900000,,,,,35,16,76,60,14,39,37,20,55,49,43,55,39,69,55,48,72,55,84,18,75,75,26,49,23,60,72,78,74
Salvi Sánchez,Salvador Sánchez Ponce,3/30/1991,27,175.26,64.9,"RM,CAM,LM",Spain,73,73,4200000,9000,Right,1,3,3,Lean,6700000,,,,,70,66,43,71,54,71,65,65,69,68,88,87,75,63,85,62,61,75,44,59,50,38,68,75,63,65,35,39,41
Pietrson Mendes,Pietro Maurício Mendes Abranches,2/29/1984,35,172.72,64,"CAM,ST",Brazil,73,73,2000000,12000,Left,1,3,3,Lean,3800000,,,,,76,66,56,76,72,72,77,76,63,75,80,84,81,67,79,74,52,67,50,68,45,47,68,68,68,76,28,51,44
M. Russ,Marco Russ,8/4/1985,33,190.5,92.1,CB,Germany,73,73,2300000,24000,Right,2,2,2,Normal,3900000,,,,,30,42,80,67,33,39,29,28,65,44,32,32,32,71,42,67,53,39,83,44,77,70,34,51,50,73,74,75,73
H. Van Crombrugge,Hendrik Van Crombrugge,4/30/1993,25,187.96,88,GK,Belgium,73,77,3700000,8000,Left,1,2,1,Normal,5600000,,,,,12,11,11,39,16,12,16,13,38,22,37,37,45,65,43,38,67,32,67,13,34,14,11,39,26,50,16,17,11
A. Barrada,Abdelaziz Barrada,6/19/1989,29,152.4,73,"CAM,RM,CM",Morocco,73,73,3900000,16000,Right,1,3,3,Normal,,,,,,72,64,61,74,63,74,75,77,73,76,71,72,75,69,69,69,68,63,68,68,70,36,71,74,71,68,44,42,33
K. Nakamura,中村 宪剛,10/31/1980,38,175.26,66.2,"CAM,CM,CDM",Japan,73,73,1300000,7000,Right,2,3,3,Lean,1800000,,,,,76,70,70,77,68,71,85,85,77,76,50,50,71,75,75,74,70,66,58,76,65,70,64,78,80,80,61,60,60
A. Clayton,Adam Clayton,1/14/1989,30,175.26,74.8,"CDM,CM",England,73,73,3100000,40000,Right,1,3,3,Normal,5900000,,,,,69,56,45,74,40,67,67,66,73,70,64,64,66,71,69,68,61,76,65,66,80,74,55,66,66,75,70,73,69
T. Leibold,Tim Leibold,11/30/1993,25,175.26,72.1,"LB,LM",Germany,73,76,4200000,15000,Left,1,2,3,Normal,7800000,,,,,73,55,54,72,42,74,72,52,62,69,86,85,85,71,85,64,78,78,65,54,75,70,69,65,61,67,72,70,70
V. Karavaev,Vyacheslav Karavaev,5/20/1995,23,175.26,69.9,RB,Russia,73,77,4300000,10000,Right,1,3,3,Lean,6800000,,,,,72,52,62,71,50,68,64,63,69,69,76,77,71,69,73,73,74,85,59,67,69,70,66,64,55,72,70,73,71
I. Fossum,Iver Fossum,7/15/1996,22,154.94,73,"CM,CAM,CDM",Norway,73,78,5500000,19000,Right,1,4,3,Normal,9800000,Norway,75,RM,15,60,59,59,72,57,72,72,65,69,75,74,67,75,71,75,70,71,92,64,71,63,67,70,70,42,67,59,65,62
D. Bessa,Daniel Bessa,1/14/1993,26,152.4,74.8,CM,Italy,73,75,4800000,5000,Right,1,4,4,Lean,,,,,,69,64,50,77,64,76,70,69,74,77,75,57,83,70,81,76,52,61,49,79,45,49,74,77,59,72,51,52,49
N. Acevedo,Nelson Acevedo,7/11/1988,30,152.4,77.1,"CM,CDM",Argentina,73,73,3800000,14000,Right,1,4,3,Stocky,5700000,,,,,49,49,72,75,43,68,51,53,71,73,67,68,67,78,61,62,84,92,78,65,72,70,65,64,45,75,69,78,76
S. Rybalka,Sergiy Rybalka,4/1/1990,28,175.26,69.9,"CDM,CM,CAM",Ukraine,73,74,3600000,12000,Right,1,3,3,Lean,7600000,,,,,62,56,42,78,51,70,77,80,77,72,55,57,58,70,71,75,57,66,59,74,68,74,35,77,63,62,71,68,67
G. Di Lorenzo,Giovanni Di Lorenzo,8/4/1993,25,182.88,82.1,"RB,CB,RWB,RM",Italy,73,78,4500000,10000,Right,1,3,3,Stocky,8400000,,,,,74,61,70,73,62,74,68,67,71,72,71,72,73,70,70,72,74,73,73,69,70,70,62,54,59,68,71,73,71
H. Diallo,Habib Diallo,6/15/1995,23,185.42,78.9,"ST,LW",Senegal,73,81,6000000,7000,Right,1,2,3,Normal,12000000,,,,,35,77,78,64,66,69,50,36,42,67,72,69,66,68,67,69,71,67,81,57,47,19,73,61,73,65,13,17,17
B. Fernández,Brian Fernández,9/26/1994,24,170.18,73.9,"ST,CF",Argentina,73,76,5000000,11000,Right,1,4,3,Lean,8600000,,,,,65,69,66,74,64,77,73,68,64,74,88,88,89,68,86,78,83,75,59,68,37,19,68,64,59,68,23,24,21
J. Basanta,José María Basanta,4/3/1984,34,187.96,78,CB,Argentina,73,73,1200000,31000,Left,2,3,2,Lean,1900000,,,,,51,41,75,62,45,55,55,40,61,60,55,54,34,76,35,67,72,53,76,52,74,76,49,39,47,71,69,72,71
S. Thioub,Sada Thioub,6/1/1995,23,152.4,74.8,"RM,LM,RW",France,73,78,5500000,14000,Left,1,4,3,Stocky,11400000,,,,,70,73,52,68,68,78,69,61,61,72,88,85,76,62,80,70,54,72,71,74,30,21,63,65,67,67,42,21,16
C. Adams,Che Adams,7/13/1996,22,152.4,66.2,ST,England,73,80,5500000,19000,Right,1,4,3,Stocky,11600000,,,,,55,76,54,66,58,72,63,59,53,73,87,87,79,68,74,78,76,75,77,72,74,36,73,62,67,67,33,42,36
Jota,José Ignacio Peleteiro Ramallo,6/16/1991,27,154.94,69.9,RM,Spain,73,73,4200000,23000,Left,1,2,3,Lean,7900000,,,,,73,71,43,69,43,74,74,69,70,78,70,67,77,68,69,66,48,62,61,68,49,29,71,76,64,66,39,26,16
E. Crivelli,Enzo Crivelli,2/6/1995,24,182.88,78.9,ST,France,73,77,5500000,18000,Right,1,3,2,Stocky,11400000,,,,,49,74,78,73,65,65,59,49,59,74,40,54,60,73,41,78,74,72,85,64,87,25,78,64,62,68,24,26,23
Etxeita,Xabier Etxeita Gorritxategi,10/31/1987,31,185.42,78,CB,Spain,73,73,3000000,17000,Right,1,3,2,Normal,,,,,,36,29,70,63,38,47,35,43,54,64,37,53,67,76,52,54,79,71,82,34,81,75,28,30,30,68,67,71,73
D. Ciofani,Daniel Ciofani,7/31/1985,33,190.5,82.1,ST,Italy,73,73,3200000,15000,Right,2,3,2,Lean,5700000,,,,,26,75,78,57,61,53,29,48,23,68,55,69,34,74,39,76,89,56,83,70,66,29,79,42,65,77,22,14,12
M. Urruti,Maximiliano Urruti,2/22/1991,28,182.88,73.9,"ST,CAM",Argentina,73,73,4300000,8000,Right,1,2,3,Lean,6400000,,,,,36,73,63,68,74,71,67,52,49,72,77,76,76,72,77,80,68,84,63,74,80,55,73,64,66,70,34,59,49
Gerso,Gerso Fernandes,2/23/1991,28,172.72,64.9,"LW,RW",Guinea Bissau,73,73,4200000,8000,Left,1,2,3,Normal,6300000,,,,,58,64,48,69,69,74,42,53,53,71,92,93,91,74,93,68,43,75,32,68,60,34,73,64,67,70,37,37,39
J. Šural,Josef Šural,5/30/1990,28,182.88,79.8,"ST,LW,RW",Czech Republic,73,73,4100000,14000,Right,1,3,3,Normal,8300000,,,,,69,71,77,69,67,73,68,63,61,74,68,72,65,71,58,68,71,70,74,71,76,39,76,65,57,70,26,28,25
B. Celina,Bersant Celina,9/9/1996,22,154.94,66.2,"CAM,CM,LW",Kosovo,73,82,6000000,17000,Right,1,3,3,Lean,12600000,,,,,66,70,46,69,55,76,69,74,64,74,79,76,78,67,81,71,47,58,62,73,47,18,64,74,69,68,26,27,15
S. Al Faraj,Salman Mohammed Al Faraj,8/1/1989,29,154.94,64,"CM,LM,CDM",Saudi Arabia,73,73,4000000,31000,Left,1,4,3,Lean,6700000,,,,,72,65,59,77,70,71,71,66,74,75,66,72,81,73,69,74,71,67,71,67,66,65,66,76,61,73,67,67,66
L. Majer,Lovro Majer,1/17/1998,21,152.4,74.8,"CAM,CM",Croatia,73,84,7000000,1000,Left,1,3,4,Normal,16800000,,,,,75,65,42,76,58,77,79,74,75,75,75,68,81,66,72,74,50,61,47,70,42,22,60,75,78,70,31,26,31
J. St. Juste,Jeremiah St. Juste,10/19/1996,22,185.42,71.2,RB,Netherlands,73,78,4500000,8000,Right,1,3,3,Lean,6600000,,,,,64,59,68,70,48,73,33,37,68,72,83,82,78,68,64,66,86,75,72,47,75,73,64,56,59,68,70,74,73
M. Bolaños,Miler Alejandro Bolaños Reascos,6/1/1990,28,170.18,64,"CAM,RW,ST",Ecuador,73,73,4000000,18000,Right,1,3,3,Lean,6900000,Club Tijuana,71,CAM,23,58,72,43,65,64,78,63,56,61,73,87,78,75,69,83,73,57,74,58,68,57,23,73,73,61,56,21,25,24
R. Krishna,Roy Krishna,8/30/1987,31,170.18,69.9,"ST,RW",Fiji,73,73,3900000,5000,Right,1,4,3,Normal,4800000,,,,,63,71,64,66,64,74,67,63,66,73,92,92,84,71,85,68,78,71,73,68,74,54,71,64,63,68,56,48,43
E. Goldaniga,Edoardo Goldaniga,11/2/1993,25,187.96,82.1,CB,Italy,73,74,4000000,29000,Right,1,3,2,Normal,,,,,,27,22,71,57,26,48,29,33,56,59,43,55,42,70,35,55,79,56,78,41,73,74,13,19,34,64,74,73,72
Suk Hyun Jun,석현준 玄铉俊,6/29/1991,27,190.5,82.1,ST,Korea Republic,73,74,4700000,17000,Right,2,4,3,Normal,9700000,,,,,58,73,73,59,68,71,68,67,47,76,62,65,65,66,46,85,67,74,82,72,78,29,71,58,61,65,41,37,22
Míchel,Miguel Alfonso Herrero Javaloyas,7/29/1988,30,182.88,71.2,"CM,CDM",Spain,73,73,3800000,17000,Right,1,3,3,Lean,8400000,,,,,75,64,53,80,61,75,71,73,77,79,61,59,69,68,62,73,51,58,63,72,64,58,65,72,74,64,66,52,46
Álex Gallar,Álejandro Gallar Falguero,3/19/1992,26,175.26,71.2,"RM,LM,RW",Spain,73,74,4700000,19000,Left,1,4,3,Lean,10700000,,,,,72,75,55,71,58,76,76,80,70,71,73,76,75,62,72,69,63,73,65,71,42,27,69,68,74,66,58,36,25
Insua,Pablo Insua Blanco,9/9/1993,25,187.96,79.8,CB,Spain,73,77,4400000,18000,Right,1,3,2,Lean,,,,,,37,36,72,71,34,44,42,23,62,65,52,54,54,67,63,43,73,53,75,29,69,72,41,52,32,55,74,74,74
Ignasi Miquel,Ignasi Miquel i Pons,9/28/1992,26,187.96,79.8,CB,Spain,73,77,4300000,16000,Left,1,3,2,Lean,9500000,,,,,49,18,73,69,26,55,27,24,58,69,64,66,60,62,37,57,60,68,78,21,75,74,26,54,43,62,69,74,70
L. Bustamante,Luis Gonzalo Bustamante,12/11/1985,33,170.18,67.1,CAM,Argentina,73,73,3100000,4000,Right,1,4,3,Normal,4200000,,,,,65,66,43,79,59,72,49,57,74,73,76,71,79,63,78,67,74,71,56,68,56,24,62,78,53,66,35,37,32
E. Schelotto,Ezequiel Schelotto,5/23/1989,29,187.96,77.1,RB,Italy,73,73,3000000,34000,Right,1,3,3,Lean,,,,,,75,52,64,69,59,74,67,57,65,73,67,75,67,74,65,75,70,83,69,65,85,71,73,62,54,66,72,72,70
Paulinho,Paulo Sérgio Mota,7/13/1991,27,175.26,69.9,RB,Portugal,73,73,3400000,8000,Right,1,3,3,Normal,7100000,,,,,72,45,55,68,45,72,70,68,54,73,83,86,75,74,76,57,79,87,60,49,68,66,65,59,47,66,68,68,70
F. Hübner,Florian Hübner,3/1/1991,28,193.04,83.9,CB,Germany,73,75,3900000,23000,Right,1,3,2,Lean,6600000,,,,,50,40,74,58,25,32,31,21,51,54,54,53,52,71,48,62,50,59,79,35,73,76,44,37,44,68,73,79,73
Castro,André de Castro Pereira,4/2/1988,30,154.94,74.8,"CAM,CDM",Portugal,73,73,3800000,20000,Right,1,2,3,Normal,7600000,,,,,66,64,55,74,62,74,71,55,72,75,68,66,77,70,72,84,67,75,77,76,76,69,70,74,63,69,63,66,61
R. Aliendro,Rodrigo Aliendro,2/16/1991,28,152.4,68,"CDM,CM,RM",Argentina,73,74,3800000,10000,Right,1,3,4,Stocky,6000000,,,,,60,76,72,74,69,75,55,47,68,74,80,79,78,72,78,76,81,81,67,66,78,73,71,64,52,72,72,73,68
M. Kanazaki,金崎 夢生,2/16/1989,30,154.94,69.9,ST,Japan,73,73,4000000,6000,Right,1,4,3,Lean,5000000,,,,,67,72,68,74,70,71,65,50,57,69,82,78,82,66,68,70,71,84,82,66,79,31,71,69,74,70,41,24,25
S. Sunzu,Stoppila Sunzu,6/22/1989,29,190.5,91.2,CB,Zambia,73,74,3500000,7000,Right,1,2,2,Normal,6600000,,,,,36,23,72,66,35,39,47,55,64,62,49,63,55,66,67,50,81,74,88,57,71,68,34,42,46,67,71,74,72
Y. Sanogo,Yaya Sanogo,1/27/1993,26,190.5,74.8,ST,France,73,76,5000000,24000,Right,1,3,3,Lean,10400000,,,,,49,74,72,73,68,67,52,48,56,75,67,67,58,68,37,76,74,68,79,65,46,36,73,59,65,70,31,21,19
T. Minamino,南野 拓実,1/16/1995,24,175.26,67.1,"ST,CAM,RW,LW",Japan,73,80,5500000,27000,Right,1,4,3,Lean,9400000,,,,,64,75,55,68,66,79,67,53,64,76,90,86,86,75,78,71,75,81,56,70,61,49,72,65,59,62,35,39,34
S. Dioudis,Sokratis Dioudis,2/3/1993,26,187.96,74.8,GK,Greece,73,76,3500000,1000,Right,1,2,1,Lean,8000000,,,,,13,13,15,26,18,13,19,19,23,24,40,45,60,66,59,19,68,33,65,20,18,21,13,34,28,63,17,20,11
J. Al Hussien,Jehad Fadel Al Hussain,7/30/1982,36,167.64,63,"CAM,CM",Syria,73,73,1800000,13000,Right,1,3,4,Normal,2900000,,,,,72,69,44,75,57,75,63,67,70,74,62,60,71,65,68,65,54,60,67,69,66,56,64,79,73,65,53,48,47
Raul García,Raúl García Carnero,4/30/1989,29,175.26,72.1,"LB,CB,LM",Spain,73,73,3000000,22000,Left,1,2,2,Normal,6300000,,,,,76,58,61,72,54,62,75,73,68,70,70,71,75,68,79,72,77,90,70,64,74,72,62,65,64,64,62,73,74
S. Bertoli,Sebastián Hernán Bertoli,10/16/1977,41,185.42,81.2,GK,Argentina,73,73,270000,6000,Right,1,2,1,Normal,392000,,,,,12,19,10,23,9,14,12,21,24,20,24,33,38,69,40,25,62,19,60,10,33,11,7,39,72,44,12,13,11
J. Gélin,Jérémy Gélin,4/24/1997,21,182.88,78.9,"CB,CDM",France,73,83,5500000,16000,Right,1,3,2,Normal,11600000,,,,,44,30,68,70,30,58,52,33,67,68,59,66,61,73,61,52,71,69,72,35,73,71,26,58,48,71,72,75,71
J. Mišić,Josip Mišić,6/28/1994,24,182.88,78.9,CM,Croatia,73,78,5500000,1000,Right,1,3,2,Normal,12000000,,,,,50,62,58,76,66,74,68,77,75,76,65,67,69,72,65,72,74,65,75,72,63,66,67,74,64,74,63,65,51
Fabiano,Fabiano Ribeiro de Freitas,2/29/1988,31,198.12,91.2,GK,Brazil,73,73,2600000,8000,Right,1,1,1,Normal,5100000,,,,,13,10,19,34,19,12,17,15,22,11,47,39,37,66,29,18,74,42,78,20,33,16,10,45,22,47,16,16,11
O. Mangala,Orel Mangala,3/18/1998,20,152.4,78,"CM,CDM",Belgium,73,84,7000000,19000,Right,1,4,3,Normal,,,,,,63,38,51,75,51,77,57,50,69,77,75,69,76,72,68,65,66,78,69,62,65,67,60,75,42,71,73,65,59
J. Toljan,Jeremy Toljan,8/8/1994,24,182.88,73.9,"RB,LB",Germany,73,77,4300000,28000,Right,2,4,3,Lean,,,,,,75,39,49,74,41,68,39,32,63,72,88,92,74,67,70,49,84,74,66,38,62,68,56,48,39,58,63,74,72
J. Gandolfi,Javier Marcelo Gandolfi,12/5/1980,38,152.4,78,CB,Argentina,73,73,550000,9000,Right,1,2,2,Stocky,825000,,,,,44,34,73,70,50,45,58,64,69,60,65,43,64,58,53,67,83,65,81,40,82,71,26,62,58,70,69,74,72
J. Lewis,Joe Lewis,10/6/1987,31,198.12,84.8,GK,England,73,73,2600000,6000,Right,1,3,1,Lean,4500000,,,,,11,19,13,23,15,11,18,19,33,21,55,57,63,63,44,23,74,35,75,13,34,23,16,63,18,62,22,12,13
J. Bořil,Jan Bořil,1/11/1991,28,175.26,74.8,"RB,LB",Czech Republic,73,73,3300000,1000,Right,1,4,3,Stocky,7200000,Czech Republic,75,LB,18,73,42,68,64,42,63,57,35,60,69,76,74,72,74,73,66,72,83,72,58,82,69,60,57,39,72,69,72,71
S. Clucas,Sam Clucas,9/25/1990,28,187.96,73.9,"CM,LM,LB",England,73,73,4100000,34000,Left,1,4,3,Lean,7800000,,,,,71,67,60,75,68,72,65,67,70,72,68,74,66,68,63,67,72,91,68,68,56,67,64,72,65,69,67,66,57
A. Grünwald,Alexander Grünwald,5/1/1989,29,187.96,83.9,"CAM,CM",Austria,73,73,3900000,15000,Left,1,2,3,Normal,5700000,,,,,67,69,58,74,64,73,75,79,70,75,65,66,64,69,68,73,65,80,84,70,65,61,65,76,68,70,55,56,55
J. Poulsen,Jakob Bendix Uhd Poulsen,7/7/1983,35,154.94,73.9,CM,Denmark,73,73,1900000,19000,Right,1,4,3,Lean,2500000,,,,,74,67,52,74,67,69,72,77,73,71,50,63,70,70,73,72,70,80,70,73,73,68,69,73,82,75,60,62,53
C. Montes,César Jasib Montes Castro,2/24/1997,22,190.5,69.9,CB,Mexico,73,81,5000000,22000,Right,1,3,2,Normal,9000000,,,,,41,32,76,64,31,52,62,37,70,62,56,67,71,69,55,50,77,76,79,35,73,71,59,61,48,74,68,74,73
R. Meggiorini,Riccardo Meggiorini,9/4/1985,33,182.88,78,ST,Italy,73,73,3200000,15000,Left,2,3,3,Normal,5700000,,,,,62,72,72,70,69,74,69,60,54,73,75,66,78,75,74,69,76,67,75,60,45,23,74,74,73,78,50,28,24
N. Bungert,Niko Bungert,10/24/1986,32,187.96,74.8,CB,Germany,73,73,2700000,20000,Right,2,1,2,Lean,4600000,,,,,42,35,76,68,36,44,30,48,60,55,42,45,53,74,57,59,68,32,68,33,60,75,35,37,42,73,78,77,74
C. Kouamé,Christian Kouamé,12/6/1997,21,185.42,69.9,"ST,CF",Ivory Coast,73,87,9000000,12000,Right,1,3,3,Lean,21800000,,,,,57,75,65,68,58,73,49,45,52,72,82,84,72,64,63,67,64,66,78,58,52,37,76,62,61,64,41,35,32
F. Meza,Francisco Javier Meza Palma,8/29/1991,27,182.88,73,CB,Colombia,73,76,4200000,36000,Right,1,3,2,Lean,7000000,,,,,35,41,71,65,25,59,30,40,67,65,66,67,61,66,58,35,70,63,73,23,72,78,47,42,33,70,72,72,73
A. Henríquez,Ángelo Henríquez,4/13/1994,24,175.26,73,ST,Chile,73,76,5000000,10000,Right,1,4,3,Normal,7400000,,,,,59,76,72,62,74,69,53,56,57,68,73,76,71,68,69,77,68,65,66,65,42,12,74,60,71,71,18,33,26
Nélson Oliveira,Nélson Miguel Castro Oliveira,8/8/1991,27,185.42,82.1,ST,Portugal,73,73,4400000,25000,Right,1,4,3,Lean,,,,,,55,74,71,69,70,71,65,47,55,73,64,75,68,66,67,77,64,67,77,68,75,36,72,62,76,71,27,40,29
E. Terranova,Emanuele Terranova,2/5/1987,32,185.42,86.2,CB,Italy,73,73,2700000,4000,Right,1,3,2,Normal,4300000,,,,,30,21,69,54,15,43,59,22,53,48,67,68,62,70,52,66,90,53,84,14,74,67,22,30,65,60,75,74,71
R. Emond,Renaud Emond,12/5/1991,27,185.42,73,ST,Belgium,73,74,4800000,15000,Right,1,3,2,Lean,7500000,,,,,48,78,75,62,72,60,64,66,33,67,65,69,65,73,60,70,68,71,74,60,47,38,81,59,74,74,14,18,21
G. Hooper,Gary Hooper,1/26/1988,31,175.26,71.2,ST,England,73,73,3900000,25000,Right,1,2,3,Stocky,7300000,,,,,59,77,72,72,70,65,48,50,48,73,66,66,67,67,73,77,71,67,75,67,59,15,75,60,72,79,20,27,15
L. Freeman,Luke Anthony Freeman,3/22/1992,26,172.72,73,"LM,CAM",England,73,74,4700000,9000,Left,1,3,3,Stocky,9300000,,,,,75,65,44,71,61,76,76,69,67,71,78,76,86,65,78,68,75,72,54,70,58,63,68,77,60,64,40,60,52
Miguel Vieira,Luís Miguel Vieira da Silva,10/8/1990,28,190.5,79.8,CB,Portugal,73,74,3800000,8000,Right,1,2,2,Normal,6300000,,,,,32,24,68,59,33,35,30,26,42,64,56,56,45,70,47,47,74,65,79,24,78,73,24,31,47,70,70,76,69
A. Rispoli,Andrea Rispoli,9/29/1988,30,187.96,83,"RB,RM",Italy,73,73,3000000,4000,Right,1,3,3,Normal,4800000,,,,,71,68,69,68,51,69,57,49,68,73,81,83,73,73,54,67,80,87,82,55,69,68,67,61,45,67,67,70,67
N. Navarro,Nicolás Gastón Navarro,3/25/1985,33,190.5,87.1,GK,Argentina,73,73,2000000,12000,Left,1,2,1,Normal,,,,,,18,17,15,35,20,19,16,20,22,27,50,54,58,68,43,16,57,41,57,15,34,21,16,45,23,63,23,14,19
A. Barboza,Alexander Nahuel Barboza Ullúa,3/16/1995,23,193.04,88,CB,Argentina,73,78,4500000,14000,Left,1,2,2,Lean,,,,,,33,27,79,65,17,55,24,26,58,63,44,46,42,61,36,38,51,68,80,31,73,71,27,33,58,58,73,74,73
A. Maxim,Alexandru Iulian Maxim,7/8/1990,28,152.4,73,"CAM,CM,LM",Romania,73,73,4200000,22000,Right,2,4,5,Lean,7100000,Romania,72,LM,10,70,63,40,70,72,80,81,72,70,74,77,55,87,70,78,68,52,69,49,70,48,43,67,74,72,68,27,30,23
O. John,Ola John,5/19/1992,26,152.4,72.1,"LM,RM",Netherlands,73,74,4700000,9000,Right,2,4,4,Normal,10200000,,,,,73,62,49,74,60,78,73,69,65,76,79,75,70,68,71,74,61,54,70,65,37,31,65,72,62,68,18,23,19
A. Smithies,Alex Smithies,3/5/1990,29,187.96,88,GK,England,73,75,3300000,28000,Right,1,2,1,Lean,6900000,,,,,14,11,17,30,13,14,11,11,15,23,59,59,33,65,44,46,82,39,66,13,37,24,17,43,21,58,15,12,17
P. Barrientos,Pablo César Barrientos,1/17/1985,34,175.26,68.9,"CAM,CM,LM",Argentina,73,73,2400000,20000,Left,1,3,4,Lean,4100000,,,,,70,60,63,75,71,75,83,77,73,74,61,61,77,71,76,74,55,50,58,71,65,37,63,80,75,75,45,31,31
F. Rinaudo,Fabián Andrés Rinaudo,5/8/1987,31,175.26,73.9,"CM,CDM,CB",Argentina,73,73,3400000,14000,Right,2,3,3,Normal,5100000,,,,,62,58,64,77,60,69,54,53,76,70,73,65,71,74,72,75,77,75,78,72,81,77,60,64,52,76,71,74,74
L. Mazzitelli,Luca Mazzitelli,11/15/1995,23,187.96,76.2,"CM,CDM",Italy,73,78,5500000,32000,Right,1,4,3,Normal,,,,,,68,40,60,76,65,71,66,45,75,76,66,55,61,71,68,73,61,67,64,70,70,70,65,75,44,69,56,70,68
Eduardo,Eduardo Antônio Machado Teixeira,6/7/1993,25,152.4,71.2,"CM,CAM",Brazil,73,76,4900000,11000,Left,1,3,3,Normal,10300000,,,,,67,63,53,77,54,73,65,66,71,75,64,63,66,70,71,70,57,69,57,71,50,59,68,78,64,70,53,59,58
G. Pazzini,Giampaolo Pazzini,8/2/1984,34,154.94,78,ST,Italy,73,73,2500000,5000,Right,2,3,3,Normal,4000000,,,,,50,82,81,65,77,65,63,40,40,72,65,61,71,68,80,65,93,58,67,40,70,20,84,58,86,78,45,22,20
A. Bamba,Abdoulaye Bamba,4/25/1990,28,182.88,72.1,"RB,LB,RWB",Ivory Coast,73,73,3200000,18000,Right,1,3,2,Lean,6300000,,,,,67,28,62,69,49,61,58,49,65,69,79,79,78,68,66,50,75,81,72,53,65,72,59,58,38,61,65,72,73
A. Mina,Arturo Mina,10/8/1990,28,190.5,83.9,CB,Ecuador,73,74,3800000,11000,Right,1,3,2,Stocky,7800000,Ecuador,72,LCB,2,43,30,77,68,30,47,27,41,57,61,52,50,38,66,45,52,76,56,92,33,67,73,38,44,45,55,72,70,68
I. Mbaye,Ibrahima Mbaye,11/19/1994,24,187.96,69.9,"RB,LB",Senegal,73,80,4700000,19000,Right,1,3,3,Lean,9000000,,,,,72,35,66,72,50,68,68,55,64,70,68,76,71,70,65,69,53,77,66,56,68,70,60,50,49,68,72,74,74
M. Tekdemir,Mahmut Tekdemir,1/20/1988,31,152.4,68,"CDM,CB",Turkey,73,73,3000000,18000,Right,1,2,3,Normal,5600000,Turkey,76,SUB,14,57,53,68,75,48,67,50,48,70,73,66,59,68,73,74,72,82,77,68,66,78,71,53,59,50,68,70,77,70
L. Burián,Leonardo Fabián Burián Castro,1/21/1984,35,187.96,81.2,GK,Uruguay,73,73,1600000,9000,Right,1,3,1,Normal,2400000,,,,,13,15,12,37,13,13,15,15,35,33,40,42,68,73,69,52,71,43,67,19,36,28,15,20,25,52,10,18,14
Michel Cruceiro,Michel David Cruceiro Muscato,2/29/1992,27,185.42,82.1,"CDM,CM",Brazil,73,73,3500000,24000,Left,1,3,2,Normal,6600000,,,,,69,53,65,74,53,62,66,71,69,71,58,61,59,66,46,81,52,86,78,75,74,74,56,56,74,73,72,72,65
Ricardo,Ricardo Jorge Vaz Té,10/1/1986,32,187.96,79.8,ST,Portugal,73,73,3600000,13000,Right,1,4,3,Normal,7700000,,,,,64,74,76,66,65,68,67,57,58,71,78,74,77,65,58,80,70,68,80,65,63,45,70,68,74,67,42,36,24
Y. Gordillo,Yeison Stiven Gordillo Vargas,6/25/1992,26,175.26,73,"CDM,CM",Colombia,73,78,4400000,4000,Right,1,3,2,Normal,,,,,,43,32,53,73,33,57,42,36,65,69,69,55,71,72,73,63,67,92,64,60,80,72,64,61,44,65,73,71,66
G. Peruzzi,Gino Peruzzi,6/9/1992,26,152.4,71.2,RB,Argentina,73,76,4100000,15000,Right,1,3,3,Normal,6400000,,,,,68,38,57,69,40,68,65,50,66,69,79,82,73,71,70,67,78,78,66,60,73,76,55,53,46,72,65,74,73
Yu Hanchao,汉超于,2/25/1987,32,152.4,64.9,"LM,RM",China PR,73,73,3500000,15000,Left,1,4,3,Normal,7700000,,,,,69,65,58,74,59,74,55,55,60,73,75,79,80,72,78,65,54,89,68,59,64,52,68,69,64,77,31,34,48
K. Westwood,Keiren Westwood,10/23/1984,34,187.96,86.2,GK,Republic of Ireland,73,73,2000000,17000,Left,1,4,1,Normal,3800000,,,,,20,11,20,28,14,20,11,12,23,22,50,45,58,65,48,24,62,25,78,20,38,22,15,41,31,66,20,20,19
Evandro Rochedo,Evandro Sérgio Rochedo Paulino,2/29/1984,35,187.96,82.1,ST,Brazil,73,73,2100000,29000,Right,1,4,3,Normal,4000000,,,,,57,75,64,64,73,70,63,72,55,74,58,56,59,77,53,79,54,43,84,74,58,37,75,54,72,73,15,44,45
Dani Pacheco,Daniel Pacheco Lobato,1/5/1991,28,167.64,64.9,LM,Spain,73,73,4200000,9000,Right,1,3,3,Normal,6700000,,,,,71,71,47,76,62,77,78,80,74,77,72,70,85,68,90,59,72,68,58,68,48,39,66,69,69,61,41,28,23
A. Ríos,Antonio Ríos Martínez,10/24/1988,30,172.72,74.8,"CDM,CM",Mexico,73,73,3100000,19000,Right,1,4,2,Stocky,5300000,,,,,50,39,54,73,56,55,68,60,70,68,66,65,63,68,59,73,64,83,77,73,73,74,59,69,55,67,76,70,64
D. Kadah,Deniz Kadah,3/2/1986,33,187.96,79.8,"CAM,ST",Turkey,73,73,3100000,20000,Right,1,4,3,Normal,6200000,,,,,66,74,78,72,65,70,69,60,66,74,63,67,66,75,65,79,78,68,79,74,72,25,74,76,72,72,25,26,24
A. Diakhaby,Adama Diakhaby,7/5/1996,22,187.96,73.9,"RM,LM,ST",France,73,78,5500000,26000,Left,1,2,3,Lean,10900000,,,,,66,75,72,72,61,77,54,39,55,67,89,87,86,72,64,71,70,59,57,63,32,14,73,64,71,63,22,17,16
Juan Carlos,Juan Carlos Martín Corral,1/20/1988,31,187.96,82.1,GK,Spain,73,73,2600000,6000,Right,1,3,1,Normal,4100000,,,,,32,14,19,25,15,13,30,12,27,22,58,61,56,67,58,47,70,42,61,15,13,20,11,33,30,51,25,20,21
I. Success,Isaac Success,1/7/1996,23,182.88,89.8,"ST,RM,LM",Nigeria,73,80,5500000,37000,Right,1,3,3,Stocky,11600000,,,,,73,69,64,68,55,77,56,54,55,79,75,84,68,68,56,80,80,63,78,58,45,20,72,62,68,63,41,33,24
S. Al Dawsari,Salem Al Dawsari,8/19/1991,27,175.26,68,"LM,RM,CM",Saudi Arabia,73,73,4300000,29000,Right,1,4,4,Normal,7300000,,,,,66,68,56,65,69,78,69,60,60,72,85,83,82,65,75,72,44,83,72,67,77,37,71,72,62,67,60,28,49
A. Özbiliz,Aras Özbiliz,3/9/1990,28,175.26,72.1,RW,Armenia,73,73,4000000,40000,Left,2,3,4,Normal,,,,,,76,72,41,74,70,76,77,80,70,76,79,77,82,62,79,79,65,61,57,78,35,44,65,67,74,62,30,28,23
G. Banguera,Geovanni Banguera,12/15/1995,23,187.96,79.8,GK,Colombia,73,82,4700000,3000,Right,1,2,1,Normal,7500000,,,,,12,16,16,13,15,11,15,12,23,14,40,45,44,68,45,22,58,34,63,13,21,10,7,22,21,35,20,15,17
K. Johnsson,Karl-Johan Johnsson,1/28/1990,29,187.96,83.9,GK,Sweden,73,74,3200000,15000,Right,1,2,1,Normal,6700000,Sweden,76,SUB,12,11,13,19,26,19,16,12,11,38,22,50,49,45,63,32,21,71,45,69,13,35,20,16,49,17,56,15,14,12
U. Demirok,Uğur Demirok,7/8/1988,30,190.5,84.8,CB,Turkey,73,73,3100000,14000,Right,1,3,2,Normal,6200000,,,,,40,42,76,64,29,57,32,22,68,58,51,39,48,71,45,55,44,79,85,30,68,74,40,64,72,73,70,77,75
N. Asare,Nana Kwesi Asare,7/11/1986,32,172.72,66.2,"LB,CB",Ghana,73,73,2600000,16000,Left,1,4,3,Lean,3900000,,,,,67,48,63,70,58,73,67,63,67,71,73,71,78,70,80,58,78,77,64,58,76,81,71,71,66,80,76,69,69
M. Pucciarelli,Manuel Pucciarelli,6/17/1991,27,175.26,64,"ST,CF",Italy,73,74,4700000,13000,Right,2,3,4,Lean,,,,,,62,74,54,72,74,77,69,39,58,76,90,78,90,76,86,74,72,76,48,69,60,32,78,64,55,74,58,32,28
D. Fagundez,Diego Santiago Fagúndez Pepe,2/14/1995,24,172.72,64,"CAM,LM,CM",Uruguay,73,77,5000000,6000,Right,1,2,4,Lean,7900000,,,,,75,68,48,71,61,78,70,65,63,70,80,75,88,69,82,78,57,73,49,67,63,30,68,71,52,70,41,51,43
W. Troost-Ekong,William Troost-Ekong,9/1/1993,25,190.5,82.1,CB,Nigeria,73,77,4400000,17000,Right,1,3,2,Normal,7800000,,,,,37,23,76,54,26,37,25,26,52,50,65,73,34,67,59,53,70,67,85,33,74,71,30,41,40,69,73,72,70
Paulinho,Paulo José de Oliveira,4/9/1986,32,175.26,74.8,LW,Brazil,73,73,3100000,5000,Right,1,4,4,Normal,3900000,,,,,62,72,41,66,72,76,71,71,52,75,79,72,79,73,89,72,75,68,66,75,76,18,78,68,68,79,38,12,17
J. Foyth,Juan Marcos Foyth,1/12/1998,21,187.96,68.9,CB,Argentina,73,85,6500000,37000,Right,1,3,3,Lean,13300000,,,,,41,43,74,73,43,66,41,47,49,73,71,71,72,73,72,56,72,65,71,39,61,72,46,52,47,57,70,75,72
M. Linnes,Martin Linnes,9/20/1991,27,152.4,72.1,"RB,LB",Norway,73,73,3400000,37000,Right,1,3,3,Lean,6500000,Norway,75,SUB,17,68,57,55,68,47,72,65,38,62,73,86,87,82,68,80,60,66,82,60,59,62,72,65,63,41,59,67,72,71
Serginho,Sérgio Antônio Soler Oliveira Jr,4/2/1994,24,154.94,82.1,"ST,CAM",Brazil,73,78,5500000,11000,Left,1,3,3,Normal,7300000,,,,,65,76,65,78,66,72,73,71,70,73,68,69,62,67,65,76,55,74,73,72,54,34,72,73,70,71,32,50,53
Hélder Lopes,Hélder Filipe Oliveira Lopes,1/4/1989,30,152.4,66.2,LB,Portugal,73,73,3000000,1000,Left,1,4,3,Lean,6700000,,,,,75,52,59,73,45,66,57,73,60,70,72,77,66,65,71,81,55,79,68,53,72,68,61,63,40,65,68,75,72
E. Berg,Erik Berg,12/30/1988,30,193.04,88.9,CB,Sweden,73,73,3100000,6000,Right,1,2,2,Lean,3900000,,,,,41,41,69,61,42,55,47,46,69,64,47,62,54,67,46,68,82,74,83,47,70,72,44,55,49,71,73,72,70
R. Bengtsson,Rasmus Bengtsson,6/26/1986,32,185.42,79.8,CB,Sweden,73,73,2300000,6000,Right,1,3,2,Normal,3000000,,,,,38,38,69,65,35,52,42,24,61,58,43,44,52,72,60,36,83,52,80,35,72,78,36,55,46,74,71,74,72
F. Forestieri,Fernando Martín Forestieri,1/15/1990,29,172.72,67.1,"ST,CAM,CF",Italy,73,73,4100000,26000,Right,1,3,4,Normal,7800000,,,,,64,73,59,72,71,78,70,65,60,77,83,76,90,71,88,75,84,73,63,73,73,42,71,73,69,71,50,53,31
K. Wilczek,Kamil Wilczek,1/14/1988,31,185.42,83,ST,Poland,73,73,3900000,24000,Left,1,3,3,Normal,4800000,,,,,62,75,71,65,69,68,59,43,61,72,64,63,68,71,71,70,76,76,82,65,76,56,78,63,65,72,45,31,25
G. Cimirot,Gojko Cimirot,12/19/1992,26,152.4,73.9,"CM,CDM",Bosnia Herzegovina,73,75,4800000,13000,Right,1,3,3,Lean,7600000,,,,,65,64,55,75,61,72,61,64,73,75,73,68,72,70,78,73,71,77,66,70,67,74,66,71,60,70,68,67,66
I. Bennacer,Ismaël Bennacer,12/1/1997,21,172.72,64,"CM,CDM",Algeria,73,83,6500000,9000,Left,1,3,3,Lean,13000000,,,,,70,69,70,75,69,73,69,71,71,74,70,72,73,74,79,73,72,77,59,70,58,62,69,71,68,70,62,64,63
L. Marrone,Luca Marrone,3/28/1990,28,185.42,74.8,"CB,CDM",Italy,73,73,3200000,61000,Right,1,3,3,Lean,,,,,,67,40,72,73,64,72,72,72,72,75,48,61,60,69,62,80,70,76,73,75,66,74,56,69,73,68,77,72,72
R. Halliche,Rafik Halliche,9/2/1986,32,187.96,81.2,CB,Algeria,73,73,2700000,6000,Right,1,3,2,Normal,5700000,,,,,50,34,73,63,40,46,45,36,55,56,50,54,54,63,58,59,76,62,78,39,81,73,29,45,50,72,73,76,71
V. Vada,Valentín Vada,3/6/1996,23,175.26,71.2,CM,Argentina,73,79,5500000,27000,Right,1,4,3,Normal,,,,,,72,67,55,75,64,72,73,74,72,75,61,60,75,73,77,67,55,68,69,59,62,69,71,74,58,68,64,62,57
Y. Bissouma,Yves Bissouma,8/30/1996,22,182.88,79.8,"CM,CDM,RM",Mali,73,83,6500000,26000,Right,1,3,4,Normal,13700000,,,,,65,52,60,74,38,76,62,75,70,74,75,71,72,70,78,82,59,64,69,74,68,71,67,74,58,72,67,75,71
R. Salinas,Rodrigo Salinas Dorantes,5/9/1988,30,152.4,73.9,"RB,LB",Mexico,73,73,2900000,18000,Right,1,3,3,Lean,4900000,,,,,76,66,61,75,44,71,70,61,66,72,73,73,67,70,58,75,65,82,70,67,70,68,69,68,73,75,70,73,72
R. Doan,堂安 律,6/16/1998,20,172.72,69.9,"RM,CAM",Japan,73,84,7000000,6000,Left,1,3,3,Normal,11900000,,,,,70,68,45,72,59,75,67,59,68,72,78,75,86,70,93,72,42,75,54,76,41,41,61,73,58,72,39,36,42
F. Pardo,Édgar Felipe Pardo Castro,8/17/1990,28,152.4,79.8,"RM,LM",Colombia,73,73,4200000,20000,Right,2,4,3,Stocky,7100000,,,,,75,70,67,68,71,73,79,66,67,74,83,81,75,65,74,80,67,66,80,74,80,35,76,66,65,70,42,29,28
J. Duque,Jhon Duque,6/4/1992,26,175.26,68,"CDM,CM",Colombia,73,77,4300000,4000,Right,1,3,2,Normal,6300000,,,,,43,43,59,72,29,58,43,39,59,69,66,66,74,74,69,47,71,88,65,36,74,79,53,64,42,70,72,72,66
D. Jensen,David Jensen,3/25/1992,26,195.58,92.1,GK,Denmark,73,76,3500000,11000,Right,1,3,1,Normal,5500000,,,,,12,13,18,23,13,14,15,15,26,22,48,34,38,73,57,12,58,37,79,17,36,19,15,51,11,55,12,14,18
Omar Ramos,Julián Omar Ramos Suárez,1/26/1988,31,175.26,66.2,"RM,LM",Spain,73,73,3800000,10000,Left,1,3,3,Lean,6000000,,,,,75,63,46,71,54,77,84,61,65,73,78,74,84,65,78,62,67,66,55,70,58,30,69,73,73,70,40,32,35
D. Randolph,Darren Randolph,5/12/1987,31,187.96,78,GK,Republic of Ireland,73,73,2400000,31000,Right,1,3,1,Stocky,4600000,Republic of Ireland,74,GK,23,11,14,16,33,16,14,15,14,34,33,41,44,50,73,43,36,61,34,57,14,29,18,11,35,30,36,15,14,14
S. Sensi,Stefano Sensi,8/5/1995,23,167.64,62.1,"CDM,CM",Italy,73,78,4500000,29000,Right,1,4,3,Normal,8500000,,,,,70,48,30,77,49,73,73,75,78,78,68,55,66,70,87,61,51,74,64,68,69,69,63,79,73,74,63,70,70
A. Ricaurte,Andrés Ricaurte Vélez,10/3/1991,27,182.88,69.9,"CDM,CAM,CM,LM",Colombia,73,76,4200000,4000,Left,1,3,3,Lean,5900000,,,,,69,57,45,80,41,67,56,57,79,72,80,70,66,71,59,55,68,78,70,58,74,68,63,81,61,68,58,72,65
M. Aguirregaray,Matías Aguirregaray Guruceaga,4/1/1989,29,152.4,78,"RB,LB,RWB",Uruguay,73,73,3000000,22000,Right,1,3,3,Normal,5000000,,,,,72,38,68,71,64,70,66,50,63,73,74,79,69,71,69,70,63,73,74,61,79,68,72,67,58,69,65,73,72
João Carvalho,João António Antunes Carvalho,3/9/1997,21,170.18,66.2,CAM,Portugal,73,82,6000000,28000,Right,1,4,4,Normal,12600000,,,,,71,66,38,73,70,76,74,68,65,77,73,72,84,78,86,72,53,61,43,58,41,40,66,73,69,73,21,37,22
A. Zeneli,Arbër Zeneli,2/25/1995,24,175.26,72.1,"LM,RM",Kosovo,73,77,5000000,14000,Right,1,3,4,Normal,10400000,,,,,71,66,50,68,62,83,78,67,54,77,87,85,86,67,80,77,33,73,55,63,61,38,61,60,56,67,30,33,24
D. Dainelli,Dario Dainelli,6/9/1979,39,190.5,78,CB,Italy,73,73,270000,2000,Right,2,3,2,Lean,419000,,,,,28,22,73,56,19,52,40,31,64,55,30,33,30,70,34,69,74,32,79,31,69,83,16,25,30,75,73,76,70
K. Hansen,Kian Hansen,3/3/1989,30,182.88,73.9,CB,Denmark,73,73,3100000,18000,Right,1,3,2,Normal,4000000,,,,,65,43,73,70,36,52,67,43,73,70,70,67,70,70,72,59,78,78,74,48,69,69,55,65,33,68,73,71,74
R. Bennett,Ryan Bennett,3/6/1990,29,187.96,78,CB,England,73,73,3200000,46000,Right,1,2,2,Normal,6200000,,,,,25,18,73,65,14,27,22,25,63,45,36,39,30,68,34,43,73,63,77,20,81,70,22,28,28,54,76,75,74
Lee Chung Yong,이청용 李青龙,7/2/1988,30,154.94,68,"CAM,LM",Korea Republic,73,73,3900000,16000,Right,2,3,3,Lean,6300000,,,,,70,62,58,73,66,76,68,65,68,74,73,64,75,74,78,67,58,73,57,63,55,54,70,74,63,72,55,53,41
V. Verre,Valerio Verre,1/11/1994,25,154.94,69.9,"CM,CAM",Italy,73,78,5500000,23000,Right,1,4,3,Lean,,,,,,69,69,60,75,68,72,70,68,70,74,71,70,73,76,75,73,69,75,66,68,64,64,70,70,74,72,61,63,60
Kwoun Sun Tae,권순태 权纯泰,9/11/1984,34,182.88,84.8,GK,Korea Republic,73,73,2000000,8000,Right,1,2,1,Stocky,2500000,,,,,10,16,18,35,11,14,14,12,34,24,39,47,67,73,51,21,68,20,69,13,24,24,17,64,22,57,18,14,20
Mauro Cildinho,Mauro Pierre Cildinho Conradi,2/29/1984,35,172.72,64,RB,Brazil,73,73,1100000,13000,Right,1,3,3,Lean,2200000,,,,,72,44,47,73,55,74,67,61,66,73,81,69,83,66,84,52,74,78,46,41,58,77,49,60,50,66,75,65,73
Edinho,Arnaldo Edi Lopes da Silva,7/7/1982,36,182.88,73.9,ST,Portugal,73,73,1800000,9000,Right,1,3,3,Lean,3900000,,,,,47,76,80,59,73,68,60,71,44,69,53,64,61,72,62,79,76,44,68,72,69,37,73,52,89,70,19,25,33
L. Pisculichi,Leonardo Nicolás Pisculichi,1/18/1984,35,175.26,73.9,"CAM,CM",Argentina,73,73,2000000,12000,Left,1,2,3,Normal,3000000,,,,,74,68,62,72,74,73,80,82,75,77,66,62,74,65,79,78,74,52,59,76,59,48,67,75,78,74,58,29,23
Y. Benalouane,Yohan Benalouane,3/28/1987,31,185.42,86.2,"CB,RB",Tunisia,73,73,2700000,35000,Right,1,3,2,Lean,5100000,,,,,61,24,68,64,51,47,51,52,61,59,49,54,56,65,58,68,77,51,77,39,87,76,46,40,38,63,69,75,69
A. Ragusa,Antonino Ragusa,3/27/1990,28,182.88,78,LW,Italy,73,73,4000000,42000,Right,1,3,4,Normal,,,,,,68,66,59,74,70,75,63,51,60,76,87,88,82,69,74,68,66,72,65,69,57,36,68,64,58,71,55,40,26
F. Lemoine,Fabien Lemoine,3/16/1987,31,175.26,69.9,CDM,France,73,73,2700000,8000,Right,2,3,3,Lean,4700000,,,,,63,55,62,73,58,65,60,60,70,69,55,44,74,65,74,64,81,82,66,67,80,73,60,68,57,70,73,72,68
C. Roldan,Cristian Roldan,6/3/1995,23,172.72,74.8,"CDM,CM,RM",United States,73,79,4700000,6000,Right,1,3,3,Normal,7900000,United States,74,SUB,23,66,63,63,73,49,70,69,40,70,70,71,69,77,70,84,70,83,89,66,63,78,70,67,68,61,71,70,71,69
D. Ndong,Didier  Ndong Ibrahim,6/17/1994,24,152.4,74.8,"CDM,CM",Gabon,73,78,4500000,15000,Right,1,3,3,Lean,9400000,,,,,47,54,67,73,53,70,50,42,71,73,68,69,69,68,75,74,61,79,74,62,84,70,68,67,51,68,64,73,70
V. Coufal,Vladimír Coufal,8/22/1992,26,175.26,74.8,RB,Czech Republic,73,76,4100000,1000,Right,1,2,3,Stocky,9400000,Czech Republic,75,RB,20,79,41,40,66,41,65,50,37,58,69,76,74,71,74,74,41,71,85,71,44,76,69,60,53,36,65,72,73,72
M. Oršić,Mislav Oršić,12/29/1992,26,152.4,68.9,LM,Croatia,73,74,4800000,1000,Right,2,4,3,Lean,10800000,,,,,69,72,41,67,68,75,74,72,67,71,85,90,88,70,85,79,54,71,57,74,40,41,73,63,68,71,41,41,42
Édundo Oliveira,Éder Marvin Oliveira Simão,2/29/1992,27,182.88,78.9,CB,Brazil,73,73,3500000,21000,Right,1,2,2,Normal,6600000,,,,,51,41,71,67,54,45,41,42,66,51,55,56,54,71,57,53,78,61,82,52,76,72,35,54,43,65,69,77,72
B. Bannan,Barry Bannan,12/1/1989,29,170.18,60.8,"CM,CDM",Scotland,73,73,4000000,24000,Left,1,1,3,Normal,7500000,,,,,73,56,42,75,74,71,76,70,81,77,68,61,91,70,91,73,64,78,32,67,72,57,65,76,70,71,52,43,40
R. Koch,Robin Koch,7/17/1996,22,193.04,84.8,"CDM,CB",Germany,73,79,4700000,13000,Right,1,3,2,Lean,9400000,,,,,40,27,76,75,29,56,31,28,69,70,53,65,55,70,49,56,53,75,77,42,68,73,53,65,38,71,69,74,69
N. Pasquini,Nicolás Pasquini,1/2/1991,28,175.26,76.2,"LB,CM,LWB",Argentina,73,73,3300000,14000,Left,1,3,3,Normal,4900000,,,,,76,59,56,72,52,73,77,70,71,71,77,75,75,77,77,75,72,78,70,68,69,70,71,74,62,72,70,70,68
A. Rosina,Alessandro Rosina,1/31/1984,35,170.18,68.9,"RW,CAM",Italy,73,73,2000000,5000,Left,2,3,4,Normal,3200000,,,,,69,68,50,75,72,74,81,78,74,77,75,71,85,77,91,74,32,72,34,70,48,14,70,75,68,73,17,27,22
T. Parker,Tim Parker,2/23/1993,26,187.96,88,CB,United States,73,78,4500000,6000,Right,1,3,2,Stocky,7100000,,,,,26,35,72,67,28,42,21,26,68,64,70,77,68,67,59,33,85,80,85,21,80,69,28,35,37,58,72,70,67
Marcos Guilherme,Marcos G. Santos Matos,8/5/1995,23,170.18,58.1,"RM,CAM",Brazil,73,79,5500000,18000,Right,1,3,3,Lean,10200000,,,,,69,68,42,73,53,76,69,64,69,74,82,78,85,65,86,62,57,69,42,63,48,29,69,72,60,67,43,41,49
D. Luckassen,Derrick Luckassen,7/3/1995,23,185.42,78,"CB,CDM",Netherlands,73,77,4400000,10000,Right,1,3,2,Normal,,,,,,55,48,76,70,32,65,67,70,69,69,75,79,72,65,70,81,82,78,82,67,75,64,57,62,46,63,70,71,70
S. Hutchinson,Shaun Hutchinson,11/23/1990,28,187.96,79.8,CB,England,72,72,2600000,10000,Right,1,3,2,Normal,5000000,,,,,47,22,72,52,18,54,49,35,59,58,54,58,56,68,54,54,82,72,86,23,79,73,23,53,25,58,68,71,71
Bruno Lamas,Bruno José Pavani Lamas,4/13/1994,24,175.26,69.9,"CAM,CM",Brazil,72,77,4200000,4000,Left,1,3,3,Normal,9000000,,,,,60,61,49,78,41,74,44,48,72,78,68,71,61,66,67,63,62,73,58,54,54,58,67,69,41,61,36,64,60
A. Bălută,Alexandru Bălută,9/13/1993,25,165.1,67.1,"RM,CAM",Romania,72,75,3900000,1000,Right,1,4,4,Normal,9000000,,,,,66,66,65,63,56,73,57,31,62,75,88,86,88,69,84,60,63,70,62,65,70,43,71,64,59,66,33,40,45
De las Cuevas,Miguel Ángel De las Cuevas Barberá,6/19/1986,32,175.26,68.9,"LM,CM,RM,CAM",Spain,72,72,2400000,8000,Right,1,4,3,Normal,3700000,,,,,72,65,35,69,64,71,85,78,67,73,72,74,78,67,74,69,72,76,73,73,68,51,69,73,61,69,43,55,44
Léo Bonatini,Leonardo B. Lohner Maia,3/28/1994,24,182.88,83,ST,Brazil,72,73,3800000,41000,Right,1,4,3,Normal,,,,,,65,68,68,70,69,72,67,63,64,73,68,69,67,73,64,77,70,72,74,66,63,33,75,69,72,74,32,28,31
D. Kolář,Daniel Kolář,10/27/1985,33,154.94,79.8,"CAM,CF",Czech Republic,72,72,2400000,1000,Right,1,4,3,Normal,5300000,,,,,68,71,68,74,67,72,66,70,67,72,62,64,63,69,69,72,66,62,66,72,33,53,74,74,75,72,34,35,32
T. Aoyama,青山 敏弘,2/22/1986,33,175.26,74.8,"CM,CDM",Japan,72,72,2400000,10000,Right,1,3,3,Stocky,2900000,,,,,65,54,58,73,61,64,64,60,69,74,56,55,72,70,66,72,72,83,68,73,71,71,50,76,64,74,77,68,59
S. Montoya,Santiago Montoya,9/15/1991,27,172.72,63,"CAM,LM,CM",Colombia,72,73,3700000,4000,Left,1,3,3,Lean,5400000,,,,,67,66,46,71,61,73,63,61,67,71,76,78,79,69,76,68,68,62,38,64,56,42,68,72,65,71,48,29,27
V. Aguilera,Victor Emanuel Aguilera,6/11/1989,29,187.96,88,CB,Argentina,72,72,2400000,37000,Right,1,2,2,Normal,4100000,,,,,37,40,71,60,33,52,59,69,57,60,50,62,33,67,32,67,55,67,81,56,65,73,55,47,64,58,71,73,73
H. Yamaguchi,山口 蛍,10/6/1990,28,172.72,72.1,"CM,CDM",Japan,72,72,3200000,7000,Right,1,3,3,Lean,4100000,,,,,49,52,52,76,53,69,55,46,73,76,79,76,84,73,82,63,78,78,66,57,72,71,55,68,41,75,62,72,66
I. Mboyo,Ilombe Mboyo,4/27/1987,31,185.42,82.1,"LW,ST",Belgium,72,72,2700000,12000,Right,1,3,3,Lean,,,,,,71,70,70,70,60,77,62,66,68,75,68,69,67,67,59,71,72,67,82,68,69,38,74,71,70,75,37,39,30
Bruno Tabata,Bruno Vinícius Souza Ramos,3/30/1997,21,152.4,67.1,"RW,LW",Brazil,72,81,4800000,6000,Left,1,2,4,Normal,11100000,,,,,76,55,56,74,53,76,69,72,65,74,84,78,77,73,76,74,56,75,49,56,56,53,69,70,65,73,32,37,33
B. Barišić,Borna Barišić,11/10/1992,26,185.42,79.8,LB,Croatia,72,75,3200000,30000,Left,1,3,3,Lean,6000000,,,,,80,45,68,70,37,69,76,31,67,71,77,80,70,59,74,58,69,71,73,42,63,65,64,59,38,67,66,73,74
Wilson Manafá,Wilson Miguéis Manafá Jancó,7/23/1994,24,175.26,68.9,"LB,RB",Portugal,72,77,3500000,8000,Right,1,4,4,Lean,7200000,,,,,73,63,56,72,57,76,70,48,54,74,78,76,85,75,84,66,47,85,55,54,69,64,69,64,47,71,66,68,71
C. Nørgaard,Christian Nørgaard,3/10/1994,24,187.96,77.1,"CDM,CM",Denmark,72,79,3700000,27000,Right,1,3,3,Normal,7100000,,,,,64,55,67,74,54,63,64,64,71,72,62,55,68,69,71,63,59,78,70,57,62,66,62,67,60,70,75,70,68
G. Friend,George Friend,10/19/1987,31,187.96,83,"LB,LWB",England,72,72,2200000,33000,Left,1,3,3,Normal,4300000,,,,,66,53,68,66,33,70,66,53,60,69,66,66,69,68,55,64,70,82,76,57,61,71,65,52,49,57,73,73,72
D. Khocholava,Davit Khotcholava,2/8/1993,26,193.04,88,CB,Georgia,72,75,3300000,1000,Right,1,3,2,Normal,7100000,,,,,31,51,75,67,23,56,27,21,65,54,64,55,49,63,41,72,65,67,86,25,74,69,44,36,39,63,68,70,73
B. Srarfi,Bassem  Srarfi,6/25/1997,21,175.26,71.2,"RW,CAM",Tunisia,72,79,4400000,18000,Left,1,3,4,Lean,9300000,,,,,70,70,56,72,65,79,65,59,65,75,79,78,80,59,68,69,55,59,55,69,36,29,65,70,66,73,30,30,29
Romarinho,Romário Ricardo da Silva,12/12/1990,28,175.26,68.9,"ST,CAM",Brazil,72,72,3300000,28000,Right,1,3,4,Lean,5600000,,,,,63,70,64,70,64,78,67,71,63,74,86,85,87,70,84,67,54,74,53,62,32,28,73,65,66,66,30,22,23
Mateus,Mateus Galiano da Costa,6/19/1984,34,175.26,74.8,"LM,RM",Angola,72,72,1600000,7000,Right,1,3,3,Normal,3300000,,,,,67,73,58,68,70,77,65,74,62,68,78,78,75,71,72,73,74,55,65,70,66,46,73,68,59,71,50,31,33
W. Hoolahan,Wes Hoolahan,5/20/1982,36,167.64,71.2,"CAM,RW,LW",Republic of Ireland,72,72,1000000,18000,Left,2,2,3,Lean,2000000,,,,,72,63,43,75,62,72,73,67,71,79,59,51,69,65,88,70,33,47,53,67,39,35,64,80,77,73,42,51,36
R. Azeez,Ramon Olamilekan Azeez,12/12/1992,26,170.18,67.1,"CDM,CM,CAM",Nigeria,72,77,3500000,7000,Right,1,3,3,Normal,,,,,,56,51,53,75,41,63,53,46,68,73,73,77,74,66,83,73,93,89,59,60,70,69,49,65,58,64,67,71,67
M. Frey,Michael Frey,7/19/1994,24,187.96,88.9,ST,Switzerland,72,78,4300000,38000,Right,1,3,3,Stocky,9100000,,,,,45,76,70,63,54,64,59,35,57,72,64,66,60,63,49,76,71,80,93,64,85,26,75,62,62,73,35,20,16
J. Akpa Akpro,Jean-Daniel Akpa Akpro,10/11/1992,26,154.94,71.2,CM,Ivory Coast,72,74,3700000,4000,Right,1,3,3,Lean,6300000,,,,,76,65,65,75,68,71,66,56,67,71,77,81,77,71,71,75,70,84,60,69,81,73,69,68,56,71,67,74,69
Isaac Cuenca,Joan Isaac Cuenca López,4/27/1991,27,152.4,67.1,"RM,LM,RW,RWB",Spain,72,72,3300000,5000,Right,1,5,3,Lean,4100000,,,,,69,63,30,67,59,80,81,59,60,81,79,78,84,61,79,67,58,66,47,59,35,27,70,64,70,57,43,33,27
Fábio Pacheco,Fábio José Ferreira Pacheco,5/26/1988,30,154.94,73,"CDM,CM",Portugal,72,72,2300000,5000,Right,1,3,2,Lean,4800000,,,,,51,45,57,71,48,60,49,58,67,65,66,69,65,75,71,69,82,74,68,64,81,75,53,57,44,72,73,74,69
Lucas Piazon,Gustavo Lucas Domingues Piazon,1/20/1994,25,182.88,73,"RW,LW,LM",Brazil,72,75,3900000,12000,Right,1,4,3,Lean,7400000,,,,,71,73,53,75,74,72,75,73,68,77,67,69,72,69,69,70,39,66,55,70,44,31,71,72,73,79,27,32,47
Timo Triano,Timoteo Samuel Triano Branco,2/29/1984,35,175.26,76.2,"CDM,CM",Brazil,72,72,950000,15000,Right,1,3,2,Normal,1800000,,,,,56,45,55,76,21,68,29,61,67,59,52,51,51,72,76,54,70,66,67,45,64,73,29,75,59,69,77,77,73
A. Scholz,Alexander Scholz,10/24/1992,26,187.96,83.9,CB,Denmark,72,76,3400000,14000,Right,1,3,2,Normal,4600000,,,,,48,47,70,69,57,57,32,35,64,64,55,54,56,67,59,58,57,67,79,52,76,73,57,62,33,75,71,72,73
Y. Chibsah,Yussif Raman Chibsah,3/10/1993,25,152.4,78,"CM,CDM",Ghana,72,75,3800000,12000,Right,1,3,3,Normal,7200000,,,,,59,58,62,73,44,69,50,46,68,72,76,67,81,76,83,70,65,89,69,63,78,77,64,62,52,67,68,70,65
M. Duffy,Mark Duffy,10/7/1985,33,175.26,72.1,CAM,England,72,72,2400000,11000,Right,1,3,3,Normal,4600000,,,,,71,63,42,74,45,74,69,67,67,71,72,68,73,68,79,61,58,59,57,65,53,40,67,74,52,71,37,44,29
G. McAuley,Gareth McAuley,12/5/1979,39,190.5,88.9,CB,Northern Ireland,72,72,425000,23000,Right,2,3,2,Normal,765000,Northern Ireland,71,SUB,4,49,47,82,53,23,29,39,33,50,61,29,31,34,70,32,44,72,35,75,30,76,72,45,52,49,68,75,72,70
N. Al Abed,Nawaf Shaker Al Abid,1/26/1990,29,167.64,59,"LM,RM,CAM",Saudi Arabia,72,72,3100000,27000,Left,1,4,4,Lean,5400000,,,,,70,69,43,73,63,71,66,64,69,75,78,79,77,65,74,73,64,64,63,74,75,36,67,73,73,66,60,39,40
Alessinito,Alessandro Nuno Vaz Laranjeiras,2/29/1984,35,182.88,78,"CDM,RB,RM",Brazil,72,72,950000,14000,Right,1,3,2,Normal,1800000,,,,,51,51,73,72,39,62,61,62,71,61,75,70,54,72,55,44,77,67,81,41,81,71,44,67,63,70,73,72,73
D. Verde,Daniele Verde,6/20/1996,22,167.64,64,"LW,LM,RM,RW",Italy,72,82,5000000,35000,Left,1,3,4,Normal,,,,,,69,58,46,68,60,77,72,73,60,78,88,84,88,62,93,82,45,68,33,73,58,24,65,68,59,70,41,37,35
P. Lasogga,Pierre-Michel Lasogga,12/15/1991,27,187.96,88,ST,Germany,72,73,3700000,12000,Right,2,4,2,Stocky,6200000,,,,,35,76,81,45,77,59,65,68,34,66,45,50,44,73,39,84,73,58,88,73,85,29,77,56,79,76,33,40,29
M. Pack,Marlon Pack,3/25/1991,27,187.96,73.9,"CM,CDM",England,72,72,3200000,30000,Right,1,3,3,Normal,6100000,,,,,68,52,70,75,54,68,60,68,75,73,49,57,64,68,59,73,70,85,77,66,72,70,59,72,64,73,66,67,63
Z. Ferhat,Zinedine Ferhat,3/1/1993,26,182.88,77.1,RM,Algeria,72,75,3900000,7000,Right,1,4,4,Normal,7100000,,,,,75,58,33,74,36,73,63,48,69,72,83,81,75,62,68,55,50,67,71,42,37,19,64,72,55,64,28,30,27
C. Marshall,Chad Marshall,8/22/1984,34,193.04,86.2,CB,United States,72,72,1300000,6000,Right,2,5,2,Stocky,1900000,,,,,27,40,76,68,47,54,55,56,60,58,33,45,35,72,40,63,75,69,90,52,68,70,28,53,60,66,71,69,64
J. Bahebeck,Jean-Christophe Bahebeck,5/1/1993,25,182.88,76.2,ST,France,72,75,4000000,14000,Right,1,3,3,Normal,6200000,,,,,74,71,65,74,69,75,73,74,55,72,75,73,72,71,64,76,66,65,64,71,67,34,65,68,65,62,50,21,23
R. Espinoza,Róger Espinoza Ramírez,10/25/1986,32,154.94,77.1,"CM,CDM",Honduras,72,72,2700000,7000,Left,1,4,3,Normal,4000000,,,,,64,62,70,70,59,71,69,58,72,69,65,63,72,73,75,81,79,86,77,67,87,70,69,70,60,72,72,71,70
N. González,Nicolás Iván González,4/6/1998,20,154.94,67.1,"ST,LW,RW",Argentina,72,83,5500000,19000,Left,1,3,4,Lean,10500000,,,,,66,73,64,65,48,77,56,42,54,76,79,79,78,70,76,70,69,73,59,54,54,35,74,67,58,73,25,39,35
Nuno Santos,Nuno Miguel Gomes dos Santos,2/13/1995,24,152.4,73,"LM,LW",Portugal,72,77,4200000,7000,Left,1,3,4,Normal,9000000,,,,,73,57,57,67,68,76,77,72,62,74,82,75,77,71,72,77,56,64,63,70,67,41,67,65,71,64,34,22,26
K. Kusk,Kasper Kusk Vangsgaard,11/10/1991,27,154.94,67.1,RM,Denmark,72,72,3300000,11000,Left,1,3,3,Lean,4200000,,,,,64,69,49,70,61,71,71,69,68,72,75,78,81,66,70,66,72,74,57,70,61,40,73,69,61,74,43,31,28
E. Lamanna,Eugenio Lamanna,8/7/1989,29,187.96,79.8,GK,Italy,72,74,2600000,3000,Right,1,2,1,Normal,4200000,,,,,19,19,17,35,19,18,12,17,37,24,29,33,39,69,38,23,61,26,52,16,30,14,11,31,24,65,8,14,13
G. Sunu,Gilles Sunu,3/30/1991,27,154.94,83,"ST,RW,LW",France,72,72,3300000,12000,Left,1,3,3,Stocky,6500000,,,,,72,72,62,70,62,74,62,53,64,73,67,74,76,65,68,77,53,64,73,68,60,36,71,68,74,64,25,27,22
E. Berggreen,Emil Berggreen,5/10/1993,25,193.04,88.9,ST,Denmark,72,75,4000000,20000,Right,1,4,2,Normal,7000000,,,,,32,75,77,61,61,67,64,68,45,73,48,51,50,71,51,73,68,49,90,58,60,26,72,61,62,68,25,26,22
G. Núñez,Jonathan Guillermo Nuñez Espinoza,1/29/1988,31,154.94,81.2,"LM,CAM",Argentina,72,72,2900000,9000,Left,1,3,3,Normal,4400000,,,,,68,66,37,71,57,73,70,69,69,69,75,79,76,69,54,74,72,73,80,70,42,48,67,70,71,67,40,38,34
L. Aued,Luciano Aued,3/1/1987,32,182.88,81.2,"CM,CDM",Argentina,72,72,2700000,8000,Left,1,3,3,Normal,3700000,,,,,69,52,57,74,59,72,65,66,74,73,54,54,61,73,56,65,57,77,80,63,60,68,69,71,67,57,59,62,60
Hao Junmin,蒿俊闵,3/24/1987,31,152.4,78,"CM,CDM,CAM",China PR,72,72,2700000,14000,Right,1,4,3,Normal,5700000,,,,,65,62,35,74,51,70,80,76,68,72,74,69,75,69,75,65,63,82,60,66,86,67,69,75,58,64,60,64,61
V. Găman,Marius Valerică Găman,2/25/1989,30,190.5,82.1,CB,Romania,72,72,2400000,22000,Right,1,3,2,Lean,4100000,,,,,44,47,74,68,43,51,41,48,63,63,60,57,61,68,63,64,73,68,71,43,70,71,59,54,69,66,72,73,71
Pulido,Jorge Pulido Mayoral,4/8/1991,27,185.42,72.1,"CB,LB",Spain,72,73,2900000,15000,Right,1,3,2,Normal,6700000,,,,,50,27,76,67,23,39,52,38,43,65,43,48,53,63,41,58,70,76,79,38,78,70,37,37,47,58,73,72,68
A. Mobara,Abbubaker Mobara,2/18/1994,25,175.26,68.9,"RB,CB,CDM",South Africa,72,77,3500000,1000,Right,1,4,3,Lean,7700000,,,,,65,50,72,72,49,68,48,59,66,69,80,76,68,66,66,57,75,71,51,56,55,68,64,60,43,62,76,73,73
J. Ledley,Joe Ledley,1/23/1987,32,182.88,73,CDM,Wales,72,72,,,Left,2,2,2,Normal,,,,,,67,62,72,73,53,59,69,53,68,74,60,53,51,72,72,70,88,75,77,67,70,72,67,61,70,78,73,70,65
A. Çalık,Ahmet Çalık,2/26/1994,25,182.88,77.1,CB,Turkey,72,77,3500000,28000,Right,1,4,2,Normal,7000000,,,,,40,42,75,62,41,58,44,39,64,62,65,68,52,70,74,55,81,76,72,21,68,74,40,48,44,75,69,73,72
A. Cerri,Alberto Cerri,4/16/1996,22,193.04,91.2,ST,Italy,72,80,4600000,21000,Right,1,3,3,Normal,8800000,,,,,40,75,75,65,68,68,64,34,45,73,54,69,60,60,66,75,73,68,94,68,42,13,70,57,64,68,51,34,30
Kim Jin Su,킴진수 金珍洙,6/13/1992,26,152.4,67.1,"LB,LM",Korea Republic,72,73,3000000,8000,Left,1,3,3,Normal,4100000,,,,,71,26,59,71,23,68,66,68,62,69,79,77,78,66,76,46,71,65,64,47,64,74,69,57,55,63,66,73,71
C. Gytkjær,Christian Gytkjær,5/6/1990,28,185.42,77.1,ST,Denmark,72,72,3200000,9000,Right,1,4,3,Normal,4300000,,,,,56,75,71,58,64,67,61,56,48,70,72,70,73,70,67,73,78,63,79,66,67,32,73,61,79,71,42,16,19
Kangin Lee,이강인 Kangin Lee,2/19/2001,18,172.72,60.8,"CAM,LM,RM",Korea Republic,72,88,6000000,11000,Left,1,3,4,Lean,16400000,,,,,66,65,45,65,60,78,75,81,72,78,69,67,87,65,87,67,46,58,49,70,30,29,59,74,70,68,26,23,23
Edigar Junio,Edigar Junio Teixeira Lima,5/6/1991,27,175.26,72.1,"RW,LW,ST",Brazil,72,72,3300000,11000,Right,1,4,3,Normal,,,,,,65,72,63,69,64,74,60,60,57,72,85,88,86,69,72,69,66,66,49,65,73,14,68,61,70,64,11,21,22
J. Bostock,John Bostock,1/15/1992,27,187.96,83.9,"CM,CDM",England,72,73,3600000,20000,Left,1,3,3,Normal,7400000,,,,,69,71,61,74,68,71,68,75,76,72,66,65,71,67,68,75,75,76,78,71,72,64,66,67,74,68,55,69,67
S. Pellissier,Sergio Pellissier,4/12/1979,39,175.26,76.2,ST,Italy,72,72,900000,10000,Right,2,4,3,Normal,1600000,,,,,64,78,60,68,75,68,74,60,44,79,34,45,55,75,77,82,66,43,53,78,43,24,82,69,76,80,34,27,23
M. Antonsson,Marcus Antonsson,5/8/1991,27,182.88,79.8,ST,Sweden,72,73,3600000,7000,Right,1,4,3,Normal,5000000,,,,,52,76,64,63,67,66,51,31,54,63,76,82,71,73,60,68,68,83,68,62,69,29,77,64,59,70,51,39,35
M. Kean,Moise Kean,2/28/2000,19,182.88,78.9,ST,Italy,72,87,6500000,32000,Right,1,3,3,Lean,14800000,,,,,42,75,65,59,64,73,62,43,38,74,75,79,75,68,69,71,68,69,73,58,45,21,72,51,65,68,27,28,16
J. Collins,James  Collins,8/23/1983,35,187.96,83,CB,Wales,72,72,950000,8000,Right,2,3,2,Normal,1800000,,,,,38,38,77,57,36,38,29,60,64,51,30,32,27,64,32,70,60,44,85,51,82,72,34,54,51,63,71,72,73
N. Mushekwi,Nyasha Liberty Mushekwi,8/21/1987,31,187.96,81.2,ST,Zimbabwe,72,72,3000000,11000,Left,1,3,2,Stocky,6500000,,,,,43,76,85,60,62,56,48,35,46,63,70,76,68,67,56,73,83,71,83,56,72,36,75,60,61,65,17,29,19
L. Jiménez,Leiton Jiménez,4/26/1989,29,154.94,81.2,CB,Colombia,72,72,2400000,7000,Right,1,3,2,Normal,4000000,,,,,40,47,72,60,40,55,40,42,53,55,68,68,64,71,53,65,72,75,79,47,77,74,43,44,60,60,72,70,64
D. N'Dinga,Delvin N’Dinga,3/14/1988,30,154.94,69.9,CDM,Congo,72,72,2300000,10000,Right,1,3,2,Normal,4600000,,,,,47,50,68,74,45,59,49,47,70,64,70,64,70,68,69,66,87,87,74,52,75,71,44,66,50,60,67,69,70
F. Kroos,Felix Kroos,3/12/1991,27,182.88,78,"CDM,CM",Germany,72,75,3100000,20000,Right,1,3,3,Normal,5300000,,,,,50,59,61,74,58,69,69,73,69,73,66,64,68,71,68,71,71,73,71,68,77,73,62,68,60,70,62,70,66
M. Mahi,Mimoun Mahi,3/13/1994,24,154.94,68.9,"ST,LM",Morocco,72,76,4100000,7000,Right,1,4,4,Normal,6500000,,,,,67,70,56,66,73,78,71,68,60,77,77,79,79,70,70,79,67,69,66,73,56,40,65,66,74,72,29,30,34
J. van Overeem,Joris van Overeem,6/1/1994,24,154.94,71.2,CM,Netherlands,72,75,3900000,12000,Right,1,3,3,Normal,6100000,,,,,67,64,47,74,58,74,74,60,69,76,74,68,83,68,76,66,36,75,55,64,42,58,65,75,52,70,52,57,50
A. Esswein,Alexander Esswein,3/25/1990,28,182.88,84.8,"RM,LM,ST",Germany,72,72,3100000,20000,Right,2,3,3,Normal,,,,,,70,68,67,68,68,75,68,54,61,73,83,83,66,74,63,86,78,67,77,70,76,48,65,59,60,64,69,68,59
J. Moreira,Jorge Moreira,2/1/1990,29,175.26,77.1,RB,Paraguay,72,72,2500000,15000,Right,1,3,3,Stocky,,Paraguay,73,RB,2,76,26,65,73,28,67,59,32,71,74,83,88,76,64,76,55,66,81,55,59,65,59,62,51,39,68,71,71,66
Jorge Carvallinho,Jorge Pietro Carvalho Porfírio,2/29/1984,35,187.96,79.8,"CB,LB",Brazil,72,72,950000,15000,Left,1,3,2,Normal,1800000,,,,,54,53,68,67,45,47,47,54,60,65,61,60,45,70,38,64,62,72,84,48,73,69,44,48,61,72,73,73,68
J. Pereira,Jair Pereira Rodríguez,7/7/1986,32,182.88,81.2,CB,Mexico,72,72,2100000,24000,Right,1,3,2,Normal,3600000,,,,,50,31,79,60,19,54,30,33,54,53,46,46,40,60,53,50,73,70,82,43,70,74,35,50,50,64,71,73,72
N. Galović,Nino Galović,7/6/1992,26,185.42,79.8,CB,Croatia,72,75,3300000,4000,Right,1,2,2,Normal,4300000,,,,,64,40,68,65,41,57,31,36,70,62,62,68,47,69,53,61,66,66,81,45,69,71,43,41,44,67,67,75,70
S. Mosquera,Hárold Santiago  Mosquera Caicedo,2/7/1995,24,167.64,83.9,"LM,RM",Colombia,72,78,4300000,6000,Right,1,3,3,Normal,7200000,,,,,68,65,55,71,57,75,58,46,61,72,83,81,82,65,72,66,66,75,63,67,59,16,66,67,59,52,32,18,23
J. Nieto,Juan Pablo Nieto Salazar,2/25/1993,26,152.4,73.9,"CM,CAM",Colombia,72,74,3700000,4000,Right,1,3,3,Normal,,,,,,69,65,38,80,51,69,70,62,77,74,74,71,88,60,72,67,69,84,75,66,44,42,72,75,68,84,60,50,26
C. Yacob,Claudio Ariel Yacob,7/18/1987,31,154.94,73,"CDM,CM",Argentina,72,72,2300000,31000,Right,2,3,2,Lean,4400000,,,,,34,55,73,73,23,59,52,55,70,70,49,38,56,70,68,63,71,66,69,64,88,68,42,57,66,79,73,75,71
L. Ajorque,Ludovic Ajorque,2/25/1994,25,198.12,82.1,ST,France,72,77,4200000,13000,Left,1,2,3,Lean,8800000,,,,,31,75,78,58,48,69,50,30,38,73,55,56,58,67,30,73,67,73,85,63,56,28,75,56,71,69,17,20,17
H. Barcos,Hernán Barcos,4/11/1984,34,187.96,84.8,ST,Argentina,72,72,1600000,5000,Right,2,5,3,Normal,2300000,,,,,57,70,76,70,71,72,68,69,68,70,63,61,58,72,70,76,71,53,70,70,74,52,75,71,75,76,41,40,38
S. Nakamura,中村 俊輔,6/24/1978,40,152.4,71.2,"CAM,CF,RW,RM",Japan,72,72,,4000,Left,3,3,3,Lean,,,,,,80,63,28,78,78,70,87,88,77,76,32,30,75,76,69,79,64,45,65,77,30,33,68,74,83,77,40,38,34
M. Doumbia,Moussa Doumbia,8/15/1994,24,172.72,68,"LM,CF,CAM",Mali,72,78,4300000,12000,Right,1,2,3,Lean,9400000,,,,,65,67,42,69,62,76,64,61,64,69,84,83,83,68,84,73,61,71,62,68,43,25,67,63,58,64,39,37,44
G. Tutino,Gennaro Tutino,8/20/1996,22,152.4,76.2,"ST,RW,CF",Italy,72,83,5500000,31000,Right,1,3,3,Normal,,,,,,69,72,65,68,68,75,69,68,64,72,77,77,73,69,71,74,70,65,58,72,52,25,69,70,74,57,34,29,34
A. Allione,Agustín Allione,10/28/1994,24,170.18,68.9,"CAM,RM",Argentina,72,78,4300000,11000,Right,1,3,3,Normal,7200000,,,,,70,64,60,72,50,75,71,69,69,75,84,78,77,69,76,69,70,77,55,52,53,42,67,69,66,57,31,23,36
G. Lanaro,Germán Lanaro,3/21/1986,32,185.42,83.9,CB,Argentina,72,72,1800000,8000,Right,1,2,2,Stocky,2500000,,,,,29,15,72,69,24,40,25,24,69,56,41,55,57,63,37,61,82,77,90,55,78,59,22,35,40,62,69,74,71
W. Zimmerman,Walker Zimmerman,5/19/1993,25,190.5,88.9,CB,United States,72,76,3400000,6000,Right,1,3,2,Normal,5300000,United States,74,SUB,5,39,52,78,67,49,42,33,38,66,63,56,65,47,67,43,57,78,76,83,40,82,70,48,37,56,64,70,68,63
L. Rizzo,Luca Rizzo,4/24/1992,26,185.42,79.8,"RM,CM",Italy,72,72,3300000,22000,Right,1,4,3,Lean,,,,,,69,54,62,73,56,73,68,49,69,74,73,77,72,70,58,72,58,77,75,68,64,64,68,69,63,70,62,68,68
R. Gutiérrez,Roberto Carlos Gutiérrez Gamboa,4/18/1983,35,152.4,76.2,ST,Chile,72,72,1400000,3000,Right,1,3,3,Stocky,1900000,,,,,37,77,75,60,59,65,45,67,50,73,65,64,65,65,59,68,81,66,73,64,77,35,78,58,78,56,29,19,16
M. Gavranović,Mario Gavranović,11/24/1989,29,175.26,76.2,"ST,CAM,CF",Switzerland,72,72,3200000,1000,Right,1,4,3,Normal,7100000,Switzerland,77,SUB,18,50,69,63,70,64,73,41,55,58,75,79,78,81,71,74,69,83,65,68,60,55,45,81,65,68,62,26,39,24
O. Hurmacı,Özer Hurmacı,11/20/1986,32,175.26,69.9,"LM,CAM",Turkey,72,72,2700000,11000,Right,1,4,3,Lean,5500000,,,,,71,61,71,71,71,78,82,70,69,75,69,71,80,67,76,83,81,74,65,73,69,38,64,70,61,62,22,44,20
A. Tello,Andres Tello,9/6/1996,22,154.94,79.8,"CM,RB",Colombia,72,82,5000000,3000,Right,1,3,3,Normal,9000000,,,,,69,55,61,75,70,75,66,52,69,75,87,85,76,71,65,59,72,87,82,61,71,67,68,62,51,65,56,64,58
S. Gustafson,Simon Gustafson,1/20/1995,24,185.42,78,"CAM,CM",Sweden,72,76,4100000,12000,Left,1,4,3,Normal,6400000,,,,,65,70,37,72,70,71,74,68,70,75,67,66,68,70,61,72,42,67,71,74,74,36,70,72,71,74,56,44,42
F. Ceravolo,Fabio Giovanni Ceravolo,3/5/1987,32,154.94,73,ST,Italy,72,72,2800000,30000,Right,1,3,3,Normal,5000000,,,,,60,75,65,65,68,74,66,60,50,75,75,78,79,64,71,70,87,65,75,64,53,25,70,59,70,73,47,18,16
F. Coloccini,Fabricio Coloccini,1/22/1982,37,182.88,83,CB,Argentina,72,72,425000,10000,Right,2,4,2,Normal,638000,,,,,53,45,78,64,58,58,58,56,66,65,53,44,55,67,59,63,75,54,78,71,78,69,40,48,58,72,72,72,65
G. Curci,Gianluca Curci,7/12/1985,33,190.5,89.8,GK,Italy,72,72,1800000,4000,Right,2,2,1,Stocky,2200000,,,,,11,13,10,26,17,9,10,13,34,13,21,25,29,71,42,22,56,26,74,13,38,19,8,26,24,51,20,9,13
Daniel Guimarães,Daniel Martins Guimarães,4/18/1987,31,187.96,73,GK,Brazil,72,72,1900000,7000,Right,1,2,1,Lean,4000000,,,,,11,9,15,31,8,14,16,19,20,21,39,40,56,74,39,24,59,28,59,11,22,20,16,30,26,33,13,15,14
E. Hallfreðsson,Emil Hallfreðsson,6/29/1984,34,185.42,86.2,"CM,CDM",Iceland,72,72,,,Left,2,3,3,Normal,,,,,,68,50,60,77,62,74,74,72,74,75,62,54,61,62,69,80,60,54,77,70,76,72,62,72,69,76,71,72,68
M. Albornoz,Miiko Martín Albornoz Inola,11/30/1990,28,154.94,79.8,"LB,LM",Chile,72,72,2600000,21000,Left,1,3,3,Normal,4400000,,,,,77,36,59,74,60,76,80,69,70,74,74,67,73,70,76,69,66,75,67,67,78,63,58,64,66,71,70,68,73
J. Mercier,Juan Ignacio Mercier,2/2/1980,39,185.42,78,"CDM,CM",Argentina,72,72,425000,6000,Right,1,3,3,Normal,638000,,,,,64,52,64,75,63,66,71,66,70,75,65,50,65,75,63,72,77,37,80,66,75,73,64,75,60,70,76,73,65
M. Donald,Mitchell Glenn Donald,12/10/1988,30,182.88,74.8,"CDM,CM",Netherlands,72,72,2400000,11000,Right,1,3,3,Stocky,4800000,,,,,52,63,65,77,69,67,55,50,69,70,62,76,57,72,63,77,72,74,85,67,75,68,68,68,54,66,69,68,64
M. Cuisance,Mickaël Cuisance,8/16/1999,19,154.94,73,CM,France,72,85,5500000,9000,Left,1,3,4,Normal,12800000,,,,,79,59,49,78,63,75,85,75,73,74,79,66,84,66,74,78,59,64,47,78,57,48,61,76,61,62,49,59,55
A. Warda,Amr Warda,9/17/1993,25,152.4,77.1,"RM,LM,CAM",Egypt,72,75,,,Right,1,4,3,Normal,,,,,,75,60,33,71,63,77,70,74,70,72,80,78,65,64,77,63,39,61,42,60,33,18,68,66,63,66,46,30,21
A. Traoré,Adama Traoré,6/28/1995,23,154.94,72.1,"CM,CAM",Mali,72,77,4100000,35000,Left,1,3,3,Lean,,,,,,54,52,55,75,43,75,59,41,70,75,67,69,64,72,66,57,63,61,66,57,68,69,67,74,53,69,59,68,63
O. McBurnie,Oliver McBurnie,6/4/1996,22,190.5,77.1,"ST,LW",Scotland,72,80,4600000,20000,Right,1,2,3,Lean,9700000,Scotland,75,SUB,19,40,73,73,65,58,70,42,31,37,68,64,72,61,68,65,74,69,74,80,57,60,28,72,65,63,63,32,29,20
Dankler,Dankler Luís de Jesus Pedreira,1/24/1992,27,185.42,81.2,CB,Brazil,72,74,3100000,6000,Right,1,3,2,Stocky,4300000,,,,,43,38,70,64,38,48,34,30,59,57,59,62,28,62,53,56,73,67,86,29,75,74,31,39,41,64,71,70,63
M. Goicoechea,Mauro Daniel Goicoechea Furia,3/27/1988,30,185.42,82.1,GK,Uruguay,72,72,2000000,15000,Right,1,2,1,Normal,4000000,,,,,18,16,19,26,16,14,18,23,23,18,47,52,33,70,46,25,66,37,66,20,39,22,13,27,22,62,13,23,24
L. Andersen,Lucas  Andersen,9/13/1994,24,185.42,73,"CF,ST,CAM,LM",Denmark,72,78,4300000,11000,Right,1,3,4,Lean,,,,,,63,66,50,69,60,77,71,62,66,78,79,84,87,66,70,71,57,73,64,67,24,48,69,75,48,68,28,26,21
C. Obasi,Chinedu Obasi Ogbuke,6/1/1986,32,187.96,78.9,ST,Nigeria,72,72,2500000,8000,Right,2,3,3,Lean,3100000,,,,,67,73,68,70,69,75,69,68,59,74,68,71,76,71,57,69,68,62,72,68,65,48,70,60,66,62,35,40,33
T. Howard,Tim Howard,3/6/1979,40,190.5,88,GK,United States,72,72,210000,3000,Right,3,3,1,Normal,315000,,,,,16,13,12,33,12,13,14,14,32,29,49,39,38,68,50,26,69,26,74,15,34,17,13,57,33,54,18,12,14
H. Goitom,Henok Goitom,9/22/1984,34,187.96,84.8,ST,Eritrea,72,72,2000000,8000,Right,1,2,3,Normal,2400000,,,,,55,69,70,68,74,68,63,58,61,74,56,57,52,70,45,71,48,62,89,60,63,49,78,73,65,76,54,34,20
S. Khaoui,Saîf-Eddine Khaoui,4/27/1995,23,182.88,68,"CAM,RM,CM",Tunisia,72,76,4100000,25000,Left,1,3,3,Lean,,,,,,72,60,34,74,59,74,78,74,71,75,72,72,76,61,69,74,60,66,49,69,42,28,66,71,49,64,51,32,38
R. van La Parra,Rajiv van La Parra,6/4/1991,27,154.94,72.1,"LM,LW",Netherlands,72,72,3300000,31000,Right,1,3,4,Normal,,,,,,64,58,38,68,51,82,67,57,60,78,79,84,75,65,75,67,55,61,66,54,58,34,68,62,63,66,36,48,36
Adrián Marín,Adrián Marín Gómez,1/9/1997,22,185.42,78,"LB,LWB",Spain,72,81,4100000,11000,Left,1,2,3,Lean,9500000,,,,,72,40,59,73,48,69,62,35,56,73,68,72,69,69,63,60,71,62,72,42,69,74,51,53,38,63,71,72,76
L. Menossi,Lucas Menossi,7/11/1993,25,170.18,69.9,"CM,CDM",Argentina,72,77,4100000,10000,Right,1,3,3,Normal,6400000,,,,,63,49,47,68,71,68,68,68,70,72,83,74,91,74,92,76,82,86,36,78,63,74,68,68,57,67,70,66,62
Josué Sá,Josué Humberto Gonçalves Leal Sá,6/17/1992,26,187.96,78,"CB,CDM",Portugal,72,76,3300000,13000,Right,1,3,3,Lean,,,,,,32,34,72,64,33,63,42,31,64,68,51,52,61,70,57,48,54,70,76,27,72,73,38,34,40,71,74,73,71
A. Chatzigiovanis,Anastasios Chatzigiovanis,5/31/1997,21,175.26,62.1,"LM,RM",Greece,72,79,4400000,1000,Right,1,4,3,Lean,10600000,,,,,70,63,55,67,59,76,63,65,65,71,82,78,76,68,75,64,59,65,57,60,64,25,67,67,55,70,30,12,18
Cristian Lodeira,Cristian Enzo Lodeira Araujo,2/29/1992,27,172.72,66.2,ST,Brazil,72,72,3400000,11000,Right,1,4,3,Lean,6500000,,,,,66,70,65,62,68,75,40,65,44,72,82,81,88,77,87,72,66,63,45,65,40,37,74,54,65,70,17,26,26
A. Pantic,Aleksandar Pantić,4/11/1992,26,185.42,77.1,CB,Serbia,72,75,3200000,7000,Right,1,4,2,Lean,5400000,,,,,61,36,71,67,31,55,53,54,59,63,70,67,56,61,61,55,71,64,72,38,77,79,49,40,47,58,68,71,73
J. Rojas,Jorge Luis Rojas Meza,1/7/1993,26,167.64,69.9,"RM,LM",Paraguay,72,73,3700000,8000,Right,1,3,3,Normal,6600000,,,,,67,63,58,66,52,74,73,46,60,72,91,90,83,75,85,78,51,63,60,66,60,29,68,65,57,63,29,34,32
F. Klos,Fabian Klos,12/2/1987,31,193.04,93,ST,Germany,72,72,3000000,13000,Right,1,4,2,Normal,4800000,,,,,40,74,78,54,70,63,41,45,32,66,61,66,46,69,43,74,61,71,90,66,79,24,74,66,71,75,39,32,24
C. Ramírez,Cristian Leonel Ramírez Zambrano,8/12/1994,24,175.26,78,LB,Ecuador,72,77,,,Left,1,3,3,Normal,,,,,,73,32,52,70,41,72,48,41,58,71,83,79,84,68,85,53,83,85,60,39,68,64,52,48,47,72,66,67,70
J. Boye,John Boye,4/23/1987,31,182.88,73,CB,Ghana,72,72,2100000,6000,Right,1,3,2,Normal,3800000,,,,,55,36,75,62,11,54,36,16,60,58,73,70,75,68,61,43,81,71,75,23,81,68,38,51,28,55,69,72,65
M. Malyshev,Maksym Malyshev,12/24/1992,26,154.94,76.2,CDM,Ukraine,72,77,3500000,1000,Right,1,3,3,Normal,7600000,,,,,63,58,56,75,55,64,59,54,70,70,70,73,74,74,68,78,69,80,73,74,70,71,63,57,44,64,69,68,63
Douglas,Douglas Pereira dos Santos,8/6/1990,28,170.18,59.9,RB,Brazil,72,72,2600000,71000,Right,1,2,3,Normal,,,,,,75,59,49,75,56,79,76,56,69,70,78,83,82,71,86,78,75,66,54,67,69,64,66,60,59,65,75,73,69
K. Boyd,Kris Boyd,8/18/1983,35,185.42,83,ST,Scotland,72,72,1600000,7000,Right,1,4,2,Stocky,2900000,,,,,55,75,74,64,67,55,60,67,57,70,40,46,64,73,61,80,66,54,88,67,68,14,79,53,75,76,45,19,18
D. Rodríguez,Diego Rodríguez,6/25/1989,29,182.88,79.8,GK,Argentina,72,74,2500000,10000,Left,1,2,1,Normal,,,,,,13,20,14,32,14,14,16,12,23,20,42,51,45,68,58,60,67,32,60,15,18,22,13,43,73,33,15,13,14
M. Møller Dæhli,Mats  Møller Dæhli,3/2/1995,24,152.4,71.2,"LM,CAM,RM",Norway,72,77,4200000,12000,Right,1,3,3,Lean,7000000,Norway,75,SUB,20,66,53,20,70,54,80,62,61,64,80,83,73,87,65,83,48,57,64,46,52,26,21,63,69,56,66,28,20,24
S. Polter,Sebastian Polter,4/1/1991,27,190.5,93,ST,Germany,72,73,3600000,24000,Right,1,3,2,Normal,6100000,,,,,51,74,74,55,68,61,45,42,47,64,66,75,58,70,59,77,72,73,90,61,80,30,73,50,55,69,15,30,13
R. van Rhijn,Ricardo van Rhijn,6/13/1991,27,152.4,72.1,"RB,CB",Netherlands,72,73,2900000,10000,Right,2,2,3,Lean,4500000,,,,,73,45,69,69,70,65,80,77,70,70,78,82,74,68,66,79,69,74,67,67,70,66,61,53,55,65,72,69,70
N. Maraš,Nikola Maraš,12/19/1995,23,187.96,78.9,CB,Serbia,72,80,3900000,6000,Right,1,2,2,Normal,9100000,,,,,31,38,71,62,28,51,24,28,47,60,66,68,65,68,56,48,75,72,73,29,71,69,28,46,32,68,74,70,77
L. Castellanos,Andrés Leandro Castellanos Serrano,3/9/1984,34,182.88,78,GK,Colombia,72,72,1300000,3000,Right,1,3,1,Normal,1800000,,,,,13,18,15,24,17,15,14,18,22,23,42,44,44,69,51,22,64,23,62,16,24,24,19,51,24,35,22,20,16
A. Biyogo Poko,André Biyogo Poko,1/1/1993,26,172.72,72.1,"CM,CDM,CAM,RM",Gabon,72,73,3600000,17000,Right,1,3,3,Normal,7500000,,,,,58,56,60,70,44,76,41,50,68,74,75,73,72,75,78,69,65,90,69,49,91,73,69,70,53,58,68,74,65
J. Otero,Juan Ferney Otero Tovar,5/26/1995,23,182.88,69.9,"RM,ST",Colombia,72,79,4400000,12000,Right,1,3,3,Normal,9600000,,,,,60,76,65,63,64,70,51,79,69,70,89,90,81,62,69,75,79,76,78,74,36,35,71,69,61,73,21,30,25
N. Boilesen,Nicolai Møller Boilesen,2/16/1992,27,185.42,74.8,LB,Denmark,72,73,3000000,14000,Left,2,3,3,Normal,4100000,,,,,70,45,66,69,54,68,62,40,65,70,73,73,71,69,68,66,75,77,66,49,66,69,66,61,45,67,71,71,69
D. Lainez,Diego Lainez Leyva,6/9/2000,18,167.64,58.1,"RM,LM,CAM",Mexico,72,85,5500000,8000,Left,1,3,3,Normal,15000000,,,,,60,61,48,69,60,81,62,50,60,73,88,84,90,64,93,55,59,65,51,63,57,29,69,64,66,72,50,54,51
Y. Al Shahrani,Yasser Al Shahrani,5/25/1992,26,170.18,60.8,"LB,RB",Saudi Arabia,72,74,3100000,24000,Right,1,5,3,Lean,5400000,,,,,70,48,54,71,55,67,68,65,66,70,87,85,80,68,73,68,52,78,58,66,64,71,68,61,62,63,68,67,70
I. Diomandé,Ismaël Tiémoko Diomandé,8/28/1992,26,182.88,82.1,"CDM,CB",Ivory Coast,72,76,3400000,14000,Right,1,3,3,Normal,7000000,,,,,59,47,67,74,43,67,56,40,66,69,63,65,66,70,65,73,68,74,75,66,77,73,32,58,42,69,67,74,70
D. Dibusz,Dénes Dibusz,11/16/1990,28,187.96,81.2,GK,Hungary,72,73,,,Right,1,3,1,Normal,,,,,,14,15,18,23,16,16,14,19,22,20,27,20,21,68,21,19,34,19,36,17,20,19,13,18,19,65,12,15,18
D. Kądzior,Damian Kądzior,6/16/1992,26,175.26,73.9,RM,Poland,72,73,3700000,1000,Left,1,2,3,Lean,8300000,Poland,77,SUB,17,81,65,51,68,41,72,80,75,71,72,82,78,83,62,82,67,79,72,57,62,52,46,63,70,50,63,35,41,42
J. Bottinelli,Jonathan Pablo Bottinelli,9/14/1984,34,154.94,78.9,CB,Argentina,72,72,1300000,10000,Left,1,3,2,Stocky,1900000,,,,,50,35,75,62,40,45,43,38,53,53,33,39,31,68,65,52,83,47,76,27,81,73,17,41,41,69,74,72,62
G. Barry,Gareth Barry,2/23/1981,38,182.88,78,"CDM,CM",England,72,72,425000,16000,Left,2,3,3,Normal,808000,,,,,75,56,69,76,63,68,76,71,71,76,30,33,43,71,60,74,70,47,74,69,74,68,58,68,72,81,80,73,65
R. Kruse,Robbie Kruse,10/5/1988,30,152.4,69.9,"RM,LM",Australia,72,72,3000000,14000,Right,1,2,3,Lean,4900000,Australia,73,SUB,10,68,73,52,69,66,70,69,54,58,72,85,80,75,69,72,66,70,61,54,70,62,40,76,68,65,68,36,39,38
C. Bernardi,Cristian Oscar Bernardi,3/10/1990,28,152.4,73,"RM,LM,CM,CDM",Argentina,72,72,3100000,11000,Right,1,3,3,Normal,4700000,,,,,68,65,50,72,47,75,61,70,66,73,79,83,82,63,73,69,58,71,64,52,48,39,68,70,66,64,40,49,51
E. Ávila,Ezequiel Ávila,2/6/1994,25,172.72,81.2,"ST,RM,LM,CAM",Argentina,72,77,4200000,14000,Left,1,4,3,Stocky,,,,,,56,74,65,68,65,72,46,51,60,71,77,79,76,65,85,77,60,63,75,75,78,34,67,64,52,62,42,40,31
N. Radonjić,Nemanja Radonjić,2/15/1996,23,185.42,76.2,LW,Serbia,72,79,4400000,28000,Right,1,4,3,Lean,9200000,,,,,74,62,38,73,74,72,58,54,66,70,86,76,82,74,64,69,45,62,52,74,36,22,66,73,57,76,31,26,23
Jeff Meirson,Jeff Nazario Meire Costinho,2/29/1992,27,152.4,77.1,LB,Brazil,72,72,2600000,11000,Left,1,3,2,Normal,5000000,,,,,67,41,67,72,52,56,61,71,71,61,71,72,66,66,66,63,53,78,70,52,82,77,51,66,72,62,69,73,72
J. Güemez,Javier Güemez López,10/17/1991,27,172.72,73.9,"CDM,CM",Mexico,72,73,3000000,8000,Right,1,3,3,Stocky,5400000,Querétaro,70,CM,6,66,61,62,68,62,64,73,58,66,71,69,66,67,63,64,70,83,77,86,70,86,71,64,67,51,73,66,72,71
J. Jones,Jordan Jones,10/24/1994,24,175.26,60.8,"LM,LW,CAM",Northern Ireland,72,78,4300000,5000,Right,1,3,3,Lean,8300000,Northern Ireland,71,SUB,15,71,62,39,68,49,77,64,64,59,74,90,90,79,58,90,60,48,69,37,46,43,34,60,62,56,67,40,42,45
D. Guzman,David Guzman,2/18/1990,29,152.4,78.9,"CDM,CM",Costa Rica,72,72,2500000,6000,Right,1,3,3,Normal,3800000,,,,,70,53,61,72,51,67,70,53,76,68,64,62,68,70,65,71,68,78,68,64,83,68,65,70,61,69,70,68,62
A. Zaldívar,Ángel Zaldívar Caviedes,2/8/1994,25,152.4,76.2,"ST,LM",Mexico,72,76,4100000,25000,Left,1,3,3,Lean,,,,,,60,71,73,64,62,68,65,45,60,72,79,79,76,59,66,73,66,73,77,64,43,35,72,58,83,61,38,43,47
S. Tibbling,Simon Tibbling,9/7/1994,24,175.26,73.9,CM,Sweden,72,78,4200000,17000,Right,1,3,3,Normal,6100000,,,,,67,54,58,74,44,72,65,41,72,73,75,70,80,73,82,59,39,84,68,55,60,68,62,72,52,73,62,63,51
Joshuando Sá,Joshua Eduardo Sá Madeira,2/29/1984,35,182.88,81.2,"LB,LWB",Brazil,72,72,875000,12000,Left,1,3,2,Normal,1700000,,,,,71,41,67,72,46,63,51,52,61,61,71,77,55,72,59,44,48,70,72,42,71,71,61,49,53,65,72,71,71
A. De Sart,Alexis De Sart,11/12/1996,22,154.94,67.1,"CM,CDM,CAM",Belgium,72,78,4200000,7000,Right,1,3,3,Lean,7200000,,,,,69,59,67,72,67,69,73,70,73,72,62,64,73,69,71,72,63,79,64,74,59,71,67,71,58,64,67,65,63
W. Owusu,William Owusu,9/13/1989,29,185.42,73.9,"ST,RW,LW",Ghana,72,72,3200000,11000,Right,1,4,2,Lean,4800000,,,,,59,75,74,67,63,64,40,55,58,58,63,74,59,74,57,74,74,85,75,64,69,25,80,64,72,68,28,36,34
M. Abarhoun,Mohamed Aberhoune,5/3/1989,29,187.96,74.8,CB,Morocco,72,72,2400000,11000,Right,1,2,2,Normal,4800000,,,,,30,28,72,58,26,39,30,22,57,59,48,53,58,67,55,50,63,69,75,22,74,77,23,28,40,61,75,72,71
J. Puncheon,Jason Puncheon,6/26/1986,32,172.72,66.2,"CM,LM",England,72,72,2400000,35000,Left,1,2,3,Normal,,,,,,74,66,46,75,65,71,75,74,74,74,61,58,68,74,84,70,60,58,64,68,72,59,73,74,73,75,68,63,58
M. Stiepermann,Marco Stiepermann,2/9/1991,28,190.5,86.2,"CAM,LB,CM",Germany,72,72,3300000,21000,Left,1,2,3,Lean,6200000,,,,,65,65,64,71,65,71,73,67,66,73,64,73,67,72,58,84,44,85,76,73,74,63,72,72,58,74,61,68,62
M. Demir,Muhammet Demir,1/10/1992,27,154.94,68.9,"ST,CAM",Turkey,72,72,3400000,12000,Right,1,3,3,Normal,6800000,,,,,65,69,64,69,74,74,83,72,66,73,74,78,79,71,78,77,74,67,64,72,59,32,72,67,75,65,39,35,17
Salva Sevilla,Salvador Sevilla López,3/18/1984,34,152.4,71.2,"CM,LM,CAM",Spain,72,72,1500000,8000,Right,2,3,3,Normal,2300000,,,,,76,59,53,78,56,70,82,79,81,74,44,53,55,72,66,79,38,56,62,78,57,55,66,78,71,70,42,39,34
B. Kololli,Benjamin Kololli,5/15/1992,26,182.88,82.1,"LM,LW",Kosovo,72,73,3700000,12000,Right,1,3,3,Stocky,5600000,,,,,70,73,57,70,65,70,61,64,65,68,76,79,75,72,69,72,68,74,74,64,57,52,74,62,69,66,47,60,56
J. Börner,Julian Börner,1/21/1991,28,187.96,86.2,CB,Germany,72,73,2900000,11000,Left,1,3,2,Normal,4900000,,,,,49,56,75,59,41,55,58,50,59,56,61,66,61,64,57,70,88,72,82,54,77,70,47,46,62,62,66,75,67
Ricardo Ryller,Ricardo Ryller Ribeiro Lino Silva,2/27/1994,25,182.88,77.1,CM,Brazil,72,77,4100000,9000,Right,1,4,3,Lean,8500000,,,,,56,55,63,75,57,69,62,50,74,72,65,67,64,70,59,79,70,65,69,73,64,67,71,70,50,70,64,68,66
B. Białkowski,Bartosz Białkowski,7/6/1987,31,193.04,86.2,GK,Poland,72,72,2000000,6000,Right,1,3,1,Normal,3700000,,,,,11,13,12,33,12,14,11,12,32,18,42,42,48,70,49,10,66,39,69,11,27,19,10,47,17,61,9,15,14
M. Mantovani,Martín Maximiliano Mantovani,7/7/1984,34,182.88,78,CB,Argentina,72,72,1300000,8000,Right,2,3,2,Lean,2000000,,,,,47,37,75,67,55,55,63,45,65,60,36,33,48,68,61,59,66,53,80,34,79,73,46,33,42,64,74,71,67
S. Ortega,Stefan Ortega Moreno,11/6/1992,26,185.42,88,GK,Germany,72,76,2900000,8000,Right,1,4,1,Normal,4800000,,,,,18,15,20,38,13,20,16,12,49,39,49,53,42,70,54,23,73,27,73,12,29,27,10,45,24,60,29,12,15
S. Gürler,Serdar Gürler,9/14/1991,27,175.26,64.9,"RM,RW,ST,CAM",Turkey,72,72,3300000,17000,Right,1,4,3,Normal,,Turkey,76,SUB,7,70,69,56,70,49,74,70,60,59,72,82,79,79,69,79,73,59,63,51,62,33,35,72,70,52,70,40,54,32
J. Bennett,Joe Bennett,3/28/1990,28,152.4,73.9,LB,England,72,72,2500000,30000,Left,1,3,3,Lean,4900000,,,,,70,35,63,70,51,67,48,61,67,69,74,66,72,72,71,65,71,72,65,28,75,74,53,59,45,64,71,73,72
Rui Fonte,Rui Pedro da Rocha Fonte,4/23/1990,28,154.94,73,ST,Portugal,72,72,3200000,41000,Right,2,3,3,Lean,,,,,,61,72,70,73,73,66,73,63,68,74,66,64,71,74,66,67,75,69,61,61,59,40,78,69,71,77,46,37,28
A. Adnan,Ali Adnan,12/19/1993,25,185.42,69.9,"LM,LB",Iraq,72,75,3900000,16000,Left,1,3,4,Normal,,,,,,74,56,62,70,56,77,66,74,68,73,76,76,73,71,60,86,66,78,76,74,74,68,66,60,66,70,65,71,70
Luismi,Luis Miguel Sánchez Benítez,5/5/1992,26,152.4,78.9,CDM,Spain,72,77,3400000,13000,Right,1,3,2,Normal,7800000,,,,,39,21,54,68,30,53,26,30,66,65,61,58,61,65,66,58,75,75,83,34,81,75,25,64,38,61,68,74,72
L. Garritano,Luca Garritano,2/11/1994,25,172.72,67.1,"LW,CM,CAM",Italy,72,75,3900000,12000,Right,1,3,4,Lean,,,,,,64,68,54,68,66,75,66,64,62,76,88,89,87,62,88,70,72,70,54,68,47,47,64,55,67,73,54,37,42
A. Cubas,Adrián Andrés Cubas,5/11/1996,22,170.18,59.9,"CDM,CM",Argentina,72,79,3700000,10000,Right,1,2,3,Normal,6400000,,,,,58,35,55,75,33,63,43,40,64,69,76,66,89,70,90,59,78,86,33,62,75,72,51,61,51,70,73,74,76
Jubal,Jubal Rocha Mendes Junior,8/29/1993,25,187.96,79.8,CB,Brazil,72,75,3300000,5000,Right,1,2,2,Lean,7200000,,,,,29,22,72,64,30,51,36,27,35,63,55,62,51,73,53,42,72,70,74,25,73,74,30,32,48,60,67,73,68
L. Phiri,Lebogang Phiri,11/9/1994,24,172.72,63,"CM,CDM",South Africa,72,78,4200000,14000,Right,1,3,3,Lean,9200000,South Africa,71,SUB,6,64,53,64,75,59,72,69,57,71,74,75,75,77,72,76,59,70,75,69,59,68,69,60,68,58,71,72,74,70
T. Delaine,Thomas Delaine,3/24/1992,26,154.94,69.9,LB,France,72,75,3200000,6000,Right,1,5,3,Normal,5900000,,,,,73,47,64,72,34,70,65,45,67,69,77,79,66,68,67,59,82,85,75,48,68,66,64,60,45,64,65,68,69
J. Murphy,Jamie Murphy,8/28/1989,29,152.4,72.1,"LW,LM",Scotland,72,72,3100000,39000,Right,1,4,3,Lean,5700000,,,,,69,71,49,68,65,75,67,59,62,72,78,82,77,69,75,68,73,76,68,70,58,50,70,65,68,73,53,45,38
Alexandre Frandeira,Alex Martin Frandeira Álvares,2/29/1988,31,193.04,84.8,"CB,CDM",Brazil,72,72,2300000,11000,Right,1,1,2,Normal,4400000,,,,,51,36,65,62,35,45,46,41,64,57,47,51,46,67,38,62,60,64,90,47,84,68,36,34,43,73,72,71,67
R. García Guerreño,Rolando García Guerreño,2/10/1990,29,185.42,76.2,CB,Paraguay,72,72,2500000,13000,Right,1,3,2,Lean,3800000,,,,,46,40,77,68,35,40,34,32,50,53,55,53,51,69,52,54,84,70,82,27,73,74,44,38,42,59,72,65,71
K. Sema,Ken Sema,9/30/1993,25,154.94,68.9,"LM,RM",Sweden,72,74,3800000,30000,Left,1,3,3,Normal,7600000,,,,,69,63,34,71,61,76,67,72,62,73,77,81,70,70,78,77,50,72,78,68,63,40,65,72,44,62,36,49,48
Reyes,José Antonio Reyes Calderón,9/1/1983,35,175.26,73,"RM,LM,CAM,ST",Spain,72,72,1600000,6000,Left,2,3,3,Normal,2400000,,,,,72,69,55,70,69,74,83,77,69,75,75,69,74,67,75,72,53,64,60,77,62,26,66,70,72,69,21,27,23
I. Hajrović,Izet Hajrović,8/4/1991,27,152.4,72.1,RM,Bosnia Herzegovina,72,72,3300000,1000,Left,1,4,4,Normal,7300000,,,,,73,73,45,72,69,76,78,76,68,74,79,78,76,64,72,84,68,56,54,81,54,48,62,68,75,69,38,41,38
Fernando Boldrin,Fernando Henrique Boldrin,2/23/1989,30,154.94,74.8,"CAM,RM,LM",Brazil,72,72,3000000,12000,Right,1,4,3,Normal,,,,,,63,67,60,77,65,67,65,74,74,72,70,65,67,69,65,68,52,59,64,71,70,62,71,70,66,66,59,57,54
D. Peralta,Diego Arturo Peralta González,1/2/1985,34,187.96,83.9,CB,Colombia,72,72,1300000,3000,Right,1,3,2,Normal,1700000,,,,,39,44,75,62,63,62,44,52,53,65,42,44,40,72,45,68,56,53,87,45,76,73,42,45,59,73,72,70,62
Sebá,Sebastião de Freitas Couto Júnior,6/8/1992,26,152.4,73,"LW,LM",Brazil,72,73,3700000,25000,Left,1,3,3,Normal,6500000,,,,,68,64,57,69,70,71,63,64,64,74,87,85,76,70,69,83,64,77,78,70,74,57,73,66,64,70,35,55,51
U. Ćosić,Uroš Ćosić,10/24/1992,26,187.96,77.1,CB,Serbia,72,76,3400000,1000,Right,1,3,2,Normal,7700000,,,,,23,17,66,55,29,53,33,32,50,57,66,72,60,64,68,75,68,68,76,37,70,72,18,22,30,64,72,76,74
F. Pisacane,Fabio Pisacane,1/28/1986,33,152.4,77.1,"CB,RB",Italy,72,72,1800000,20000,Right,1,3,2,Normal,3000000,,,,,60,20,62,60,14,61,28,25,50,60,69,69,67,74,67,32,88,60,71,32,75,71,49,41,28,66,73,76,72
D. Rossi,Diego Rossi,3/5/1998,21,170.18,68,"LW,ST,RW",Uruguay,72,83,5500000,5000,Right,1,4,4,Normal,9400000,,,,,62,69,44,70,69,75,65,34,57,74,84,83,84,68,84,66,59,68,41,67,45,21,69,72,57,65,37,18,28
R. Alvarado,Roberto Alvarado,9/7/1998,20,175.26,69.9,"LM,RM,CAM",Mexico,72,79,4200000,9000,Left,1,5,3,Lean,8100000,Cruz Azul,72,LM,25,71,63,51,71,62,73,67,59,68,72,78,75,77,64,79,66,62,72,56,59,45,55,68,69,62,64,55,49,60
J. Brownhill,Josh Brownhill,12/19/1995,23,152.4,68.9,"CM,RM",England,72,79,4300000,26000,Right,1,3,3,Normal,9000000,,,,,65,62,64,69,50,69,63,70,69,71,70,75,70,71,71,78,78,88,69,73,70,67,70,69,40,69,63,69,61
M. Piedrahita,Marlon Javier Piedrahita Londoño,6/13/1985,33,175.26,78.9,RB,Colombia,72,72,1200000,3000,Right,1,3,3,Normal,1700000,,,,,70,59,58,70,52,67,72,69,68,73,76,78,75,74,75,67,72,84,70,64,68,66,62,68,69,73,66,67,68
M. van der Werff,Maikel van der Werff,4/22/1989,29,185.42,82.1,CB,Netherlands,72,72,2400000,11000,Right,1,3,2,Normal,3600000,,,,,65,52,68,68,55,51,66,69,68,63,59,57,53,67,61,78,69,60,76,65,74,73,30,59,61,70,71,71,70
D. Dwyer,Dom Dwyer,7/30/1990,28,175.26,78.9,ST,United States,72,72,3300000,7000,Left,1,3,3,Normal,4800000,,,,,52,73,69,58,69,67,74,62,31,69,72,74,76,70,73,80,81,82,69,65,83,14,76,50,69,69,27,34,14
G. Bettini,Gonzalo Bettini,9/26/1992,26,170.18,73.9,RB,Argentina,71,74,2400000,9000,Right,1,3,2,Lean,,,,,,75,41,66,69,30,61,41,31,55,71,77,72,71,65,64,50,54,84,64,41,71,65,59,73,33,66,50,75,72
P. Brlek,Petar Brlek,1/29/1994,25,154.94,73.9,"CM,CAM,CDM",Croatia,71,76,3100000,10000,Right,1,3,3,Normal,,,,,,57,63,53,72,57,69,62,57,68,72,78,68,78,63,63,66,59,70,69,70,65,66,72,73,66,68,34,66,60
Miltisco Paulino,M. Vanderlei Paulino Kenedy,2/29/1988,31,154.94,77.1,CB,Brazil,71,71,1800000,11000,Right,1,3,2,Normal,3300000,,,,,54,44,73,62,51,51,44,52,66,56,61,61,62,67,62,44,77,56,77,51,77,66,34,42,53,64,68,73,72
Tobias Figueiredo,Tobias Pereira Figueiredo,2/2/1994,25,187.96,83.9,CB,Portugal,71,75,2600000,23000,Right,1,2,2,Normal,5100000,,,,,34,22,71,57,22,54,24,29,55,55,55,62,48,65,48,60,77,61,83,21,89,65,25,48,36,63,70,67,67
Erik Morán,Erik Morán Arribas,5/25/1991,27,187.96,73.9,"CDM,CM",Spain,71,73,2300000,7000,Right,1,3,3,Lean,3900000,,,,,56,39,56,74,39,66,59,47,72,72,39,43,62,64,59,61,62,69,71,48,75,70,58,68,49,59,67,73,63
David Batanero,David Batanero Puigbó,9/27/1988,30,185.42,79.8,CM,Spain,71,71,2300000,3000,Left,1,3,2,Normal,2800000,,,,,74,50,44,79,61,62,72,60,77,73,45,42,52,73,63,71,62,66,72,68,35,57,57,74,41,72,59,53,48
G. Holtmann,Gerrit Holtmann,3/25/1995,23,182.88,77.1,"LM,LWB,LB,LW",Germany,71,78,3300000,15000,Left,1,3,3,Normal,6300000,,,,,69,60,47,66,49,73,58,36,57,69,91,91,73,64,69,75,55,67,66,64,34,58,64,60,60,58,58,59,50
A. Caracciolo,Antonio Aldo Caracciolo,6/30/1990,28,185.42,83,CB,Italy,71,71,1900000,4000,Right,1,2,2,Normal,,,,,,41,12,70,56,13,53,14,19,56,56,66,55,73,65,70,24,92,63,74,29,72,65,19,27,30,67,74,74,73
A. Ajdarević,Astrit Ajdarević,4/17/1990,28,190.5,84.8,"CM,CAM",Albania,71,71,2400000,5000,Left,1,2,3,Normal,2900000,,,,,74,58,60,73,63,73,73,72,77,76,60,65,48,68,44,84,46,62,78,70,60,58,65,73,60,70,45,49,39
Jung Sung Ryong,정성룡 郑俊玄,1/4/1985,34,190.5,89.8,GK,Korea Republic,71,71,1200000,5000,Right,2,3,1,Normal,1600000,,,,,10,12,14,32,17,12,19,11,33,14,41,49,14,70,43,18,46,25,41,16,31,25,14,39,12,52,10,11,12
A. Kamara,Aboubakar Kamara,3/7/1995,24,152.4,81.2,ST,France,71,75,3100000,31000,Right,1,3,3,Stocky,,,,,,41,68,68,64,60,66,48,43,39,64,79,87,68,64,76,75,70,65,82,61,78,13,74,58,69,57,37,23,21
A. Preciado,Ayrton Preciado,7/17/1994,24,182.88,71.2,"LW,LM,CF",Ecuador,71,75,3100000,13000,Left,1,3,3,Lean,5500000,Santos Laguna,72,SUB,18,70,69,71,67,73,73,64,68,69,68,87,82,79,66,65,82,58,71,70,70,43,37,64,61,71,61,31,19,20
M. Valenzuela,Milton Nahuel Valenzuela,8/13/1998,20,167.64,66.2,LB,Argentina,71,81,3200000,2000,Left,1,2,3,Normal,5400000,,,,,72,33,53,65,33,67,67,38,54,65,78,74,80,67,83,56,73,76,62,47,74,68,58,67,54,62,70,73,71
E. Fernandes,Edimilson Fernandes,4/15/1996,22,190.5,69.9,"CAM,CM,RWB",Switzerland,71,79,3500000,36000,Right,1,4,3,Lean,,Switzerland,77,RM,19,57,62,45,74,56,73,57,51,70,71,72,78,66,60,56,73,56,74,69,70,60,42,65,69,55,63,52,60,55
L. Memushaj,Ledian Memushaj,12/17/1986,32,175.26,69.9,CM,Albania,71,71,2000000,4000,Right,2,4,3,Normal,3100000,,,,,63,52,44,74,61,70,68,67,70,71,76,66,90,70,88,65,59,78,63,70,67,70,64,70,66,75,68,62,62
E. Kawashima,川島 永嗣,3/20/1983,35,185.42,73.9,GK,Japan,71,71,550000,6000,Right,1,3,1,Normal,1100000,,,,,17,14,14,33,13,12,13,14,33,28,45,43,63,64,46,37,71,31,61,19,16,19,11,29,24,44,10,13,12
J. Filipović,Jakov Filipović,10/17/1992,26,190.5,84.8,CB,Croatia,71,74,2500000,9000,Right,1,4,2,Lean,3800000,,,,,31,22,72,59,23,32,24,28,57,57,57,55,55,66,47,42,62,64,77,27,75,73,24,23,33,62,73,71,69
A. Gogia,Akaki Gogia,1/18/1992,27,152.4,72.1,"RW,RM",Germany,71,71,2500000,21000,Right,1,4,4,Lean,4100000,,,,,66,68,41,67,67,73,76,65,56,75,79,72,89,65,86,70,70,74,58,73,45,28,67,63,60,66,31,22,23
D. Schmidt,Dominik Schmidt,7/1/1987,31,187.96,82.1,CB,Germany,71,71,1600000,8000,Right,1,3,2,Normal,2600000,,,,,46,24,62,57,31,46,45,35,56,53,63,73,57,52,62,50,80,68,82,29,83,67,41,49,35,59,71,72,74
Rodrigo Becão,Rodrigo Nascimento França,1/19/1996,23,190.5,78.9,CB,Brazil,71,80,3200000,1000,Right,1,2,2,Normal,7600000,,,,,21,30,76,68,24,45,22,27,67,57,56,65,48,70,47,42,69,60,75,32,73,65,28,28,31,54,73,71,66
M. Friedrich,Marvin Friedrich,12/13/1995,23,193.04,78,CB,Germany,71,79,3000000,15000,Right,1,3,2,Lean,5400000,,,,,43,35,71,66,35,38,39,26,68,55,55,66,54,67,51,48,69,62,76,29,61,69,29,53,38,53,68,76,72
T. Schütz,Tom Schütz,1/20/1988,31,154.94,74.8,"CDM,RB",Germany,71,71,1800000,9000,Right,1,3,2,Normal,2800000,,,,,59,44,69,71,39,59,72,80,75,63,66,65,64,65,64,68,76,89,68,63,71,69,49,62,46,64,74,69,62
S. Tecl,Stanislav Tecl,9/1/1990,28,154.94,82.1,"ST,RW",Czech Republic,71,71,2500000,1000,Right,1,2,3,Normal,5600000,Czech Republic,75,ST,7,56,74,70,63,70,69,53,51,43,71,81,78,71,70,66,53,67,68,71,54,70,34,77,53,61,64,21,23,25
D. Milićević,Danijel Milićević,1/5/1986,33,172.72,63,"CAM,CF,CM,RM",Bosnia Herzegovina,71,71,1800000,8000,Right,1,4,3,Lean,2700000,,,,,75,66,41,70,74,68,79,79,71,72,67,65,75,63,80,74,59,55,46,73,39,45,72,72,66,77,31,32,36
O. Fink,Oliver Fink,6/6/1982,36,187.96,78,"CM,CAM,LM",Germany,71,71,750000,14000,Right,1,4,2,Normal,1400000,,,,,59,54,73,71,59,64,63,59,67,71,50,41,55,73,54,65,75,86,75,62,69,66,66,70,58,75,64,68,81
A. Tarek,Amro Tarek Abdel Aziz,5/17/1992,26,190.5,88,"CB,LB",Egypt,71,74,2500000,5000,Left,1,3,2,Normal,3900000,,,,,63,30,71,58,27,50,33,30,32,62,64,64,59,57,54,67,70,65,80,33,77,68,50,35,37,51,68,70,81
M. Jonjić,Matej Jonjić,1/29/1991,28,187.96,83,CB,Croatia,71,73,2300000,6000,Right,1,3,2,Normal,3100000,,,,,38,47,77,57,33,45,29,25,53,48,65,71,62,71,34,38,73,69,80,40,57,70,39,35,34,58,71,74,71
B. Heynen,Bryan Heynen,2/6/1997,22,182.88,67.1,"CM,CDM",Belgium,71,78,3300000,8000,Right,1,4,3,Lean,5600000,,,,,58,56,65,75,48,71,72,47,72,74,63,65,69,65,71,62,61,70,60,60,59,64,72,71,58,77,64,64,61
João Pedro,João Pedro Maturano dos Santos,11/15/1996,22,152.4,73,RB,Brazil,71,79,3000000,6000,Right,1,2,3,Normal,6600000,,,,,73,49,56,68,36,73,71,46,62,71,78,77,76,70,66,39,66,67,62,35,64,67,66,56,49,56,71,71,68
D. Rosero Valencia,Daniel Rosero Valencia,10/6/1993,25,182.88,83,CB,Colombia,71,78,2800000,2000,Right,1,2,2,Stocky,4600000,,,,,57,33,77,56,42,57,44,37,49,50,69,74,63,66,63,48,87,86,79,36,54,71,43,44,49,54,74,73,66
R. Caroca,Rafael Antonio Caroca Cordero,7/19/1989,29,175.26,72.1,"CDM,CM",Chile,71,71,1900000,8000,Right,1,3,3,Normal,2700000,,,,,62,60,65,70,30,67,53,31,67,68,78,76,68,67,71,73,67,82,73,57,73,74,63,64,57,65,70,70,66
Souza,Elierce Barbosa de Souza,3/8/1988,31,182.88,74.8,"CM,CDM",Brazil,71,71,2200000,6000,Right,1,3,3,Normal,2700000,,,,,67,56,56,70,64,69,69,76,68,71,63,67,69,75,59,76,62,78,71,70,75,66,65,69,71,60,65,69,65
K. Bonifazi,Kevin Bonifazi,5/19/1996,22,187.96,84.8,CB,Italy,71,79,3000000,19000,Right,1,2,2,Normal,,,,,,34,30,61,56,36,46,29,34,36,59,59,56,49,65,65,43,72,53,74,30,70,72,33,37,44,65,68,78,74
D. Williams,Daniel Williams,3/8/1989,30,182.88,79.8,"CM,CDM",United States,71,71,2300000,29000,Right,1,3,3,Normal,4300000,,,,,66,66,69,71,68,76,54,48,67,68,74,68,71,73,68,78,80,89,76,68,86,69,67,60,50,68,69,71,72
O. Cabezas,Óscar Cabezas,12/22/1996,22,154.94,78.9,CB,Colombia,71,79,3000000,1000,Left,1,3,2,Normal,,,,,,47,45,66,60,20,56,34,25,50,59,74,61,67,62,68,21,78,77,84,20,80,73,41,36,38,55,62,73,70
C. Stengs,Calvin Stengs,12/18/1998,20,187.96,68,RW,Netherlands,71,86,5000000,6000,Left,1,3,4,Lean,10600000,,,,,68,50,42,77,40,78,67,53,73,78,79,77,80,68,68,58,57,50,56,46,47,23,58,79,52,71,39,31,30
Borja Lasso,Borja Lasso De La Vega,1/1/1994,25,152.4,69.9,"CAM,LM,CM",Spain,71,76,3200000,6000,Right,1,4,3,Normal,5300000,,,,,72,69,38,71,52,74,63,64,69,72,60,51,67,70,37,74,31,59,64,71,81,48,69,72,59,73,45,45,38
R. Oudin,Rémi Oudin,11/18/1996,22,185.42,78.9,"RM,RW",France,71,80,3700000,9000,Left,1,3,3,Lean,8100000,,,,,74,72,68,72,59,69,77,76,58,73,71,73,71,67,55,72,72,70,73,66,42,19,69,71,66,62,28,21,15
R. Rodríguez,Ribair Rodríguez Pérez,10/4/1987,31,182.88,87.1,"CDM,CM,CB",Uruguay,71,71,1800000,11000,Right,1,2,2,Normal,2600000,,,,,53,30,73,66,49,60,57,41,63,65,71,75,52,65,61,68,75,78,86,56,85,72,53,54,50,63,69,72,69
J. Campos,Jhasmani Campos,5/10/1988,30,175.26,64,"CAM,LM,CM",Bolivia,71,71,,,Left,1,3,3,Lean,,,,,,64,58,45,72,63,72,78,75,64,78,66,64,71,63,79,68,57,78,62,74,39,29,61,72,81,64,10,21,23
J. Rhodes,Jordan Rhodes,2/5/1990,29,185.42,71.2,ST,Scotland,71,71,2400000,21000,Right,1,2,2,Normal,,,,,,56,74,75,52,73,59,46,32,40,66,60,66,65,73,66,70,76,77,74,61,36,42,78,67,72,76,35,35,26
I. Šunjić,Ivan Šunjić,10/9/1996,22,182.88,74.8,CDM,Croatia,71,80,3200000,1000,Right,1,3,2,Lean,7700000,,,,,49,52,63,70,43,58,31,38,64,68,72,62,61,65,57,68,54,81,72,60,80,77,51,63,43,57,72,68,64
R. Thelander,Rasmus Thelander,7/9/1991,27,190.5,87.1,CB,Denmark,71,71,2100000,9000,Right,1,3,2,Normal,3100000,,,,,40,26,72,59,29,37,23,25,55,53,55,63,49,64,45,55,68,64,84,22,71,67,39,45,33,54,73,72,70
N. Moro,Nikola Moro,3/12/1998,20,182.88,77.1,"CDM,CM",Croatia,71,82,3600000,1000,Right,1,4,3,Normal,8600000,,,,,65,63,37,77,52,74,60,68,81,75,72,68,64,72,56,72,47,66,68,71,59,69,62,74,56,73,60,65,67
M. Lustig,Mikael Lustig,12/13/1986,32,187.96,78,"RB,CB",Sweden,71,71,1600000,28000,Right,2,3,3,Lean,2800000,Sweden,76,RB,2,66,48,75,72,59,66,65,40,68,71,50,54,54,68,53,65,81,75,76,60,68,73,44,60,33,73,75,75,73
S. Nishikawa,西川 周作,6/18/1986,32,182.88,81.2,GK,Japan,71,71,1400000,6000,Left,1,3,1,Normal,1800000,,,,,18,14,27,34,14,29,23,12,37,27,44,40,68,57,56,16,65,36,64,17,25,18,15,65,30,31,12,17,13
M. Torsiglieri,Marco Natanel Torsiglieri,1/12/1988,31,190.5,86.2,CB,Argentina,71,71,1800000,10000,Left,1,3,2,Normal,,,,,,50,35,76,67,38,42,52,46,66,52,36,42,37,67,33,58,60,62,90,32,75,65,42,54,56,64,73,68,69
P. Škuletić,Petar Škuletić,6/29/1990,28,193.04,88.9,ST,Serbia,71,71,2400000,18000,Left,1,3,2,Normal,4600000,,,,,41,75,79,58,51,52,52,32,31,69,67,67,40,57,47,74,54,67,85,72,63,28,74,49,70,66,45,13,12
M. Caire,Maximiliano Caire,7/12/1988,30,152.4,69.9,RB,Argentina,71,71,1800000,9000,Right,1,4,3,Normal,2700000,,,,,61,28,78,53,42,68,61,41,57,63,82,84,75,60,77,51,91,90,63,44,66,73,58,64,35,61,58,70,76
C. Lucchetti,Cristian David Lucchetti,6/26/1978,40,182.88,68.9,GK,Argentina,71,71,160000,4000,Right,1,3,1,Lean,240000,,,,,23,13,23,34,18,24,27,30,32,35,40,45,44,69,45,40,62,35,55,16,45,17,16,51,54,41,21,22,13
B. Afobe,Benik Afobe,2/12/1993,26,182.88,78,ST,DR Congo,71,74,3000000,28000,Right,1,2,3,Normal,6000000,,,,,46,74,64,66,70,64,65,57,52,70,75,83,69,68,65,68,75,64,78,64,60,25,72,64,72,70,31,22,17
Carlitos,Carlos Alberto Alves Garcia,9/6/1982,36,175.26,73,"LM,CAM,LW",Portugal,71,71,1000000,14000,Right,1,4,4,Normal,1500000,,,,,75,66,57,75,73,73,75,72,68,76,72,68,72,63,73,73,70,53,57,74,54,55,65,72,64,70,40,34,38
J. Bela,Jérémie Bela,4/8/1993,25,172.72,71.2,"LM,RM,ST",France,71,74,3000000,6000,Right,1,3,4,Stocky,5000000,,,,,59,69,64,64,62,76,57,50,50,74,92,90,93,66,77,71,80,74,38,64,43,34,69,50,51,66,38,27,29
M. Coronel,Maximiliano Ángel Coronel,4/28/1989,29,154.94,82.1,CB,Argentina,71,72,2100000,10000,Right,1,3,2,Normal,3300000,,,,,45,38,71,59,42,42,44,47,57,59,55,45,54,68,46,62,91,45,73,33,71,65,26,42,40,55,68,74,73
Ricardo Valente,Ricardo Jorge Oliveira Valente,4/3/1991,27,154.94,76.2,"LM,RM,ST",Portugal,71,71,2500000,7000,Right,1,4,4,Normal,5200000,,,,,69,68,63,67,71,73,42,38,59,73,74,73,71,70,65,73,66,65,67,69,74,16,70,69,60,70,21,26,23
J. Perbet,Jérémy Perbet,12/12/1984,34,182.88,83.9,ST,France,71,71,1500000,11000,Right,1,3,2,Normal,2200000,,,,,39,77,75,63,76,53,61,36,32,64,56,50,63,73,56,70,58,56,76,68,46,24,83,54,69,73,16,17,15
A. Callens,Alexander Martín Marquinho Callens Asín,5/4/1992,26,185.42,76.2,CB,Peru,71,75,2500000,5000,Left,1,3,2,Normal,4000000,,,,,23,18,71,69,40,42,28,26,69,56,60,46,72,70,54,73,74,73,77,23,77,71,25,35,43,63,65,70,76
Adriano Facchini,Adriano Facchini,3/12/1983,35,185.42,73.9,GK,Brazil,71,71,550000,5000,Right,1,2,1,Normal,908000,,,,,11,12,14,28,14,17,13,12,18,27,36,39,32,65,48,20,73,30,69,11,32,22,16,11,30,55,18,14,10
Carraça,Rui Filipe Caetano Moura,3/1/1993,26,152.4,69.9,"RB,CDM,CM",Portugal,71,75,2500000,5000,Right,1,3,2,Normal,5500000,,,,,70,46,52,73,57,68,68,69,69,69,72,67,73,74,71,77,79,78,65,69,77,72,60,64,58,63,68,73,68
A. Rojas,Ariel Mauricio Rojas,1/16/1986,33,175.26,82.1,"CM,CDM,LM",Argentina,71,71,1800000,13000,Left,1,3,3,Normal,2700000,,,,,72,66,67,69,71,69,70,65,64,75,62,68,68,71,69,74,71,72,71,73,71,66,72,72,66,71,70,62,57
D. Lenihan,Darragh Lenihan,3/16/1994,24,187.96,76.2,CB,Republic of Ireland,71,75,2600000,21000,Right,1,3,2,Normal,5100000,Republic of Ireland,74,SUB,15,50,40,62,62,44,54,37,37,59,58,59,64,60,57,66,51,73,72,73,53,79,72,47,49,48,52,71,72,73
B. McKay,Barrie McKay,12/30/1994,24,175.26,67.1,"LW,LM,RW,CAM",Scotland,71,76,3200000,17000,Right,1,4,3,Normal,6300000,,,,,65,64,37,69,47,72,63,65,65,70,89,87,91,64,87,60,58,65,30,69,38,49,66,70,50,55,33,36,39
N. Ghilas,Nabil Ghilas,4/20/1990,28,182.88,84.8,ST,Algeria,71,71,2400000,18000,Right,1,4,3,Stocky,4900000,,,,,60,70,65,64,77,70,66,52,50,72,68,72,59,66,59,77,66,34,80,62,78,42,68,60,78,75,28,25,26
Y. Kashiwa,柏好 文,7/28/1987,31,167.64,62.1,"LM,CAM",Japan,71,71,2200000,9000,Right,1,4,4,Lean,2800000,,,,,68,66,50,66,59,74,59,40,58,69,90,85,92,64,87,70,84,81,41,62,28,32,65,62,51,65,64,35,34
D. Damjanović,Dejan Damjanović,7/27/1981,37,187.96,81.2,"ST,CF",Montenegro,71,71,850000,5000,Right,2,4,3,Normal,1100000,,,,,61,73,72,68,71,66,63,66,54,73,52,57,37,68,63,70,73,60,73,74,70,35,73,70,72,71,37,21,23
F. Sammaritano,Frédéric Sammaritano,3/23/1986,32,162.56,64,"LM,LW,RM",France,71,71,1800000,10000,Right,1,4,3,Stocky,3700000,,,,,61,64,39,73,66,72,80,71,73,73,68,65,72,71,92,62,31,64,42,59,58,33,72,75,64,63,29,17,12
V. Fiorillo,Vincenzo Fiorillo,1/13/1990,29,190.5,78.9,GK,Italy,71,71,1700000,3000,Right,1,2,1,Lean,2600000,,,,,8,15,9,28,7,14,9,4,25,19,36,42,46,70,35,23,72,31,63,6,11,15,10,37,22,62,21,10,10
R. Keogh,Richard Keogh,8/11/1986,32,187.96,87.1,CB,Republic of Ireland,71,71,1600000,24000,Right,1,3,2,Normal,3000000,Republic of Ireland,74,RCB,20,52,28,73,70,23,67,33,30,65,60,62,56,47,68,59,51,72,75,76,12,68,69,50,58,38,70,72,70,71
Bressan,Matheus Simoneti Bressaneli,1/15/1993,26,182.88,73.9,CB,Brazil,71,74,2500000,5000,Right,1,2,2,Normal,3900000,,,,,33,37,73,63,24,38,28,52,55,64,68,68,63,60,65,51,80,72,73,31,71,74,32,28,46,65,65,72,69
E. Başsan,Emrah Başsan,4/17/1992,26,152.4,66.2,"RM,LW,CAM",Turkey,71,72,2800000,10000,Left,1,2,3,Normal,5600000,,,,,71,66,51,70,66,73,72,72,67,73,78,78,79,64,79,74,71,62,51,72,60,21,64,65,61,64,20,14,23
J. Quiñones,Julián Andrés Quiñones Quiñones,3/24/1997,21,152.4,76.2,ST,Colombia,71,81,3900000,25000,Right,1,3,3,Normal,7000000,,,,,55,75,67,66,42,71,59,42,57,70,85,86,80,66,68,66,65,60,68,61,61,23,70,51,60,67,25,16,18
A. Soto,Alexis Soto,10/20/1993,25,152.4,71.2,LB,Argentina,71,76,2600000,10000,Left,1,2,3,Lean,3900000,,,,,68,33,44,64,37,75,71,60,44,71,74,76,71,66,66,44,73,85,62,34,75,66,41,55,38,61,71,72,73
H. Novillo,Harry Novillo,2/11/1992,27,182.88,79.8,"LW,ST",France,71,71,2500000,6000,Right,1,3,3,Lean,3800000,,,,,65,65,54,61,66,74,67,63,57,64,90,93,90,64,91,77,91,60,62,73,35,24,69,65,69,68,41,29,33
C. Brunt,Chris Brunt,12/14/1984,34,185.42,83.9,"CM,LB",Northern Ireland,71,71,1400000,21000,Left,2,2,3,Normal,2600000,,,,,84,62,61,73,70,67,86,76,76,74,51,50,62,71,61,86,67,57,69,76,69,61,63,72,74,68,71,66,63
D. McGoldrick,David McGoldrick,11/29/1987,31,182.88,73.9,"ST,CAM",Republic of Ireland,71,71,2300000,10000,Right,1,3,3,Normal,4300000,,,,,63,72,67,70,66,71,68,69,67,73,66,68,74,70,76,67,67,76,69,64,57,25,71,67,78,75,36,27,19
K. Letica,Karlo Letica,2/11/1997,22,200.66,96.2,GK,Croatia,71,79,2600000,7000,Right,1,3,1,Normal,4200000,,,,,13,5,10,29,9,14,13,12,28,17,30,34,31,67,27,23,47,18,71,6,24,11,6,36,17,22,11,12,12
L. Reyes,Luis Ricardo Reyes Moreno,4/3/1991,27,154.94,66.2,LB,Mexico,71,72,2200000,31000,Left,1,3,3,Lean,3900000,,,,,73,34,62,68,44,69,50,46,62,66,79,75,72,68,77,64,70,82,62,65,40,65,56,67,48,64,68,70,68
L. Zingerle,Leopold Zingerle,4/10/1994,24,185.42,78,GK,Germany,71,75,2200000,5000,Right,1,3,1,Normal,3600000,,,,,11,7,10,19,8,9,11,12,13,20,20,29,31,65,51,25,64,34,54,6,21,11,8,40,15,47,11,9,10
F. Müller,Florian Müller,11/13/1997,21,193.04,84.8,GK,Germany,71,84,3700000,8000,Left,1,3,1,Normal,8600000,,,,,12,11,11,32,10,18,13,12,28,24,43,43,42,69,41,23,56,34,65,12,25,19,11,42,19,38,20,11,12
R. Tesche,Robert Tesche,5/27/1987,31,154.94,71.2,"CDM,CM",Germany,71,71,1600000,11000,Right,1,4,3,Normal,2600000,,,,,68,62,74,72,68,68,67,65,70,72,63,61,65,73,73,74,80,76,73,71,68,69,65,68,62,74,59,72,65
U. Emanuelson,Urby Emanuelson,6/16/1986,32,175.26,68,"CM,CDM,LW",Netherlands,71,71,1800000,12000,Left,1,3,3,Lean,2700000,,,,,72,60,46,70,65,71,79,70,68,72,75,76,85,69,80,66,71,68,60,72,70,72,70,69,70,76,64,70,69
J. Abella,José Javier Abella Fanjul,2/10/1994,25,175.26,73.9,RB,Mexico,71,75,2600000,11000,Right,1,2,2,Lean,4500000,,,,,67,42,59,69,38,57,55,44,61,67,78,74,68,67,68,62,66,81,58,50,60,69,63,56,46,65,65,70,72
T. Kleindienst,Tim Kleindienst,8/31/1995,23,193.04,83.9,ST,Germany,71,76,3200000,15000,Right,1,3,3,Lean,6000000,,,,,50,71,75,60,68,67,54,39,45,59,64,72,60,68,50,78,76,78,79,69,61,26,71,53,59,64,27,29,22
M. Yumlu,Mustafa Yumlu,9/25/1987,31,190.5,77.1,CB,Turkey,71,71,1800000,11000,Right,1,2,2,Normal,3500000,,,,,22,32,76,62,32,43,22,24,59,51,39,35,46,62,40,56,68,68,84,30,79,69,26,37,44,63,69,69,67
M. Matip,Marvin Matip,9/25/1985,33,185.42,84.8,CB,Cameroon,71,71,1400000,15000,Right,2,2,2,Normal,2200000,,,,,49,39,74,59,34,46,42,47,62,58,67,68,65,70,60,66,82,70,76,47,73,70,41,48,44,71,70,69,64
J. Sambenito,José Gabriel Sambenito,2/29/1992,27,182.88,86.2,"ST,CF",Paraguay,71,74,,,Right,1,3,2,Lean,,,,,,40,74,72,57,72,60,64,42,42,63,79,72,61,69,64,73,69,67,72,67,49,14,75,60,67,74,15,16,16
S. Prevljak,Smail Prevljak,5/10/1995,23,187.96,79.8,"ST,CAM",Bosnia Herzegovina,71,76,3200000,21000,Right,1,3,3,Lean,5100000,,,,,62,75,62,63,70,68,48,40,57,70,73,70,70,71,65,71,69,75,70,66,64,16,74,57,66,56,25,16,12
D. von Ballmoos,David von Ballmoos,12/30/1994,24,193.04,89.8,GK,Switzerland,71,79,2600000,9000,Right,1,3,1,Normal,4400000,BSC Young Boys,71,GK,26,16,16,13,31,20,17,19,13,27,23,55,46,45,60,51,25,66,34,71,15,23,26,16,36,28,61,9,20,15
A. Nwakaeme,Anthony Nwakaeme,3/21/1989,29,185.42,79.8,LM,Nigeria,71,71,2300000,20000,Right,1,3,3,Normal,4600000,,,,,56,73,66,68,61,77,47,29,58,69,79,83,76,66,61,78,71,69,79,69,49,13,73,62,68,70,27,37,34
D. Silva,David Mackalister Silva Mosquera,12/13/1986,32,175.26,73.9,"CM,CAM,LM,CDM",Colombia,71,71,2000000,3000,Right,1,3,3,Normal,2800000,,,,,65,67,39,71,38,68,66,66,70,69,68,71,72,73,72,70,69,88,69,66,72,53,69,71,58,72,54,67,61
I. Oblyakov,Ivan Oblyakov,7/5/1998,20,175.26,73.9,"CM,CAM",Russia,71,82,3900000,1000,Left,1,3,3,Normal,9400000,,,,,73,64,57,73,53,76,72,67,72,75,65,74,77,67,80,69,62,73,61,67,60,56,70,68,52,66,50,50,52
M. Fraga,Miguel Ángel Fraga Licona,9/3/1987,31,182.88,83,GK,Mexico,71,71,1500000,10000,Right,1,3,1,Normal,,,,,,13,11,15,52,10,11,13,10,60,11,52,50,51,62,56,68,74,35,78,10,33,13,10,62,25,51,21,15,15
B. Başaçıkoğlu,Bilal Başaçıkoğlu,3/26/1995,23,172.72,69.9,"LW,LM,RW",Turkey,71,76,3200000,9000,Right,1,4,3,Normal,6600000,,,,,61,66,60,64,67,75,77,66,42,75,84,83,90,55,72,73,91,66,43,74,74,42,64,69,50,57,41,44,48
C. Bryson,Craig Bryson,11/6/1986,32,170.18,59.9,CM,Scotland,71,71,2000000,26000,Right,1,3,3,Normal,3900000,,,,,55,65,52,73,60,65,67,63,67,71,68,65,77,73,90,72,74,82,59,68,67,70,70,66,61,74,67,62,60
D. Andrade,Darwin Zamir Andrade Marmolejo,2/11/1991,28,172.72,69.9,LB,Colombia,71,71,2000000,2000,Left,1,3,3,Lean,2700000,,,,,70,44,59,64,23,64,30,30,67,63,78,82,75,67,74,56,70,83,60,23,73,68,55,29,37,69,64,71,70
E. Andersen,Eirik  Ulland Andersen,9/21/1992,26,154.94,73,LW,Norway,71,72,2800000,6000,Right,1,2,3,Normal,3700000,,,,,71,64,58,72,49,70,74,74,69,70,82,78,81,67,66,68,71,71,65,69,47,31,69,73,58,64,46,46,38
H. Dean,Harlee Dean,7/26/1991,27,190.5,74.8,CB,England,71,73,2400000,17000,Right,1,3,2,Normal,4700000,,,,,17,25,71,64,23,44,26,32,61,59,58,51,57,62,55,60,83,65,80,30,78,66,32,38,21,68,71,72,66
Edu Machado,Eduardo José Borges Machado,4/26/1990,28,175.26,69.9,RB,Portugal,71,71,1900000,6000,Right,1,2,3,Normal,3900000,,,,,63,34,64,57,33,68,64,38,30,71,70,74,72,75,75,71,72,75,62,36,76,69,58,37,45,61,68,75,75
E. Aguirre,Erick Germain Aguirre Tafolla,2/23/1997,22,172.72,66.2,"LM,CM",Mexico,71,82,4100000,14000,Right,1,3,3,Lean,7700000,,,,,70,41,55,72,42,68,45,41,70,70,88,87,78,66,78,72,68,79,66,67,67,67,60,68,55,64,64,67,60
N. Leiva,Matías Nahuel Leiva Esquivel,11/22/1996,22,175.26,76.2,"LM,RM",Spain,71,79,3500000,5000,Right,1,3,3,Normal,6300000,,,,,67,70,44,68,49,75,71,61,62,71,77,70,77,65,85,58,68,64,41,63,49,32,69,70,59,64,22,20,17
Tiago,Tiago Alves Sales,1/12/1993,26,154.94,72.1,"ST,LM,CAM",Brazil,71,72,2900000,8000,Left,2,4,3,Lean,3900000,,,,,73,71,54,73,63,72,80,70,70,72,84,80,71,64,69,71,72,63,67,71,46,48,73,66,71,64,49,34,32
K. Musona,Knowledge Musona,6/21/1990,28,172.72,71.2,"CF,LM,ST,CAM",Zimbabwe,71,71,2400000,15000,Right,1,4,3,Lean,,,,,,65,72,64,67,70,74,69,67,65,71,79,79,88,73,82,74,80,72,43,70,49,25,70,62,73,67,21,33,35
A. Gonçalves,Anthony Gonçalves,3/6/1986,33,152.4,78.9,"CM,RM",France,71,71,1800000,12000,Right,1,4,2,Normal,3600000,,,,,57,38,36,74,30,65,57,66,73,70,63,66,72,71,71,59,82,89,79,56,88,63,65,68,61,67,62,69,68
Torrejón,Marc Torrejón Moya,2/18/1986,33,187.96,88,CB,Spain,71,71,1400000,18000,Right,1,3,2,Stocky,2200000,,,,,42,23,71,60,49,48,43,52,58,52,37,46,50,70,44,59,55,50,81,31,76,71,29,51,46,76,72,73,71
C. Pinares,César Ignacio Pinares Tamayo,5/23/1991,27,175.26,73,"CAM,CM,LM",Chile,71,72,2700000,7000,Left,1,3,3,Stocky,4000000,,,,,60,61,37,67,43,73,74,73,66,72,80,81,84,62,74,76,57,74,72,72,36,57,73,69,63,68,30,25,35
R. Pucino,Raffaele Pucino,5/3/1991,27,182.88,73.9,"RB,CB,RM",Italy,71,72,2200000,3000,Right,1,3,3,Lean,3700000,,,,,70,42,62,68,41,67,45,58,66,63,70,73,81,67,76,55,67,81,66,41,70,68,42,35,62,67,67,72,73
P. Barrera,Pablo Edson Barrera Acosta,6/21/1987,31,152.4,72.1,RM,Mexico,71,71,2100000,14000,Right,1,4,3,Normal,3500000,,,,,70,64,50,68,60,70,67,64,65,71,78,76,76,65,64,70,68,70,71,64,65,48,68,67,67,68,34,51,37
Nascimentardo,Jonas Welson Orsi de Meneses,2/29/1988,31,170.18,66.2,"CAM,CF",Brazil,71,71,2200000,14000,Right,1,2,3,Normal,4100000,,,,,76,64,49,72,65,73,74,75,62,75,86,81,74,65,88,49,46,58,34,43,39,42,64,72,74,66,30,44,37
Heltinho Melo,Heltinho Melo Chaves,2/29/1984,35,175.26,68,"CAM,RB",Brazil,71,71,1200000,10000,Right,1,3,3,Normal,2300000,,,,,76,58,50,68,68,75,73,74,64,71,83,80,78,65,81,46,69,67,52,41,46,58,74,76,71,72,30,58,49
B. Koita,Bengali-Fodé Koita,10/21/1990,28,185.42,86.2,"ST,RM,LM",France,71,71,2500000,11000,Right,1,4,3,Normal,5100000,,,,,62,67,66,63,58,74,50,42,52,72,74,78,69,65,52,78,62,65,85,58,28,27,70,57,61,57,12,15,19
Canella,Roberto Canella Suárez,2/7/1988,31,152.4,73,LB,Spain,71,71,1700000,7000,Left,1,3,2,Normal,2700000,,,,,73,44,56,69,48,61,70,58,66,67,70,72,71,76,69,59,77,73,74,49,75,76,49,55,57,67,69,68,65
K. Lee,Kieran Lee,6/22/1988,30,152.4,76.2,CM,England,71,71,2200000,18000,Right,1,3,3,Lean,4200000,,,,,67,65,59,74,60,68,63,27,68,72,70,69,65,67,77,53,72,81,60,50,58,64,69,72,59,68,60,68,64
R. Mphahlele,Ramahlwe Mphahlele,2/1/1990,29,185.42,79.8,"RB,CB,RWB",South Africa,71,71,1900000,1000,Right,1,3,3,Normal,4100000,South Africa,71,RB,22,68,24,63,64,32,64,45,42,67,72,74,72,59,59,69,32,63,73,71,49,39,69,59,49,36,74,73,77,73
K. Müller,Kevin Müller,3/15/1991,27,190.5,89.8,GK,Germany,71,72,1800000,7000,Right,1,3,1,Stocky,3100000,,,,,12,13,13,21,11,17,13,16,20,18,49,46,48,69,43,18,67,31,76,15,41,20,11,10,20,52,12,10,10
J. Cuero,Jefferson Cuero Castro,5/15/1988,30,175.26,69.9,"LM,RM",Colombia,71,71,2200000,2000,Left,1,2,3,Lean,,,,,,68,65,65,65,59,67,56,29,58,66,91,90,86,68,76,71,69,77,59,63,31,50,67,65,58,66,48,32,35
J. Wallace,Jed Wallace,3/26/1994,24,152.4,69.9,RM,England,71,74,3000000,9000,Right,1,4,3,Normal,5900000,,,,,73,64,46,68,53,71,67,60,66,70,77,78,74,68,73,64,68,78,61,67,56,40,64,70,62,64,45,47,43
J. Sánchez,Jesús Enrique Sánchez García,8/31/1989,29,167.64,68,"RB,RM",Mexico,71,71,1900000,22000,Right,1,3,3,Lean,3200000,,,,,72,52,60,70,58,72,60,52,65,71,83,82,81,60,83,65,74,69,57,57,70,66,63,41,60,55,69,70,74
S. Guirassy,Serhou Guirassy,3/12/1996,22,187.96,82.1,"ST,LW,RW",France,71,79,3500000,13000,Right,1,3,4,Normal,,,,,,54,71,69,66,64,74,56,67,47,75,71,74,68,60,66,72,73,58,77,56,70,29,71,59,56,64,37,29,34
L. Agbenyenu,Lumor Agbenyenu,8/10/1996,22,175.26,69.9,"LB,LW",Ghana,71,79,3000000,6000,Left,1,3,2,Normal,,,,,,66,45,59,66,34,69,58,22,55,67,78,84,77,73,75,52,86,78,65,45,75,66,63,53,34,54,70,72,68
J. Harrison,Jack Harrison,11/20/1996,22,175.26,69.9,"RM,RW,LM",England,71,80,3700000,43000,Left,1,2,3,Normal,,,,,,67,66,43,66,59,74,69,56,60,70,86,78,80,65,77,67,61,77,60,56,59,36,68,62,64,63,37,39,48
S. Schwab,Stefan Schwab,9/27/1990,28,182.88,78,"CDM,CM",Austria,71,72,2200000,11000,Left,1,4,3,Stocky,3500000,,,,,67,63,69,71,64,66,65,60,76,72,68,73,65,69,68,68,66,84,84,69,70,63,62,73,65,69,67,63,65
D. Burn,Dan Burn,5/9/1992,26,198.12,87.1,CB,England,71,73,2400000,25000,Left,1,3,2,Lean,4700000,,,,,43,25,73,59,22,47,48,46,60,53,42,44,31,65,26,53,55,63,89,29,72,67,37,49,48,62,72,69,69
M. Correia,Marcel Correia,5/16/1989,29,185.42,81.2,CB,Portugal,71,71,1800000,8000,Right,1,4,2,Normal,2900000,,,,,63,38,67,68,25,58,48,33,61,67,62,64,63,68,58,44,79,62,76,33,67,72,42,59,37,68,70,69,66
Marlion Rolim,Marlion Rômulo Rolim Nascimento,2/29/1992,27,175.26,69.9,CAM,Brazil,71,71,2500000,18000,Right,1,3,3,Normal,4800000,,,,,58,70,54,68,59,64,62,41,65,73,62,71,72,75,78,58,44,52,54,68,60,65,74,71,55,76,34,52,46
S. Michel,Sven Michel,7/15/1990,28,152.4,78.9,"ST,LM",Germany,71,71,2500000,10000,Left,1,3,3,Normal,3900000,,,,,63,74,51,64,64,68,66,59,53,67,90,81,77,70,74,76,73,77,64,64,68,20,71,58,56,67,28,25,22
P. Olkowski,Paweł Olkowski,2/13/1990,29,182.88,76.2,"RB,RWB",Poland,71,71,1900000,8000,Right,1,2,3,Normal,3500000,,,,,68,49,55,68,56,71,53,36,58,68,74,78,73,70,65,67,61,81,72,65,68,66,64,60,47,67,65,72,67
G. Loria,Giorgi Loria,1/27/1986,33,198.12,84.8,GK,Georgia,71,71,1400000,8000,Right,1,2,1,Lean,2100000,,,,,26,22,34,36,24,27,25,17,46,29,50,54,53,68,44,19,68,26,75,22,33,22,11,55,26,50,15,22,24
Javi Castellano,Javier Castellano Betancor,11/2/1987,31,182.88,73,"CDM,CM",Spain,71,71,1800000,7000,Right,1,3,2,Normal,2800000,,,,,49,34,66,76,33,46,43,40,71,66,57,40,62,59,48,52,50,68,72,44,76,74,39,65,44,62,66,74,68
M. Fouzair,Mohamed Fouzair,12/24/1991,27,167.64,68.9,"RM,CAM",Morocco,71,71,2500000,23000,Right,1,4,3,Normal,,,,,,64,60,34,68,47,73,66,67,65,72,81,83,74,64,71,59,51,75,61,59,49,25,65,65,54,63,20,30,22
C. Yambéré,Cédric Yambéré,11/6/1990,28,190.5,83.9,CB,Central African Rep.,71,73,2300000,9000,Right,1,3,2,Stocky,4800000,,,,,30,28,70,66,34,55,28,28,52,56,67,54,34,60,51,40,74,61,80,21,73,67,50,43,34,60,71,73,66
B. Sanneh,Bubacarr Sanneh,11/14/1994,24,182.88,74.8,CB,Gambia,71,78,2800000,10000,Right,1,3,2,Normal,4800000,,,,,36,43,76,59,43,52,27,29,50,63,73,73,68,58,66,54,81,71,79,33,72,66,54,43,31,71,68,71,66
H. Reed,Harrison Reed,1/27/1995,24,175.26,72.1,"CDM,RM,RB",England,71,78,2800000,22000,Right,1,3,3,Normal,,,,,,71,50,46,74,40,65,63,61,66,68,67,62,76,62,85,65,59,74,60,61,81,71,60,70,49,70,71,70,68
Fernando,Fernando Dos Santos Pedro,3/1/1999,20,175.26,72.1,LM,Brazil,71,85,5000000,1000,Right,1,3,3,Lean,13600000,,,,,62,64,36,66,38,78,64,38,42,76,87,85,79,72,77,58,43,54,42,66,34,18,65,66,48,63,26,27,29
S. Plavšić,Srdjan Plavšić,12/3/1995,23,165.1,59.9,"RM,LM",Serbia,71,77,3200000,1000,Left,1,3,3,Lean,7800000,,,,,67,58,43,67,46,74,71,64,57,71,88,82,89,67,89,76,84,72,45,67,70,27,66,65,54,73,26,23,22
J. Morrison,James  Morrison,5/25/1986,32,152.4,64,"CAM,CM",Scotland,71,71,1800000,21000,Right,2,3,3,Lean,3500000,,,,,76,70,63,74,80,71,64,60,70,74,59,54,66,68,77,80,51,60,61,73,69,59,67,71,69,74,53,63,65
D. Machado,Deiver Machado,9/2/1993,25,172.72,62.1,"LB,LM",Colombia,71,75,2600000,11000,Left,1,3,3,Normal,,Atlético Nacional,71,LB,15,69,55,63,69,41,72,38,32,60,69,78,83,73,64,80,55,81,77,60,54,65,65,68,64,57,67,70,69,68
P. Díaz,Paulo César Díaz Huincales,8/25/1994,24,154.94,69.9,"CB,RB,LB",Chile,71,78,2800000,18000,Right,1,3,2,Normal,5400000,,,,,68,37,71,66,27,62,39,41,71,67,77,79,64,69,45,49,85,76,77,43,61,71,51,55,49,64,62,74,73
A. Khalili,Abdul Rahman Khalili,6/7/1992,26,182.88,77.1,"CAM,CM,CDM",Sweden,71,74,2900000,10000,Right,1,2,3,Lean,6100000,,,,,63,66,51,72,63,72,70,76,68,74,69,72,67,69,74,70,58,77,70,68,63,70,58,70,54,68,71,63,54
K. Kerschbaumer,Konstantin Kerschbaumer,7/1/1992,26,154.94,77.1,"CM,CDM,LM",Austria,71,72,2700000,17000,Right,1,4,3,Normal,4600000,,,,,59,63,48,74,48,66,58,63,68,69,69,75,72,68,71,72,66,87,70,68,75,65,68,73,55,73,62,66,54
S. Medojević,Slobodan Medojević,11/20/1990,28,182.88,78,CDM,Serbia,71,71,2000000,12000,Right,2,3,2,Normal,3200000,,,,,58,38,71,67,39,61,44,43,69,69,67,65,66,66,66,65,70,68,75,47,76,70,56,55,50,67,73,74,69
G. Berardi,Gaetano Berardi,8/21/1988,30,152.4,72.1,"RB,CB,LB",Switzerland,71,71,1800000,25000,Right,1,2,2,Normal,3400000,,,,,61,26,57,65,36,60,54,42,57,64,77,74,71,70,70,60,84,82,71,43,90,72,56,55,40,69,71,73,69
Thiago Santana,Thiago Santos Santana,2/4/1993,26,182.88,78.9,ST,Brazil,71,73,2900000,5000,Left,1,4,3,Normal,6400000,,,,,40,71,68,67,72,67,64,43,48,70,67,69,67,72,63,71,73,68,77,64,56,20,72,54,72,68,21,20,13
M. Maloča,Mario Maloča,5/4/1989,29,190.5,78,CB,Croatia,71,71,1800000,7000,Right,1,2,2,Normal,2900000,,,,,49,40,74,52,23,30,13,36,36,42,65,71,61,66,69,40,74,71,83,27,78,69,25,31,52,70,72,72,66
Negueba,Guilherme Ferreira Pinto,4/7/1992,26,152.4,64.9,"RM,CM,LM",Brazil,71,72,2800000,6000,Right,1,3,4,Lean,3700000,,,,,66,64,59,68,58,75,61,53,61,70,83,88,87,63,76,64,73,69,46,56,61,43,62,61,61,67,43,29,21
S. Malone,Scott Malone,3/25/1991,27,187.96,74.8,LB,England,71,72,2200000,24000,Left,1,3,3,Lean,4300000,,,,,75,57,57,67,54,74,40,63,64,68,69,77,70,71,65,69,71,75,69,65,65,71,64,55,64,63,64,69,69
J. Cooper,Jake Cooper,2/3/1995,24,193.04,84.8,CB,England,71,75,2600000,8000,Left,1,2,2,Lean,5100000,,,,,27,29,80,57,32,45,27,28,60,56,52,55,43,67,53,42,77,72,80,22,65,70,33,50,41,51,71,70,70
H. Abe,阿部 浩之,7/5/1989,29,170.18,68.9,"LM,CAM,RM,CF",Japan,71,71,2400000,7000,Right,1,5,3,Normal,3100000,,,,,67,71,39,68,45,67,41,34,64,72,77,77,79,70,77,60,36,69,57,47,29,31,70,71,60,57,36,32,24
Raúl Lizoain,Raúl Lizoáin Cruz,1/27/1991,28,185.42,83,GK,Spain,71,72,1800000,5000,Left,1,2,1,Normal,3100000,,,,,11,12,15,15,14,12,13,16,22,15,47,55,67,66,58,25,70,42,52,12,24,20,14,44,24,53,14,14,13
K. Lafferty,Kyle Lafferty,9/16/1987,31,193.04,88,"ST,LM",Northern Ireland,71,71,2300000,33000,Right,1,4,3,Lean,4100000,Northern Ireland,71,SUB,10,57,71,75,63,74,65,57,75,45,66,66,67,63,72,71,75,80,70,79,67,82,17,68,67,74,69,24,34,38
Wiliam Santinho,Wiliam Carlos Santoso Sampaio,2/29/1984,35,195.58,91.2,GK,Brazil,71,71,950000,13000,Right,1,2,1,Normal,1800000,,,,,8,8,10,20,9,9,8,17,16,21,37,34,21,61,20,21,62,31,85,7,44,28,23,63,14,54,18,13,12
T. Beugelsdijk,Tom Beugelsdijk,8/7/1990,28,193.04,78.9,CB,Netherlands,71,71,2000000,6000,Right,1,3,3,Normal,3000000,,,,,31,34,73,60,32,41,35,30,51,55,48,47,34,62,32,56,72,64,81,33,85,65,36,40,44,65,70,73,70
F. Gulbrandsen,Fredrik Gulbrandsen,9/10/1992,26,175.26,78.9,ST,Norway,71,73,2900000,23000,Right,1,3,3,Normal,4600000,,,,,58,72,52,69,67,72,68,53,43,73,89,87,85,67,78,72,84,86,72,62,73,43,66,43,52,63,39,29,19
L. Bruins,Luigi Bruins,3/9/1987,32,154.94,74.8,"LM,CAM",Netherlands,71,71,2100000,5000,Right,1,4,4,Normal,3000000,,,,,71,67,56,72,69,74,73,75,70,75,55,65,70,67,54,69,73,64,62,70,62,62,70,74,73,72,60,60,55
R. Oshima,大島 僚太,1/23/1993,26,167.64,64,"CDM,CM",Japan,71,73,2400000,6000,Right,1,4,3,Lean,3300000,,,,,63,60,34,75,70,70,76,61,68,75,87,78,84,73,86,75,75,80,54,74,60,72,66,73,64,73,65,70,56
Álvaro,Álvaro Vázquez García,4/27/1991,27,182.88,78,"ST,LM,RM",Spain,71,72,2800000,18000,Right,1,3,3,Normal,,,,,,59,74,67,62,69,69,63,54,60,68,72,73,69,65,70,73,73,66,73,70,62,33,73,60,70,59,45,39,25
M. Al Buraik,Mohammed Al Buraik,9/15/1992,26,172.72,58.1,RB,Saudi Arabia,71,73,2400000,20000,Right,1,3,3,Normal,4200000,,,,,76,62,51,66,43,69,67,67,68,70,78,85,65,66,75,64,77,83,68,50,58,63,72,69,55,63,65,67,69
Raphael Rossi,Raphael Rossi Branco,7/25/1990,28,187.96,83.9,CB,Brazil,71,72,2200000,18000,Right,1,1,2,Normal,3400000,,,,,38,37,79,58,33,46,37,22,42,52,55,47,52,70,48,33,76,56,88,35,75,72,39,41,37,68,55,74,69
G. Litteri,Gianluca Litteri,6/6/1988,30,185.42,82.1,ST,Italy,71,71,2300000,3000,Right,1,3,2,Normal,3500000,,,,,28,72,75,60,61,59,61,59,48,68,78,79,67,63,44,66,85,78,92,52,45,17,70,53,65,71,28,14,12
M. Rodríguez,Matías Nicolás Rodríguez,4/14/1986,32,152.4,74.8,RB,Argentina,71,71,1300000,8000,Right,1,3,3,Lean,1800000,,,,,69,54,69,66,45,68,51,53,64,73,73,76,72,67,67,71,60,78,68,62,75,68,73,59,68,61,65,68,72
C. Gülselam,Ceyhun Gülselam,12/25/1987,31,193.04,88,"CDM,CM",Turkey,71,71,1800000,9000,Right,1,3,2,Normal,3500000,,,,,40,47,80,68,49,57,22,66,63,64,52,53,54,72,45,83,48,69,90,75,72,74,48,59,36,54,74,74,70
M. Le Bihan,Mickaël Le Bihan,5/16/1990,28,182.88,79.8,ST,France,71,71,2400000,22000,Right,1,3,3,Normal,4600000,,,,,56,75,70,55,67,71,50,59,54,71,66,59,68,69,64,68,78,55,78,60,67,56,77,60,49,67,45,40,39
R. Bajić,Rijad Bajić,5/6/1994,24,187.96,79.8,ST,Bosnia Herzegovina,71,76,3200000,16000,Left,1,3,3,Normal,,,,,,45,74,72,64,62,66,65,68,40,72,66,62,69,60,42,72,44,67,80,58,30,18,76,50,67,68,19,18,16
F. Navarro,Fernando Navarro Morán,4/18/1989,29,165.1,62.1,RB,Mexico,71,71,1800000,18000,Right,1,2,3,Lean,3000000,,,,,68,50,43,67,39,66,60,57,63,68,85,85,79,62,87,68,89,81,56,67,61,69,65,56,64,70,64,72,72
B. Drągowski,Bartłomiej Drągowski,8/19/1997,21,187.96,73.9,GK,Poland,71,82,3200000,15000,Right,1,2,1,Lean,,,,,,19,12,13,35,12,20,12,20,32,18,46,42,33,72,54,18,57,34,56,18,19,21,15,62,21,65,20,16,16
D. Bentley,Daniel Bentley,7/13/1993,25,187.96,72.1,GK,England,71,76,2300000,16000,Right,1,3,1,Normal,4500000,,,,,18,11,11,44,13,17,12,12,23,30,46,43,51,65,41,38,74,31,68,13,24,22,12,47,22,55,30,11,13
Juninho,Vitor Gomes Pereira Júnior,1/8/1989,30,170.18,67.1,"CM,CDM",Brazil,71,71,2300000,6000,Right,1,3,3,Normal,3400000,,,,,70,57,51,77,57,69,70,71,69,71,71,68,75,66,83,81,69,76,60,78,64,69,66,64,70,73,67,66,65
Kadu,Ricardo Martins de Araújo,7/20/1986,32,187.96,79.8,CB,Brazil,71,71,1600000,14000,Right,1,2,2,Normal,3200000,,,,,28,19,72,59,23,26,27,37,35,49,54,54,66,65,58,47,76,58,78,27,71,74,31,25,42,65,71,72,72
Rafa Mir,Rafael Mir Vicente,6/18/1997,21,190.5,86.2,"ST,RM,CAM,LM",Spain,71,82,4100000,31000,Right,1,2,3,Normal,,,,,,64,72,74,62,65,65,59,41,52,70,69,75,63,65,62,72,75,67,73,66,49,39,69,59,74,64,42,41,35
M. Autret,Mathias Autret,3/1/1991,28,175.26,71.2,"CAM,CM",France,71,71,2500000,6000,Left,1,3,3,Normal,4500000,,,,,67,68,48,72,56,74,63,62,66,72,73,73,76,69,75,72,50,68,65,65,49,53,66,67,62,64,26,49,40
A. Diomande,Adama Valentin Diomande,2/14/1990,29,154.94,81.2,"ST,LM",Norway,71,71,2400000,7000,Right,1,3,3,Stocky,3700000,,,,,45,71,68,56,64,65,56,35,43,68,78,76,78,67,70,72,83,72,86,63,68,33,68,53,66,62,27,20,16
B. Jeannot,Benjamin Jeannot,1/22/1992,27,182.88,78,ST,France,71,72,2800000,11000,Right,1,3,3,Normal,5900000,,,,,50,73,66,64,70,64,50,49,58,71,66,63,71,73,64,72,68,53,65,70,53,31,73,56,70,68,31,19,19
Z. Kuzmanović,Zdravko Kuzmanović,9/22/1987,31,185.42,79.8,"CM,CDM",Serbia,71,71,2200000,17000,Right,2,3,3,Normal,3300000,,,,,63,58,67,70,58,64,65,68,74,71,37,34,52,70,59,78,68,62,78,75,68,72,60,75,69,65,72,69,69
D. Lemos,Damián Oscar Lemos,1/31/1989,30,152.4,82.1,"CDM,CM",Argentina,71,71,1800000,10000,Right,1,3,2,Normal,2700000,,,,,56,37,72,64,31,60,60,53,66,62,62,68,66,74,57,46,77,87,75,36,84,73,50,56,51,67,70,72,74
D. Barbona,David Matías Barbona,2/22/1995,24,182.88,81.2,"LM,RM,CM,CAM",Argentina,71,76,3200000,7000,Right,1,4,3,Normal,5000000,,,,,69,64,45,67,60,74,60,62,65,69,79,85,76,65,77,67,69,70,66,58,44,26,67,65,59,54,45,40,38
F. Erpen,Facundo Adrián Erpen,5/19/1983,35,154.94,78,CB,Argentina,71,71,550000,7000,Right,1,3,2,Normal,798000,,,,,53,48,74,62,47,46,39,49,57,63,50,34,43,65,50,70,76,67,80,60,74,68,23,51,47,67,68,70,69
S. Andersson,Sebastian Andersson,7/15/1991,27,190.5,84.8,ST,Sweden,71,72,2800000,21000,Right,1,2,2,Lean,4700000,,,,,28,73,79,60,65,64,38,42,31,68,64,70,57,69,55,69,62,77,78,53,71,22,76,59,60,61,19,17,20
M. Hector,Michael Hector,7/19/1992,26,193.04,82.1,CB,Jamaica,71,74,2500000,16000,Right,1,3,2,Lean,4900000,,,,,35,40,73,62,31,60,32,30,58,59,57,70,54,63,44,68,67,66,79,44,79,68,49,52,51,61,67,75,67
G. Molins,Guillermo Federico Molins Palmeiro,9/26/1988,30,185.42,83,ST,Sweden,71,71,2400000,6000,Right,1,3,3,Normal,3100000,,,,,63,69,56,68,67,72,65,60,56,73,69,72,67,70,62,76,34,66,81,69,60,33,74,71,70,74,52,42,37
L. Jutkiewicz,Lukas Jutkiewicz,3/28/1989,29,185.42,77.1,ST,England,71,71,2400000,21000,Left,1,4,3,Normal,4500000,,,,,58,69,80,59,63,63,53,52,51,70,56,64,55,70,66,74,83,70,85,60,72,33,72,71,76,67,58,32,26
Silvosinho,Thomas Nicolas Silva Rangel,2/29/1984,35,152.4,73,"RB,RM,RWB",Brazil,71,71,675000,11000,Right,1,3,2,Normal,1300000,,,,,75,46,75,69,42,43,43,68,63,76,76,59,60,71,75,65,69,76,60,64,72,62,51,45,63,68,72,63,76
K. Balanta,Kevin Balanta,4/28/1997,21,152.4,73,"CDM,CM",Colombia,71,83,3800000,2000,Right,1,3,2,Normal,,,,,,38,42,70,69,36,58,36,37,71,70,68,66,73,73,64,64,78,87,75,58,81,66,60,58,43,57,73,69,57
V. Muriqi,Vedat Muriqi,4/24/1994,24,193.04,86.2,ST,Kosovo,71,77,3300000,9000,Left,1,4,3,Lean,7200000,,,,,35,71,76,64,61,66,58,30,42,69,53,69,49,61,42,75,54,72,88,66,51,18,74,60,67,54,20,25,22
F. Márquez,Fernando Márquez,12/10/1987,31,182.88,86.2,"ST,LM",Argentina,71,71,2300000,10000,Right,1,3,3,Normal,3400000,,,,,41,73,69,68,56,68,41,33,60,69,73,79,72,66,59,73,80,77,83,70,48,23,65,67,68,66,28,32,32
H. Van Der Bruggen,Hannes Van Der Bruggen,4/1/1993,25,154.94,73.9,"CM,CDM",Belgium,71,74,2900000,9000,Right,1,4,3,Lean,4600000,,,,,67,54,60,72,63,64,68,65,71,71,57,54,69,69,67,73,58,78,63,68,66,71,68,72,58,73,66,64,63
L. Nielsen,Lasse Nielsen,1/8/1988,31,185.42,73.9,CB,Denmark,71,71,1800000,5000,Right,1,3,2,Normal,2300000,,,,,54,25,57,59,41,50,49,41,61,57,68,81,62,68,55,48,81,67,77,31,87,68,38,52,38,67,69,72,66
A. Mac Allister,Alexis Mac Allister,12/24/1998,20,175.26,69.9,"CM,CAM",Argentina,71,85,5000000,13000,Right,1,3,3,Normal,,,,,,69,71,59,73,58,73,69,75,71,74,70,69,68,69,71,71,63,69,58,74,51,45,72,76,74,71,65,54,51
Jonas,Jonas Gomes de Sousa,10/8/1991,27,185.42,82.1,CDM,Brazil,71,72,2300000,21000,Right,1,2,2,Normal,4100000,,,,,46,35,56,74,39,54,48,49,58,60,60,61,54,75,61,73,70,72,74,67,87,77,37,42,49,59,70,75,68
Defendi,Rodrigo Defendi,6/16/1986,32,190.5,83.9,CB,Brazil,71,71,1400000,8000,Left,1,3,2,Lean,2900000,,,,,32,26,77,59,24,38,28,36,51,61,39,36,49,68,44,35,56,51,81,32,72,73,32,45,33,66,70,71,62
L. Quintana,Luis Quintana,2/3/1992,27,152.4,73.9,CB,Mexico,71,74,2500000,13000,Right,1,3,2,Normal,4400000,,,,,40,41,65,64,35,62,24,42,60,67,56,55,64,64,57,49,87,76,78,43,70,67,27,52,31,58,67,73,72
Dorca,Albert Dorca Masó,12/23/1982,36,182.88,76.2,"CDM,CM",Spain,71,71,550000,5000,Left,1,3,2,Normal,880000,,,,,67,56,61,69,34,58,46,41,66,70,49,29,64,67,58,71,70,77,81,65,77,74,51,66,51,80,67,69,59
E. Prib,Edgar Prib,12/15/1989,29,154.94,77.1,"LM,LB,CM",Russia,71,71,2400000,21000,Left,2,3,3,Normal,4100000,,,,,73,61,55,72,63,73,71,68,67,73,70,68,68,67,72,74,71,60,67,76,63,66,69,70,57,65,70,66,66
Yeom Ki Hun,염기훈 廉基勋,3/30/1983,35,182.88,78,"RW,LW",Korea Republic,71,71,1000000,5000,Left,2,3,3,Normal,1300000,,,,,74,70,68,73,69,71,77,78,71,72,67,62,69,73,70,74,67,67,77,71,57,63,75,77,72,73,46,23,22
Bremer,Gleison Bremer Silva Nascimento,3/18/1997,21,182.88,79.8,CB,Brazil,71,80,3200000,16000,Right,1,2,2,Normal,6100000,,,,,34,35,75,66,33,55,28,20,54,60,64,67,62,68,59,49,75,54,78,21,72,70,28,36,43,64,68,70,69
Rodrigo,Rodrigo Alves Soares,12/26/1992,26,175.26,72.1,RB,Brazil,71,74,2400000,7000,Right,1,2,3,Normal,5300000,,,,,71,36,56,69,44,70,71,70,60,71,73,72,74,69,73,75,63,78,70,62,66,69,50,52,67,63,64,70,68
J. Attamah,Joseph Attamah,5/22/1994,24,154.94,79.8,"CB,CDM",Ghana,71,74,2500000,12000,Right,1,2,2,Lean,5000000,,,,,33,27,66,69,60,51,36,32,66,55,70,69,58,65,64,69,78,77,78,61,59,70,32,67,42,60,68,76,69
Álvaro Lemos,Álvaro Lemos Collazo,3/30/1993,25,175.26,76.2,"RB,RWB,LB",Spain,71,74,2400000,7000,Right,1,3,3,Normal,4100000,,,,,70,57,62,67,55,68,65,55,59,68,81,77,74,67,80,59,74,79,66,59,59,68,63,63,59,67,68,67,67
J. Meram,Justin Meram,12/4/1988,30,185.42,74.8,LM,Iraq,71,71,2300000,6000,Right,1,4,3,Lean,3500000,,,,,66,68,59,70,64,76,78,66,56,68,79,65,87,71,65,75,63,74,64,69,67,61,70,69,65,72,60,66,59
Renato Neto,Renato Neto Cardoso Porto,9/27/1991,27,185.42,83,CM,Brazil,71,72,2700000,13000,Right,1,3,3,Normal,4300000,,,,,68,53,74,74,60,67,63,66,76,72,46,48,53,64,51,82,48,48,86,72,81,72,72,70,74,75,74,73,65
Alexandre Guedes,Alexandre Garcia Guedes,2/11/1994,25,185.42,77.1,ST,Portugal,71,76,3200000,7000,Right,1,3,3,Normal,7000000,,,,,58,71,72,68,65,69,45,27,61,72,65,68,68,66,60,75,73,70,75,59,54,14,72,47,56,70,24,10,15
E. García,Emmanuel García,12/28/1989,29,167.64,67.1,LB,Mexico,71,71,1900000,18000,Right,1,5,3,Normal,3200000,,,,,66,41,56,65,41,69,64,58,60,69,75,75,88,61,81,67,75,90,57,67,56,82,53,48,58,66,65,67,66
A. Ateef,Abdullah Ateef,8/3/1992,26,175.26,63,"CDM,CM",Saudi Arabia,71,74,2500000,20000,Right,1,3,2,Lean,4400000,,,,,70,45,47,75,34,62,55,53,77,75,53,45,62,69,54,49,72,69,65,51,58,69,74,78,58,76,70,69,58
N. Bitton,Nir Bitton,10/30/1991,27,193.04,83.9,"CDM,CB",Israel,71,72,2300000,28000,Right,1,3,3,Lean,4300000,,,,,50,35,68,72,40,67,43,48,72,69,45,58,50,60,50,72,62,72,78,64,70,71,48,66,46,76,67,73,70
S. Thern,Simon Thern,9/18/1992,26,154.94,76.2,CM,Sweden,71,73,2800000,5000,Right,1,4,3,Lean,3800000,,,,,54,62,44,72,68,70,74,59,69,71,82,80,76,68,77,66,36,83,64,74,67,66,64,73,53,68,60,61,61
N. Katić,Nikola Katić,10/10/1996,22,193.04,79.8,CB,Croatia,71,82,3600000,20000,Right,1,2,2,Normal,7200000,,,,,29,27,69,60,26,56,27,26,56,61,73,72,57,63,56,43,76,68,78,37,77,68,28,35,33,67,67,72,73
O. Haddadi,Oussama Haddadi,1/28/1992,27,182.88,84.8,"LB,CB,LWB",Tunisia,71,72,2300000,9000,Left,1,3,3,Normal,4700000,,,,,68,34,70,69,42,64,55,34,57,68,67,54,55,70,58,47,65,69,71,34,71,71,55,54,41,65,71,76,75
H. Choudhury,Hamza Choudhury,10/1/1997,21,152.4,64,"CDM,CM",England,71,80,3200000,24000,Right,1,3,2,Lean,6700000,,,,,43,37,64,73,42,61,47,51,65,67,73,71,70,65,71,69,69,73,69,38,77,72,51,56,55,67,73,72,74
M. Jedinák,Mile Jedinák,8/3/1984,34,187.96,78,"CDM,CB",Australia,71,71,950000,12000,Right,1,3,2,Normal,1800000,,,,,59,59,71,66,63,55,59,75,65,68,43,47,47,70,63,78,57,61,82,71,81,76,52,64,88,73,75,73,66
D. Benlamri,Djamel Eddine Benlamri,12/25/1989,29,185.42,83,"CB,RB,CDM",Algeria,71,72,2200000,20000,Right,1,2,2,Normal,3800000,,,,,45,24,72,69,23,44,25,27,64,58,56,64,51,63,55,36,78,69,91,27,68,63,36,33,34,67,71,72,65
S. Palacios,Sebastián Palacios,1/20/1992,27,170.18,68.9,"RM,ST,RW",Argentina,71,71,2500000,18000,Right,1,3,3,Normal,,,,,,62,66,53,65,62,74,62,45,60,68,88,89,92,68,88,73,73,71,60,65,65,47,70,62,53,70,19,32,34
M. Al Owais,Mohammed Khalil Al Owais,10/10/1991,27,187.96,78.9,GK,Saudi Arabia,71,73,2000000,17000,Left,1,3,1,Lean,3500000,,,,,14,20,20,25,12,14,16,16,23,17,41,49,37,68,61,18,74,35,62,12,17,24,10,66,19,57,13,20,13
O. Rashid,Osama Rashid,1/13/1992,27,175.26,67.1,CM,Iraq,71,71,2500000,4000,Right,1,3,3,Lean,5200000,,,,,66,61,45,74,63,72,80,77,73,73,69,70,72,65,77,72,54,70,57,71,57,58,63,72,59,73,64,66,32
G. Thorne,George Thorne,1/4/1993,26,187.96,83.9,CDM,England,71,75,2600000,23000,Right,1,3,3,Normal,,,,,,59,59,62,74,62,64,56,51,74,68,54,55,57,72,61,67,64,65,76,65,66,66,55,69,50,73,68,72,67
A. Pešić,Aleksandar Pešić,5/21/1992,26,190.5,79.8,ST,Serbia,70,73,2200000,22000,Right,1,3,3,Normal,,,,,,58,67,70,71,68,67,56,55,49,68,65,51,62,66,44,77,74,71,82,65,73,30,71,66,67,71,54,48,46
S. Berahino,Saido Berahino,8/4/1993,25,154.94,82.1,"ST,CAM",Burundi,70,75,2400000,22000,Right,2,4,3,Normal,4800000,,,,,47,71,64,62,67,70,62,61,55,72,75,72,64,67,71,74,55,64,67,65,43,33,70,53,71,67,20,18,23
R. Bianco,Raffaele Bianco,8/25/1987,31,154.94,79.8,"CM,CDM",Italy,70,70,1600000,3000,Right,1,3,3,Lean,2600000,,,,,56,50,60,74,42,63,69,69,73,71,72,71,76,67,76,66,70,76,72,61,70,69,63,69,73,68,65,67,64
N. Sarenren Bazee,Noah Joel Sarenren Bazee,8/21/1996,22,182.88,69.9,RM,Nigeria,70,78,2600000,13000,Right,1,3,3,Lean,5000000,,,,,70,63,53,68,55,75,64,42,52,69,86,88,79,63,74,64,66,58,53,53,37,31,62,57,52,58,17,26,29
J. Böðvarsson,Jón Daði Böðvarsson,5/25/1992,26,190.5,84.8,ST,Iceland,70,72,2200000,20000,Right,1,4,3,Lean,4300000,Iceland,72,SUB,22,59,68,68,63,63,67,63,56,61,72,68,76,62,69,61,65,66,82,80,63,54,22,70,62,62,62,37,38,36
C. De Norre,Casper De Norre,2/7/1997,22,175.26,72.1,"LB,LWB,LM",Belgium,71,78,2800000,7000,Right,1,4,3,Normal,4800000,,,,,70,60,46,70,56,72,70,47,64,72,82,78,71,67,79,73,80,80,63,62,70,68,72,58,51,61,66,69,71
S. Maguire,Sean Maguire,5/1/1994,24,175.26,68,"ST,LM",Republic of Ireland,71,78,3400000,10000,Right,1,3,3,Lean,7100000,Republic of Ireland,74,SUB,10,48,72,67,58,56,73,36,33,40,71,93,91,88,64,85,63,70,76,65,53,52,28,73,62,66,67,50,28,22
L. Lollo,Lorenzo Lollo,12/8/1990,28,154.94,74.8,"CM,CF",Italy,71,71,2400000,10000,Right,1,3,3,Normal,,,,,,69,57,59,73,57,71,69,59,69,73,78,79,74,69,76,63,78,84,76,67,71,59,69,69,59,69,63,59,55
Luso,Luis Eduardo Delgado Pacheco,12/4/1984,34,182.88,74.8,"CB,CDM,CM",Spain,71,71,950000,5000,Right,1,3,2,Lean,1500000,,,,,62,49,53,69,39,55,61,60,66,67,64,66,75,67,62,73,80,74,77,52,81,74,57,58,63,59,67,74,70
A. Kolomeytsev,Aleksandr Kolomeytsev,2/21/1989,30,182.88,78,"CDM,CAM",Russia,71,71,1800000,1000,Right,1,2,3,Normal,3900000,,,,,63,67,71,77,58,69,47,67,73,72,58,68,62,67,62,76,70,70,76,75,55,69,64,73,45,70,67,68,58
J. Siebenhandl,Jörg Siebenhandl,1/18/1990,29,182.88,81.2,GK,Austria,71,72,1900000,11000,Left,1,4,1,Normal,2900000,,,,,13,11,14,31,10,13,21,10,20,30,45,48,61,67,59,33,80,38,66,17,22,22,13,48,15,28,22,24,23
S. Downing,Stewart Downing,7/22/1984,34,154.94,64,"LM,LW,RW",England,71,71,1400000,32000,Left,2,3,3,Lean,2700000,,,,,74,64,62,73,70,68,80,72,74,75,64,64,72,68,73,74,42,70,63,72,36,42,70,74,68,68,45,26,36
O. Pérez,Óscar Pérez Rojas,2/1/1973,46,172.72,72.1,GK,Mexico,71,71,160000,8000,Right,2,3,1,Stocky,272000,,,,,19,14,24,26,13,12,12,20,27,23,60,57,69,72,69,24,85,41,66,18,26,12,12,40,23,62,23,12,11
P. Klingmann,Philipp Klingmann,4/22/1988,30,154.94,78.9,"RB,RWB",Germany,71,71,1700000,5000,Right,1,3,3,Normal,2700000,,,,,72,51,64,70,51,63,51,62,64,68,67,65,63,70,65,73,71,78,74,65,63,70,55,55,47,62,73,72,70
L. Mancuso,Leonardo Mancuso,5/26/1992,26,182.88,77.1,"RW,LW,ST",Italy,71,72,2800000,54000,Right,1,4,3,Lean,,,,,,65,70,53,67,68,70,58,41,57,72,72,83,80,72,81,66,64,89,60,63,50,36,72,66,68,70,40,22,20
Eguaras,Iñigo Eguaras Álvarez,3/7/1992,27,154.94,77.1,CDM,Spain,71,74,2500000,7000,Right,1,3,3,Lean,4100000,,,,,65,52,59,74,59,64,70,58,73,67,61,58,59,62,65,64,75,73,75,63,68,67,67,75,59,69,68,69,67
G. Makaridze,Giorgi Makaridze,3/31/1990,28,190.5,84.8,GK,Georgia,70,72,1500000,3000,Right,1,2,1,Normal,3200000,,,,,10,17,16,14,13,25,15,17,12,28,30,26,39,64,58,21,55,29,69,15,19,17,15,25,29,18,13,15,13
S. Sam,Sidney Sam,1/31/1988,31,175.26,68,"RM,LM",Germany,70,70,1700000,11000,Left,2,3,3,Lean,2700000,,,,,69,61,63,67,76,67,71,68,64,70,77,74,81,74,76,73,70,65,47,69,72,39,73,69,64,67,39,37,29
Lucas Possignolo,Lucas Possignolo,5/11/1994,24,187.96,74.8,CB,Brazil,70,77,2100000,5000,Right,1,2,2,Normal,4900000,,,,,29,22,70,64,31,44,28,25,45,55,55,61,60,64,57,36,90,68,72,20,70,65,20,31,35,58,67,73,71
Edson Farias,Edson Rodrigues Farias,1/12/1992,27,175.26,67.1,"RM,RB",Brazil,70,70,1900000,7000,Right,1,4,3,Stocky,4000000,,,,,64,59,62,63,62,74,69,40,49,71,85,79,77,70,80,76,35,77,54,61,56,63,67,68,56,62,65,70,66
G. Campi,Gastón Campi,4/6/1991,27,193.04,88,"CB,LB",Argentina,70,72,1700000,9000,Left,1,2,3,Lean,,,,,,45,29,68,69,29,65,35,35,69,64,56,53,32,64,32,66,30,70,93,62,63,73,65,59,44,55,63,70,72
A. Hutton,Alan Hutton,11/30/1984,34,185.42,73,"RB,LB",Scotland,70,70,675000,10000,Right,2,3,3,Normal,1300000,,,,,67,41,62,61,43,66,64,53,68,68,67,67,62,68,62,59,73,77,77,47,84,67,63,57,49,61,71,69,73
Braga,Bruno Manuel Araújo Braga,6/17/1983,35,154.94,74.8,"CM,CAM",Portugal,70,70,750000,5000,Right,1,4,3,Normal,1600000,,,,,72,64,54,75,74,72,70,61,72,75,48,49,62,63,62,82,56,54,72,77,67,54,71,72,74,80,55,56,38
C. Ganea,Cristian Ganea,5/24/1992,26,175.26,73,"LB,LM",Romania,70,73,1800000,11000,Left,1,2,2,Lean,,,,,,65,52,64,62,59,62,65,76,62,65,77,78,79,65,79,84,58,82,61,69,73,70,56,41,38,55,66,61,76
E. Burgos,Esteban Rodrigo Burgos,1/9/1992,27,190.5,79.8,CB,Argentina,70,73,1800000,6000,Right,1,3,2,Lean,3100000,,,,,32,23,69,58,29,48,33,26,45,54,46,43,54,69,43,58,48,77,85,27,71,72,32,32,54,60,69,69,68
S. Janko,Saidy Janko,10/22/1995,23,152.4,69.9,RB,Switzerland,70,74,1900000,6000,Right,1,3,3,Normal,,,,,,66,37,60,64,38,65,43,37,50,64,90,87,77,62,70,66,68,74,68,58,66,67,51,45,53,61,64,66,68
L. Pasciuti,Lorenzo Pasciuti,9/24/1989,29,172.72,68,"RM,LM,CM",Italy,70,70,1800000,3000,Right,1,4,3,Normal,2800000,,,,,68,50,48,68,52,70,69,53,64,71,87,83,86,61,90,56,63,76,63,50,42,53,68,60,47,73,62,47,57
J. Cavalli,Johan Cavalli,9/12/1981,37,170.18,64.9,"CAM,CM",France,70,70,600000,3000,Left,1,4,3,Stocky,1100000,,,,,70,60,50,71,62,70,59,65,69,73,62,67,81,65,87,66,50,63,63,62,81,45,65,72,75,71,52,49,41
B. Berisha,Besart Berisha,7/29/1985,33,182.88,79.8,ST,Kosovo,70,70,1400000,8000,Right,1,4,3,Normal,1800000,,,,,56,70,71,66,63,65,60,46,32,67,65,58,68,73,70,71,77,67,80,52,90,42,70,69,67,69,28,15,12
T. Martínez,Tomás Martínez,3/7/1995,24,172.72,66.2,"CAM,CM",Argentina,70,79,2700000,4000,Left,1,2,3,Lean,4600000,,,,,62,55,47,71,50,74,66,59,60,72,75,66,82,64,81,49,63,67,40,72,47,33,68,70,57,68,34,42,36
H. Mendyl,Hamza Mendyl,10/21/1997,21,152.4,73,"LB,LWB",Morocco,70,83,3000000,10000,Left,1,2,3,Normal,7000000,,,,,62,36,58,64,33,73,57,38,53,72,89,90,69,64,67,53,60,73,66,44,81,73,62,56,48,64,60,65,66
Alberto Benito,Alberto Benito Correo,6/13/1992,26,175.26,68,RB,Spain,70,73,1800000,6000,Right,1,3,3,Normal,3000000,,,,,69,28,58,62,36,65,58,49,59,64,77,75,73,64,72,56,64,88,71,52,71,63,59,47,44,63,62,73,72
G. Varela,Guillermo Varela,3/24/1993,25,172.72,69.9,RB,Uruguay,70,75,2000000,10000,Right,1,3,3,Normal,2700000,,,,,63,30,60,63,38,64,63,43,51,69,79,76,76,71,80,37,72,63,67,30,73,66,49,43,46,56,69,73,72
S. Lundevall,Simon Lundevall,9/23/1988,30,152.4,73.9,LM,Sweden,70,70,1700000,4000,Right,1,4,3,Normal,2200000,,,,,67,64,34,64,63,71,67,68,56,73,76,74,80,70,72,69,58,72,58,69,40,37,64,68,66,61,36,44,40
J. Rodríguez,Jorge Rodríguez,9/15/1995,23,187.96,83.9,"CB,RB",Argentina,70,77,2100000,7000,Right,1,2,2,Stocky,3600000,,,,,35,29,74,65,28,39,23,26,48,63,59,64,58,64,59,46,83,62,78,24,65,67,44,26,37,53,65,73,67
M. Azira,Micheal Azira,8/22/1987,31,152.4,73,"CDM,CM",Uganda,70,70,1300000,5000,Right,1,4,2,Lean,2000000,,,,,53,48,55,73,57,64,49,48,66,68,64,65,71,67,68,65,71,79,72,55,80,70,49,60,48,69,64,69,61
Ortuño,Alfredo Ortuño Martínez,1/21/1991,28,182.88,77.1,ST,Spain,70,70,1900000,6000,Left,1,4,3,Normal,,,,,,49,73,64,58,69,71,68,53,41,67,61,66,59,67,59,70,63,53,75,58,38,29,75,59,70,61,39,18,15
T. Bašić,Toma Bašić,11/25/1996,22,187.96,79.8,CM,Croatia,70,79,2700000,15000,Left,1,3,3,Lean,6000000,,,,,59,48,61,74,59,67,49,62,72,73,55,61,58,66,59,69,60,58,68,61,64,61,68,68,49,57,62,71,69
F. Amuzu,Francis Amuzu,8/23/1999,19,170.18,64.9,"LM,CF",Belgium,70,84,3700000,5000,Right,1,5,4,Normal,7800000,,,,,65,62,32,66,61,76,63,47,66,71,91,83,86,61,89,70,90,60,58,58,32,22,66,59,58,60,26,41,46
Bismark,Bismark de Araújo Ferreira,7/12/1993,25,170.18,78,"LM,LW,RM,ST",Brazil,70,72,2200000,10000,Right,1,4,3,Normal,3800000,,,,,57,69,54,61,59,70,67,66,60,69,90,90,83,60,83,71,55,76,66,63,57,37,67,66,66,65,29,27,35
J. Adéoti,Jordan Adéoti,3/12/1989,29,182.88,81.2,"CDM,CB,CM",Benin,70,70,1400000,5000,Right,1,3,2,Normal,2400000,,,,,67,59,67,67,35,55,39,30,67,65,53,55,53,67,66,45,69,77,71,61,76,71,60,67,32,70,70,70,63
William,William Fernando da Silva,11/20/1986,32,175.26,72.1,"CM,LM",Brazil,70,70,1500000,13000,Left,1,3,3,Normal,2600000,,,,,62,68,61,71,69,69,62,59,71,70,73,75,72,71,69,73,68,75,77,69,72,68,64,65,69,66,62,67,57
J. Garner,Joe Garner,4/12/1988,30,152.4,73.9,ST,England,70,70,1700000,30000,Right,1,3,2,Lean,3300000,,,,,49,69,77,58,70,62,49,43,57,65,71,66,74,66,76,69,91,76,76,66,92,36,71,56,69,68,46,49,38
M. Matos,Mauro Matos,8/6/1982,36,154.94,86.2,ST,Argentina,70,70,825000,6000,Right,1,4,2,Stocky,1200000,,,,,47,69,78,64,65,57,68,53,51,66,50,53,56,73,58,71,88,50,75,71,50,25,78,49,75,68,23,25,27
C. Şahin,Cenk Şahin,9/22/1994,24,152.4,69.9,"RM,LM",Turkey,70,74,2300000,9000,Left,1,2,4,Normal,,,,,,58,62,43,60,42,78,73,70,55,74,92,90,91,68,81,65,61,68,52,66,60,28,62,60,57,67,26,30,26
E. Özbir,Ertaç Özbir,10/25/1989,29,187.96,78,GK,Turkey,70,71,1400000,7000,Right,1,1,1,Normal,3000000,,,,,24,11,14,22,20,11,18,19,17,25,29,30,29,65,39,19,58,30,65,14,32,13,12,11,23,51,15,14,19
Javi Ros,Javier Ros Añón,2/16/1990,29,172.72,68,"CM,CDM",Spain,70,70,1800000,7000,Right,1,4,2,Lean,2800000,,,,,57,61,41,73,52,59,72,67,69,71,68,70,75,64,80,72,66,74,68,71,68,63,66,72,68,65,59,69,70
K. Leerdam,Kelvin Leerdam,6/24/1990,28,152.4,69.9,"RB,LB",Suriname,70,70,1400000,5000,Right,1,3,3,Lean,2100000,,,,,64,56,73,69,53,66,59,52,65,70,74,74,72,69,74,65,86,82,69,54,70,63,68,65,43,68,64,70,67
M. Silvestri,Marco Silvestri,3/2/1991,28,190.5,79.8,GK,Italy,70,70,1200000,2000,Right,1,2,1,Lean,1900000,,,,,12,20,12,22,20,18,16,11,20,20,58,61,65,62,34,16,74,34,60,16,31,11,14,49,16,60,8,18,16
S. Ujkani,Samir Ujkani,7/5/1988,30,187.96,87.1,GK,Kosovo,70,70,1200000,7000,Right,1,2,1,Normal,2400000,,,,,12,13,10,36,12,12,11,14,26,23,51,49,55,60,50,22,79,21,59,17,20,10,10,31,22,50,18,11,10
Victor Fachinhas,Martin Victor Álvares Fachini,2/29/1984,35,182.88,77.1,GK,Brazil,70,70,725000,9000,Right,1,2,1,Normal,1300000,,,,,11,8,9,20,8,9,9,23,18,17,33,42,39,66,37,23,77,33,59,9,39,13,13,62,24,56,27,8,9
Núrio,Núrio Domingos Matias Fortuna,3/24/1995,23,152.4,73,"LB,LM,LWB",Angola,70,75,2000000,7000,Left,1,2,3,Normal,3100000,,,,,73,33,57,67,31,70,62,34,57,70,83,86,76,64,76,70,80,72,71,31,61,63,67,62,41,70,62,67,66
S. Marinos,Stergos Marinos,9/17/1987,31,152.4,72.1,"RB,RM,RWB",Greece,70,70,1300000,8000,Right,1,3,2,Normal,1900000,,,,,67,37,62,67,31,59,31,41,65,63,70,71,69,66,73,67,68,68,63,43,71,72,43,60,44,72,74,70,69
G. Leadbitter,Grant Leadbitter,1/7/1986,33,152.4,78.9,"CDM,CM",England,70,70,1000000,8000,Right,1,3,2,Normal,1800000,,,,,70,64,58,73,55,59,67,68,66,72,53,52,64,64,69,72,81,69,72,70,77,65,64,67,82,71,71,69,65
S. Pocognoli,Sébastien Pocognoli,8/1/1987,31,182.88,81.2,LB,Belgium,70,70,1300000,8000,Left,1,3,3,Normal,1900000,,,,,76,50,63,66,59,69,73,69,64,67,69,69,67,69,69,73,72,73,69,64,87,67,67,58,58,68,71,70,69
K. Hämäläinen,Kasper Hämäläinen,8/8/1986,32,187.96,73.9,"LM,CAM",Finland,70,70,1600000,6000,Right,1,3,3,Lean,2200000,Finland,70,SUB,21,59,71,73,70,65,65,65,34,63,71,74,76,72,71,64,69,66,70,69,68,48,52,75,75,62,72,38,48,46
Y. Moreno,Yairo Yesid Moreno Berrío,4/4/1995,23,175.26,69.9,"LM,CAM",Colombia,70,79,2700000,14000,Left,1,3,3,Normal,5200000,,,,,62,65,38,67,41,73,58,49,63,70,79,80,73,65,70,60,62,61,65,53,61,28,68,65,64,69,27,27,23
P. Helland,Pål André Helland,1/4/1990,29,185.42,83.9,RW,Norway,70,70,1800000,5000,Left,1,4,3,Normal,2300000,,,,,72,65,53,68,51,71,71,71,65,70,75,74,73,67,69,82,51,68,64,74,66,48,70,67,64,69,49,39,49
M. Pedersen,Marcus Pedersen,6/8/1990,28,154.94,79.8,ST,Norway,70,70,1800000,4000,Right,1,3,2,Stocky,2300000,,,,,57,72,68,55,66,61,64,59,32,62,73,67,72,70,69,74,79,68,84,67,85,36,74,56,72,67,27,38,36
Casadesús,Víctor Manuel Casadesús Castaño,2/28/1985,34,154.94,78.9,"ST,CAM",Spain,70,70,1100000,7000,Right,1,4,3,Normal,1800000,,,,,64,61,74,73,68,72,65,63,63,71,51,59,65,73,76,74,80,65,82,62,77,34,74,73,69,75,54,37,32
J. Archer,Jordan  Archer,4/12/1993,25,190.5,79.8,GK,Scotland,70,73,1600000,6000,Right,1,2,1,Normal,3100000,,,,,15,16,16,30,11,20,20,13,26,24,43,42,50,56,40,18,61,27,57,13,25,16,11,31,28,38,15,18,14
P. Sagna,Pierre Emmanuel Sagna,8/21/1990,28,182.88,76.2,RB,Senegal,70,70,1500000,4000,Right,1,2,2,Normal,3100000,,,,,72,38,55,68,38,62,67,58,64,64,75,79,67,63,72,56,76,74,69,41,65,70,56,48,48,64,66,68,70
J. Menéndez,Jonathan Diego Menéndez,3/5/1994,25,165.1,62.1,"LM,RM",Argentina,70,76,2400000,10000,Right,1,3,3,Normal,3900000,,,,,59,66,46,63,58,78,64,47,50,67,89,91,90,58,84,67,70,67,35,66,46,33,68,66,44,61,33,27,29
Y. Kashiwagi,柏木 陽介,12/15/1987,31,175.26,73,"CM,CAM",Japan,70,70,1600000,7000,Left,1,2,3,Lean,2100000,,,,,68,63,39,75,57,65,74,77,73,72,73,61,61,66,65,62,54,64,61,66,49,49,68,75,65,65,37,58,45
Lucas Áfrico,Lucas Henrique da Silva,2/5/1995,24,187.96,79.8,CB,Brazil,70,74,2000000,5000,Left,1,3,2,Normal,4300000,,,,,59,35,72,60,35,50,56,58,53,56,56,58,36,70,38,62,65,62,81,34,87,62,34,38,42,58,68,68,65
N. Mihajlović,Nemanja Mihajlović,1/19/1996,23,172.72,71.2,LW,Serbia,70,76,2400000,6000,Right,1,2,3,Normal,4100000,,,,,66,64,58,65,60,77,66,47,58,74,76,79,75,60,81,76,32,64,59,64,38,20,65,69,62,59,32,32,27
S. Breitkreuz,Steve Breitkreuz,1/18/1992,27,187.96,88,CB,Germany,70,73,1800000,5000,Right,1,4,2,Normal,3000000,,,,,40,56,75,55,32,50,33,35,46,52,54,70,61,61,56,75,80,65,79,46,72,64,48,42,60,70,66,69,71
D. Delgado,Didier Delgado,7/25/1992,26,185.42,69.9,"RM,RB",Colombia,70,71,2100000,2000,Right,1,3,3,Lean,3100000,,,,,71,57,61,65,40,65,53,26,55,67,89,89,67,67,54,58,75,83,64,54,66,63,64,62,64,56,71,70,67
S. Johnson,Sean  Johnson,5/31/1989,29,190.5,98,GK,United States,70,71,1400000,4000,Right,1,2,1,Normal,2200000,,,,,13,12,14,34,17,19,13,19,32,20,42,43,44,67,52,23,71,35,72,20,30,18,13,29,16,50,16,15,15
Ferro,Francisco Reis Ferreira,3/26/1997,21,190.5,72.1,CB,Portugal,70,79,2400000,4000,Right,1,2,2,Lean,5300000,,,,,30,26,71,66,28,49,33,27,54,56,50,58,46,66,51,53,69,63,80,23,74,68,26,34,38,60,70,70,64
C. Bieler,Claudio Daniel Bieler,3/1/1984,35,152.4,77.1,ST,Argentina,70,70,925000,8000,Right,1,3,3,Normal,1300000,,,,,56,73,70,56,66,65,62,52,38,69,72,64,75,63,69,70,75,67,71,68,70,20,75,58,77,69,31,32,23
M. Hefele,Michael Hefele,9/1/1990,28,193.04,91.2,CB,Germany,70,72,1700000,24000,Right,1,2,2,Stocky,3400000,,,,,38,42,71,65,30,48,21,39,65,52,35,39,31,64,43,54,69,53,88,34,77,64,54,52,60,61,70,69,65
D. Blum,Danny Blum,1/7/1991,28,182.88,83,"ST,LM,RW,RM",Germany,70,70,1900000,19000,Left,1,3,3,Normal,,,,,,68,67,50,61,58,76,75,71,53,73,82,83,75,68,66,77,56,60,73,74,47,28,67,50,44,63,21,34,23
U. Uçar,Uğur Uçar,4/5/1987,31,154.94,69.9,"RB,LB",Turkey,70,70,1200000,12000,Right,1,2,3,Lean,2200000,,,,,64,37,54,69,41,72,56,51,61,69,66,60,64,71,69,52,68,78,67,34,70,68,62,53,62,64,70,71,71
N. Paz,Nehuén Mario Paz,4/28/1992,26,193.04,88.9,"CB,LB",Argentina,70,75,2000000,15000,Left,1,3,2,Normal,3500000,,,,,58,30,70,56,29,56,48,36,54,58,46,53,35,70,32,60,33,68,91,46,60,70,49,39,42,57,70,72,70
Bernardo,Bernardo Víctor Cruz Torres,7/17/1993,25,190.5,84.8,CB,Spain,70,77,2100000,5000,Right,1,3,2,Normal,3800000,,,,,26,36,76,69,18,31,41,37,57,59,32,46,59,59,34,56,76,63,89,37,74,66,33,42,32,61,67,67,61
M. Gori,Mirko Gori,2/4/1993,26,152.4,76.2,"CM,CDM",Italy,70,71,2100000,9000,Left,1,3,3,Normal,3900000,,,,,47,50,52,74,42,67,49,40,71,71,68,54,77,67,74,62,48,78,55,64,70,70,65,66,41,63,69,67,64
R. Robayo,Rafael Robayo,4/24/1984,34,182.88,78,"CM,CDM",Colombia,70,70,875000,1000,Right,1,3,3,Lean,1200000,,,,,64,52,59,73,50,66,59,49,70,72,58,55,62,70,52,68,63,67,70,70,72,65,62,71,58,74,64,68,62
A. Totovytskyi,Andriy Totovytskyi,1/20/1993,26,187.96,77.1,"CAM,RM",Ukraine,70,73,2200000,1000,Right,1,3,3,Lean,4900000,,,,,66,67,65,71,63,71,69,70,62,70,65,70,62,68,55,72,65,62,72,70,52,39,69,70,62,66,53,43,38
O. Hüsing,Oliver Hüsing,2/17/1993,26,193.04,88,CB,Germany,70,73,1900000,3000,Right,1,2,2,Normal,2900000,,,,,37,24,76,56,31,40,29,30,36,50,34,52,42,64,42,55,63,75,88,25,70,60,28,45,43,67,73,70,65
A. Seculin,Andrea Seculin,7/14/1990,28,190.5,79.8,GK,Italy,70,71,1400000,7000,Right,1,3,1,Lean,2600000,,,,,13,12,12,29,11,12,12,12,25,21,30,30,43,64,37,21,41,29,48,12,33,10,11,43,23,58,23,10,12
Marco Sangalli,Marco Sangalli Fuentes,2/7/1992,27,152.4,66.2,"RM,RW",Spain,70,70,1900000,6000,Right,1,3,3,Lean,3100000,,,,,63,67,41,68,55,75,64,40,46,71,74,80,80,65,71,58,56,76,64,52,42,48,68,64,72,56,51,55,42
M. Danielson,Marcus Danielsson,4/8/1989,29,193.04,81.2,CB,Sweden,70,71,1600000,4000,Right,1,2,2,Lean,2100000,,,,,32,23,70,55,25,35,26,19,58,56,54,60,46,61,48,34,33,51,83,27,75,68,28,44,36,70,73,72,70
Kim Young Gwon,김영권 金英权,2/27/1990,29,185.42,74.8,CB,Korea Republic,70,71,1600000,7000,Left,1,3,2,Normal,2100000,,,,,65,57,69,70,57,66,61,58,69,62,75,73,62,70,56,42,74,77,73,58,70,70,52,64,60,72,68,69,68
M. Barbieri,Miguel Barbieri,8/24/1993,25,154.94,78.9,CB,Argentina,70,77,2100000,9000,Right,1,2,2,Normal,,,,,,28,27,74,50,33,45,32,32,45,46,67,70,57,63,57,56,94,54,85,25,72,66,39,34,42,66,65,69,68
G. Belaud,Gaëtan Belaud,9/16/1986,32,152.4,76.2,RB,France,70,70,1200000,4000,Right,1,3,2,Normal,2100000,,,,,68,42,59,69,48,61,67,66,52,66,71,67,73,65,72,47,74,80,71,54,66,66,61,59,51,67,63,71,72
Ricardo Ferreira,Ricardo Abel Barbosa Ferreira,12/3/1989,29,187.96,82.1,GK,Portugal,70,71,1400000,5000,Right,1,3,1,Lean,3100000,,,,,13,11,13,32,19,11,14,17,24,25,46,38,44,66,42,34,63,38,64,11,22,17,13,46,13,51,19,12,10
K. Barbarouses,Kosta Barbarouses,2/19/1990,29,170.18,68,"ST,RW",New Zealand,70,70,1800000,7000,Right,1,3,3,Lean,2300000,Melbourne Victory,67,RS,9,62,71,51,66,66,71,66,42,46,69,85,87,92,69,71,68,61,90,62,66,56,38,70,69,57,68,28,29,22
J. Rodríguez,José Iván Rodríguez,6/17/1996,22,170.18,60.8,CDM,Mexico,70,77,2100000,12000,Left,1,3,2,Lean,4100000,,,,,55,33,58,76,46,59,47,44,71,73,69,69,70,61,86,58,64,70,65,48,69,68,55,62,53,58,67,69,70
C. Battocchio,Cristian Battocchio,2/10/1992,27,170.18,64,"CM,LM",Italy,70,71,2100000,5000,Right,1,3,3,Normal,3800000,,,,,61,60,49,71,48,72,63,54,68,75,80,69,83,69,88,72,73,71,46,69,71,57,55,72,61,65,60,56,59
W. Grigg,Will Grigg,7/3/1991,27,154.94,69.9,ST,Northern Ireland,70,71,2100000,9000,Right,2,3,3,Normal,3900000,Northern Ireland,71,SUB,9,31,73,66,59,70,64,39,50,40,63,77,75,71,68,73,68,72,81,77,67,50,22,73,54,72,69,26,37,20
M. Coutadeur,Mathieu Coutadeur,3/20/1986,32,170.18,68.9,"CDM,CM",France,70,70,1000000,4000,Right,2,4,3,Normal,1800000,,,,,51,63,68,74,49,69,80,68,70,74,59,64,82,69,83,69,70,81,69,73,76,62,71,76,70,70,61,64,59
R. Petretta,Raoul Petretta,3/24/1997,21,175.26,69.9,LB,Italy,70,82,2800000,9000,Left,1,3,3,Normal,4700000,,,,,70,27,54,66,41,65,32,29,63,71,82,76,76,64,77,54,67,73,67,28,72,61,59,59,40,64,70,72,67
S. De Ridder,Steve De Ridder,2/25/1987,32,152.4,71.2,"LM,CAM",Belgium,70,70,1600000,9000,Right,1,3,3,Normal,2300000,,,,,65,66,54,69,69,75,72,64,64,71,71,67,80,70,75,71,70,69,65,69,78,29,68,63,67,77,42,29,33
Macarinho Louro,Macario André Louro Padilha,2/29/1988,31,175.26,69.9,"CAM,CM",Brazil,70,70,1700000,8000,Left,1,3,4,Lean,3200000,,,,,77,61,56,71,51,75,55,56,72,77,87,77,83,66,82,54,51,56,58,62,37,26,59,53,71,72,38,25,26
B. Meling,Birger Solberg Meling,12/17/1994,24,172.72,64,"LB,CDM",Norway,70,75,2000000,4000,Left,1,3,3,Lean,2700000,Norway,75,LB,2,68,47,42,64,30,63,62,55,60,65,79,78,82,64,80,46,79,87,36,49,80,67,65,61,39,69,70,70,68
N. Obiora,Nwankwo Emeka Obiora,7/12/1991,27,185.42,81.2,CDM,Nigeria,70,71,1700000,5000,Right,1,3,2,Normal,3800000,,,,,35,28,67,70,55,58,39,43,68,68,74,69,66,62,60,74,84,79,88,58,72,65,56,58,33,66,70,68,63
Puertas,Antonio José Rodríguez Díaz,2/21/1992,27,182.88,77.1,"LM,RM",Spain,70,70,1900000,6000,Right,1,3,3,Normal,3100000,,,,,68,73,51,64,52,74,62,45,57,70,75,77,72,66,72,71,69,80,62,64,45,35,67,62,65,58,44,35,24
A. Saldívar,Alfredo Saldívar Medina,2/9/1990,29,182.88,78,GK,Mexico,70,70,1200000,9000,Right,1,3,1,Normal,2100000,,,,,15,13,16,27,11,11,11,15,30,14,55,43,62,68,65,12,75,30,68,13,26,25,16,39,15,51,23,12,13
Y. Wissa,Yoane Wissa,9/3/1996,22,154.94,74.8,"LM,ST,RM",France,70,82,3200000,4000,Right,1,3,3,Normal,6200000,,,,,63,71,53,61,64,72,43,42,59,64,82,89,81,67,73,76,70,69,65,62,60,10,69,65,68,65,24,22,17
R. Ovelar,Roberto Andrés Ovelar Maldonado,12/1/1985,33,154.94,81.2,ST,Paraguay,70,70,1400000,3000,Right,1,4,3,Stocky,2000000,,,,,58,72,75,67,69,67,54,60,55,70,49,50,63,68,61,70,78,50,77,66,52,23,75,69,61,67,51,29,23
D. Dessena,Daniele Dessena,5/10/1987,31,182.88,74.8,"CM,RB",Italy,70,70,1500000,3000,Right,2,3,3,Normal,2400000,,,,,66,55,67,69,68,70,66,64,66,68,69,55,71,68,67,73,67,78,68,78,82,74,68,67,56,70,68,74,76
N. Al Shamrani,Nasser Ali Al Shamrani,11/23/1983,35,175.26,69.9,ST,Saudi Arabia,70,70,925000,22000,Right,2,3,2,Normal,1600000,,,,,55,77,70,58,67,58,61,46,57,54,75,73,74,66,66,67,90,86,73,69,77,43,76,52,79,74,20,23,30
Sílvio,Sílvio Manuel Azevedo Ferreira Sá Pereira,9/28/1987,31,175.26,72.1,"RB,LB",Portugal,70,70,1300000,4000,Right,1,4,3,Lean,2700000,,,,,71,53,63,69,51,68,72,44,62,70,74,72,70,65,76,69,77,62,64,65,73,68,59,65,54,62,70,72,73
M. Bolados,Marcos Bolados Hidalgo,2/27/1996,23,167.64,72.1,"RW,RM,CM",Chile,70,77,2500000,5000,Right,1,3,3,Normal,4000000,,,,,67,69,27,70,33,71,56,47,65,68,77,78,74,63,71,70,56,73,65,68,55,59,67,68,56,66,55,61,59
Diogildo Peixe,Diogo Nathan Peixe Barreto,2/29/1988,31,154.94,71.2,"CAM,ST",Brazil,70,70,1700000,10000,Right,1,4,3,Lean,3200000,,,,,71,61,61,67,72,77,45,55,56,71,71,72,83,66,81,71,54,62,61,67,45,34,61,71,66,62,10,24,23
S. Griesbeck,Sebastian Griesbeck,10/3/1990,28,187.96,84.8,"CDM,CM",Germany,70,70,1500000,7000,Right,1,3,2,Normal,2400000,,,,,52,39,67,67,41,57,40,41,67,65,54,54,56,66,52,59,55,85,82,53,74,67,46,55,46,65,72,69,71
L. García,Luis Manuel García Palomera,12/31/1992,26,182.88,89.8,GK,Mexico,70,75,1700000,9000,Right,1,3,1,Normal,3000000,,,,,17,19,20,31,12,19,15,20,24,23,46,49,32,60,55,22,70,40,71,17,24,30,18,60,23,49,14,12,17
J. Brabec,Jakub Brabec,8/6/1992,26,187.96,83,CB,Czech Republic,70,73,1900000,1000,Right,1,3,2,Normal,4300000,Czech Republic,75,SUB,22,54,42,69,61,51,56,39,29,60,68,53,54,61,67,52,67,54,61,76,56,72,66,52,58,49,70,71,71,69
Nenê,Ânderson Miguel da Silva,7/28/1983,35,182.88,78,ST,Brazil,70,70,925000,5000,Right,2,3,2,Normal,1900000,,,,,47,73,74,65,72,59,66,62,45,65,46,59,63,67,70,72,90,48,77,64,80,20,75,58,71,80,19,30,22
T. Itō,伊藤 達哉,6/26/1997,21,162.56,59,"LM,RM,LW",Japan,70,81,3100000,6000,Left,1,4,4,Lean,5500000,,,,,70,47,31,62,58,83,68,44,45,76,93,69,95,74,96,62,55,53,28,46,21,25,59,69,41,60,17,26,32
L. Spalvis,Lukas Spalvis,7/27/1994,24,187.96,78,ST,Lithuania,70,75,2400000,4000,Left,1,4,3,Lean,3700000,,,,,42,72,69,59,68,68,52,59,45,67,66,67,62,64,56,76,73,67,76,62,60,32,71,55,60,68,26,28,25
Aitor García,Aitor García Flores,3/25/1994,24,175.26,72.1,"ST,LM",Spain,70,76,2500000,6000,Right,1,3,3,Normal,,,,,,66,73,43,67,59,73,64,52,65,71,80,86,74,70,75,77,67,64,56,65,40,28,69,66,55,60,45,35,34
J. Paredes,Juan Carlos Paredes,7/8/1987,31,175.26,72.1,"RB,RWB",Ecuador,70,70,,,Right,1,3,3,Lean,,,,,,62,33,57,65,43,69,56,27,67,67,76,81,90,74,85,66,71,76,61,59,55,70,40,52,52,72,68,69,67
M. Varnier,Marco Varnier,6/8/1998,20,185.42,82.1,CB,Italy,70,85,3500000,2000,Right,1,5,2,Normal,,,,,,41,33,70,59,35,51,32,30,53,59,64,73,49,63,55,51,73,68,81,33,65,66,33,50,52,64,67,71,70
S. Morsy,Sam Morsy,9/10/1991,27,172.72,74.8,"CDM,CM",Egypt,70,71,1700000,26000,Right,1,3,3,Normal,3400000,Egypt,73,SUB,5,52,53,47,70,49,69,39,55,67,66,65,67,81,70,78,60,80,73,77,60,81,68,60,68,44,76,66,67,58
F. Ayité,Floyd Ayité,12/15/1988,30,175.26,73.9,"LW,ST,RW",Togo,70,70,1700000,31000,Right,1,4,3,Normal,3300000,,,,,63,66,58,68,64,71,66,67,59,70,81,84,81,71,77,78,70,77,70,68,48,22,63,65,60,55,45,31,22
F. Zuculini,Franco Zuculini,9/5/1990,28,175.26,68,CM,Argentina,70,70,1800000,8000,Right,2,3,3,Normal,2700000,,,,,61,52,57,74,51,69,57,60,71,73,66,68,72,68,77,72,76,68,65,58,71,66,58,69,46,72,66,68,64
Bruno Moreira,Bruno Daniel Castro Moreira,9/6/1987,31,185.42,78.9,ST,Portugal,70,70,1700000,6000,Right,1,3,3,Normal,3600000,,,,,44,71,76,67,73,65,40,40,46,67,60,61,58,66,56,73,69,67,75,59,72,24,71,53,70,70,35,29,26
C. Fierro,Carlos Eduardo Fierro Guerrero,7/24/1994,24,175.26,69.9,"RM,RW",Mexico,70,74,2300000,12000,Right,1,4,3,Lean,,,,,,67,68,69,65,45,69,63,52,60,70,86,91,89,64,71,67,80,81,63,55,35,35,67,50,64,66,30,27,24
M. Morrison,Michael Morrison,3/3/1988,31,182.88,76.2,CB,England,70,70,1300000,14000,Right,1,3,2,Normal,2500000,,,,,25,23,70,61,32,29,38,37,59,52,50,50,52,70,64,40,73,75,79,33,75,66,34,42,30,57,69,72,70
P. Gallagher,Paul Gallagher,8/9/1984,34,185.42,69.9,"CM,CDM",Scotland,70,70,1000000,9000,Right,1,3,3,Lean,2000000,,,,,77,62,52,70,60,65,78,75,74,72,55,53,66,64,60,79,51,64,67,73,55,61,65,77,65,67,66,65,43
D. Nounkeu,Dany Nounkeu,4/11/1986,32,182.88,79.8,CB,Cameroon,70,70,1000000,9000,Right,1,3,2,Normal,2000000,,,,,51,24,71,59,27,59,54,24,60,63,75,77,67,62,54,48,82,68,78,37,75,65,31,43,34,61,67,70,61
T. Tawatha,Taleb Tawatha,6/21/1992,26,172.72,69.9,"LB,LWB",Israel,70,71,1700000,16000,Left,1,3,2,Normal,3000000,,,,,73,39,59,70,34,72,57,32,63,70,78,78,76,67,77,53,70,66,66,27,57,61,54,52,33,61,64,71,71
Toribio,Daniel Toribio Gutiérrez,10/5/1988,30,175.26,71.2,"CDM,CM",Spain,70,70,1400000,6000,Left,1,3,2,Normal,2200000,,,,,58,31,46,71,42,53,51,56,64,62,64,54,63,57,68,69,80,79,77,59,79,70,46,64,54,62,72,74,67
T. Carson,Trevor Carson,3/5/1988,31,185.42,84.8,GK,Northern Ireland,70,70,1100000,4000,Right,1,2,1,Normal,2000000,Northern Ireland,71,SUB,12,18,17,12,13,15,16,12,19,13,18,55,50,56,65,67,22,65,43,68,14,37,17,18,60,23,50,15,11,12
H. Aiesh,Hosam Aiesh,1/1/1995,24,154.94,72.1,"RM,RW,LW",Sweden,70,75,2400000,3000,Right,1,4,3,Lean,3100000,,,,,64,53,34,62,49,77,53,41,45,72,93,83,84,63,80,63,68,80,69,50,80,48,63,67,42,61,52,38,32
R. Boffin,Ruud Boffin,11/5/1987,31,195.58,86.2,GK,Belgium,70,70,1100000,8000,Right,1,2,1,Normal,2300000,,,,,11,13,12,18,17,20,17,15,12,16,56,57,52,67,33,20,72,38,70,20,35,25,13,41,20,56,21,12,11
U. Matić,Uroš Matić,5/23/1990,28,182.88,78,CM,Serbia,70,70,1800000,12000,Left,1,3,3,Lean,,,,,,58,61,62,69,55,68,59,60,68,70,67,65,72,70,69,71,76,86,72,68,71,59,69,67,68,67,62,61,59
L. Giannetti,Lautaro Giannetti,11/13/1993,25,182.88,78.9,CB,Argentina,70,77,2100000,7000,Right,1,2,2,Normal,3600000,,,,,35,32,69,57,32,44,37,50,44,47,66,63,53,63,52,52,82,66,76,33,72,65,26,23,50,50,71,71,78
D. Sorgić,Dejan Sorgić,9/15/1989,29,152.4,69.9,ST,Serbia,70,70,1800000,10000,Right,1,3,3,Normal,2700000,,,,,49,76,59,68,64,66,65,59,64,71,57,63,77,64,77,73,71,75,67,68,64,22,79,63,58,74,34,38,27
José Arnáiz,José Manuel Arnáiz Díaz,4/15/1995,23,175.26,69.9,"LM,ST,RM",Spain,70,79,2700000,13000,Right,1,4,3,Normal,6300000,,,,,63,66,66,65,62,69,58,47,61,68,86,84,87,67,82,82,49,69,62,68,40,29,67,63,67,67,56,27,28
D. Kaiser,Dominik Kaiser,9/16/1988,30,170.18,67.1,"CM,CAM,CDM",Germany,70,70,1700000,16000,Right,1,5,3,Normal,2100000,,,,,72,68,43,72,70,68,76,73,68,70,65,52,75,74,84,74,74,76,58,69,72,65,73,66,74,66,50,59,56
A. Crescenzi,Alessandro Crescenzi,9/25/1991,27,152.4,71.2,"LB,RB",Italy,70,71,1700000,3000,Right,1,4,2,Normal,2800000,,,,,64,31,59,62,38,61,56,32,55,66,80,78,81,67,80,61,84,91,74,30,75,61,34,35,32,59,65,65,69
D. Cerén,Darwin Adelso Cerén Delgado,12/31/1989,29,152.4,73,"CDM,CM",El Salvador,70,70,1400000,5000,Right,1,3,2,Normal,2200000,,,,,52,51,49,70,46,60,42,64,75,65,55,59,53,65,81,71,33,77,66,59,80,65,57,61,64,73,68,71,66
Y. Al Shehri,Yahia Sulaiman Al Shehri,6/26/1990,28,165.1,63,"CAM,RM,LM,CM",Saudi Arabia,70,70,1800000,21000,Left,1,3,4,Stocky,3100000,,,,,69,61,46,73,59,71,69,63,67,69,71,70,80,60,72,69,32,71,53,67,50,43,66,70,61,69,22,34,42
Renato Chaves,Renato de Araújo Chaves Júnior,5/4/1990,28,185.42,78,CB,Brazil,70,70,1400000,13000,Right,1,2,2,Normal,2400000,,,,,48,39,70,62,50,47,38,42,53,52,64,57,44,64,52,64,82,60,79,48,65,65,38,52,50,53,73,69,73
A. Sissoko,Abdulwahid Sissoko,3/20/1990,28,182.88,74.8,"CDM,CM",Mali,70,70,1400000,10000,Left,1,3,2,Lean,2900000,,,,,69,61,61,65,58,54,54,47,63,73,67,69,71,72,62,72,68,83,74,52,74,70,66,64,52,68,70,65,61
Chong Te Se,Te Se Chong,3/2/1984,35,154.94,79.8,ST,Korea DPR,70,70,925000,3000,Right,2,2,3,Stocky,1200000,,,,,58,70,72,67,66,63,62,57,58,64,59,71,61,73,71,72,74,67,77,70,82,28,71,69,65,72,38,44,33
Dodô,Domilson Cordeiro dos Santos,11/17/1998,20,165.1,68,RB,Brazil,70,81,2600000,2000,Right,1,3,3,Lean,5900000,,,,,66,59,50,68,45,72,42,52,59,71,91,89,90,73,90,58,83,69,60,49,55,65,58,42,50,67,65,69,64
R. Jenssen,Ruben Yttergård Jenssen,5/4/1988,30,172.72,71.2,"CM,LW",Norway,70,70,1600000,4000,Left,1,2,3,Stocky,2100000,,,,,72,59,47,70,72,64,54,68,70,66,70,66,81,72,81,75,76,84,69,68,70,69,69,70,51,74,58,61,51
J. Onomah,Josh Onomah,4/27/1997,21,185.42,83,"CAM,CM,RM,LM",England,70,82,3200000,29000,Right,1,3,3,Lean,,,,,,53,59,45,74,52,73,54,49,68,73,75,74,72,65,73,62,57,68,68,59,45,46,66,67,42,62,60,64,44
P. Franco,Pedro Camilo Franco Ulloa,4/23/1991,27,182.88,73,"CB,CDM",Colombia,70,72,1700000,22000,Right,1,3,3,Normal,,,,,,57,48,70,67,44,63,62,66,65,66,56,60,66,67,77,69,69,73,71,47,72,73,43,60,64,69,63,68,71
J. Dudziak,Jeremy Dudziak,8/28/1995,23,175.26,69.9,"RB,LB,CDM,CM",Germany,70,75,2000000,8000,Left,1,3,3,Lean,3300000,,,,,71,53,48,70,58,73,70,62,58,73,84,78,84,67,82,64,79,77,51,52,70,66,62,63,59,67,65,68,66
W. Zahibo,Wilfried Zahibo,8/21/1993,25,190.5,77.1,"CDM,CM",France,70,75,2000000,4000,Right,1,4,2,Lean,3200000,,,,,41,37,66,69,33,61,37,42,61,64,58,61,51,67,71,70,71,72,89,52,84,70,49,63,54,62,71,68,64
J. Toledo,Javier Fabián Toledo,4/20/1986,32,187.96,88.9,ST,Argentina,70,70,1400000,8000,Left,1,3,2,Normal,2100000,,,,,58,70,79,57,64,62,62,59,57,61,53,50,50,66,37,76,78,35,86,74,66,23,77,64,69,70,42,50,31
C. Diandy,Christophe Diandy,11/25/1990,28,185.42,83,"CDM,CM",Senegal,70,71,1700000,8000,Left,1,3,3,Lean,2600000,,,,,61,43,68,70,52,66,54,57,67,68,65,66,68,67,64,61,68,75,70,53,70,69,52,63,55,65,68,69,66
A. Jędrzejczyk,Artur Jędrzejczyk,11/4/1987,31,187.96,78,"RB,LB,CB",Poland,70,70,1300000,6000,Right,1,3,3,Normal,1800000,Poland,77,SUB,21,70,48,73,69,52,63,47,34,67,70,69,70,66,67,63,69,75,75,76,39,77,71,53,42,34,63,58,71,70
Waguininho,Wagner da Silva Souza,1/30/1990,29,152.4,68.9,"ST,CAM",Brazil,70,70,1800000,6000,Right,1,3,3,Normal,2300000,,,,,60,67,65,69,65,70,55,58,64,70,74,75,76,68,73,66,65,78,67,56,67,58,77,68,59,65,45,51,46
M. Manotas,Mauro Manotas,7/15/1995,23,154.94,66.2,"ST,LW",Colombia,70,77,2500000,5000,Right,1,2,3,Normal,4300000,,,,,49,74,64,62,59,69,43,39,51,66,75,75,72,67,73,68,69,69,61,54,73,27,73,55,69,59,29,31,27
Aderllan Santos,Aderllan de Jesus Santos,4/9/1989,29,193.04,83.9,CB,Brazil,70,71,1600000,19000,Right,1,2,2,Normal,2800000,,,,,42,34,72,52,46,52,44,61,39,48,49,61,49,68,30,77,58,62,76,63,74,74,27,34,60,71,65,73,74
J. Roa,Juan Daniel Roa Reyes,8/20/1991,27,172.72,67.1,"CM,RM,CDM",Colombia,70,71,2100000,3000,Right,1,2,3,Normal,3000000,Independiente Santa Fe,70,SUB,17,60,30,56,66,54,72,37,34,67,73,77,75,72,68,77,55,88,90,76,65,74,65,72,69,37,68,64,69,70
Dani Hernández,Daniel Hernández Santos,10/21/1985,33,195.58,88.9,GK,Venezuela,70,70,1000000,5000,Right,1,2,1,Lean,1600000,,,,,13,6,23,41,13,12,23,12,39,34,34,30,48,66,41,25,75,38,74,13,40,26,16,31,25,52,12,7,9
A. Bouhaddouz,Aziz Bouhaddouz,3/30/1987,31,187.96,88,ST,Morocco,70,70,1600000,10000,Right,1,4,3,Normal,2600000,,,,,49,69,70,65,71,63,70,64,53,68,61,65,58,66,54,75,72,64,84,66,78,33,68,44,73,71,12,13,14
N. Hauptmann,Niklas Hauptmann,6/27/1996,22,175.26,66.2,"CAM,CM",Germany,70,80,2900000,10000,Left,1,4,3,Lean,4900000,,,,,64,49,33,75,47,74,71,53,65,74,82,65,90,64,84,59,71,72,41,59,55,41,58,69,44,58,65,49,44
L. Paqarada,Leart Paqarada,10/8/1994,24,182.88,76.2,"LB,LWB",Kosovo,70,74,1900000,4000,Left,1,3,3,Normal,3200000,,,,,75,36,55,68,41,67,76,73,66,71,77,76,71,68,64,65,62,75,65,46,64,65,56,58,39,65,65,71,67
D. Kinsombi,David Kinsombi,12/12/1995,23,182.88,73.9,"CM,CDM,CB",Germany,70,76,2400000,7000,Right,1,3,3,Normal,4300000,,,,,53,58,56,72,30,69,38,29,62,72,74,73,69,72,69,60,84,81,78,56,69,68,55,69,44,73,66,72,67
R. Improta,Riccardo Improta,12/19/1993,25,152.4,73,"LW,RW,LM",Italy,70,71,2100000,3000,Right,1,3,3,Lean,3600000,,,,,66,70,43,70,53,74,61,30,64,70,78,83,91,65,80,47,49,48,51,46,25,35,66,53,49,66,17,15,15
E. Torres,Erick Estéfano Torres Padilla,1/19/1993,26,182.88,81.2,ST,Mexico,70,73,2300000,12000,Right,1,3,3,Normal,4000000,,,,,65,68,71,63,71,67,70,69,66,65,70,67,83,70,73,73,70,74,70,69,70,36,74,68,77,69,19,38,26
F. Diabaté,Fousseni Diabaté,10/18/1995,23,175.26,59.9,"ST,LM,RM",Mali,70,78,2700000,30000,Left,1,3,3,Lean,,,,,,64,69,62,64,65,76,43,38,58,73,80,76,82,68,77,68,51,64,50,65,33,20,70,62,59,57,20,17,14
S. Willems,Steeven Willems,8/31/1990,28,182.88,76.2,"CB,LB",France,70,71,1700000,8000,Left,1,3,2,Lean,2600000,,,,,63,28,68,63,27,51,69,37,60,64,70,71,67,65,65,66,64,65,66,63,70,68,40,48,49,61,71,72,71
S. Özcan,Salih Özcan,1/11/1998,21,154.94,73.9,"CM,CDM",Germany,70,82,3100000,9000,Right,1,3,3,Normal,5300000,,,,,54,57,53,74,50,73,55,53,71,75,67,65,74,59,74,64,57,61,66,48,73,60,61,73,60,69,65,76,69
M. Caligiuri,Marco Caligiuri,4/14/1984,34,154.94,74.8,"CB,RB",Germany,70,70,550000,6000,Right,1,3,2,Normal,853000,,,,,64,50,65,67,53,62,56,48,68,65,62,62,72,69,69,68,85,65,72,55,68,68,57,62,63,72,72,71,68
D. Moberg Karlsson,David Moberg Karlsson,3/20/1994,24,152.4,76.2,"RM,LM",Sweden,70,76,2400000,1000,Left,1,4,3,Normal,5800000,,,,,59,68,48,70,55,74,60,66,35,72,83,90,76,54,72,70,70,75,59,63,49,13,72,61,49,50,38,18,15
O. Dramé,Ousmane Dramé,8/25/1992,26,175.26,69.9,LW,France,70,71,2100000,5000,Right,1,3,4,Stocky,4600000,,,,,61,60,59,64,61,74,55,69,48,72,90,90,86,64,76,65,70,48,57,56,71,36,64,60,60,69,34,44,40
Puado,Javier Puado Díaz,5/25/1998,20,152.4,68.9,"ST,CF,CAM",Spain,70,82,3200000,12000,Right,1,3,3,Normal,7400000,,,,,36,74,69,71,60,75,40,32,53,72,75,74,66,68,73,61,66,61,61,58,39,24,67,52,57,53,32,18,20
C. Henao,Carlos Alberto Henao Sánchez,12/3/1988,30,187.96,84.8,CB,Colombia,70,70,1400000,3000,Left,1,4,2,Normal,1900000,,,,,26,30,68,50,38,39,62,78,34,54,49,53,44,56,41,77,67,68,86,62,63,77,25,35,77,52,67,73,69
J. Palacios,Jeisson Andrés Palacios Palacios,6/30/1990,28,152.4,72.1,RB,Colombia,70,70,1400000,3000,Right,1,2,2,Normal,2000000,,,,,64,56,62,63,33,62,42,29,58,66,85,86,78,63,66,59,76,88,66,46,73,65,59,58,37,64,59,66,65
M. Wittek,Maximilian Wittek,8/21/1995,23,172.72,69.9,LB,Germany,70,78,2200000,5000,Left,1,2,3,Normal,3900000,,,,,78,56,58,67,56,66,80,78,57,69,79,77,80,63,84,77,67,82,59,70,72,64,59,49,42,66,65,65,69
M. Hartel,Marcel Hartel,1/19/1996,23,175.26,68.9,"LW,CAM",Germany,70,76,2400000,16000,Right,1,4,3,Lean,4400000,,,,,60,61,45,71,67,75,68,52,63,76,78,73,85,65,78,69,56,68,47,64,47,35,64,63,48,55,29,28,27
M. Frýdek,Martin Frýdek,3/24/1992,26,152.4,76.2,"CM,LB,CDM",Czech Republic,70,73,2200000,1000,Left,1,3,3,Normal,4900000,,,,,70,59,65,70,54,68,66,69,69,70,77,76,72,69,72,72,80,81,73,69,90,71,63,69,55,67,61,68,67
A. Montero,Álvaro David Montero Perales,3/29/1995,23,195.58,84.8,GK,Colombia,70,79,2100000,2000,Right,1,3,1,Normal,3300000,Deportes Tolima,69,GK,31,20,18,14,39,19,16,18,14,21,24,42,44,32,65,48,25,55,32,80,17,26,16,19,30,25,41,18,18,14
E. Hestad,Eirik Hestad,6/26/1995,23,182.88,74.8,"RW,CM",Norway,70,77,2500000,5000,Left,1,3,4,Lean,3600000,,,,,68,66,46,72,59,72,67,61,66,71,77,72,79,67,73,68,56,79,64,62,63,59,68,69,49,71,56,61,53
M. Drudi,Mirko Drudi,2/22/1987,32,182.88,79.8,"CB,RB",Italy,70,70,1200000,2000,Right,1,3,2,Lean,1900000,,,,,55,46,70,63,51,56,60,59,58,62,67,63,59,68,60,60,61,70,70,61,69,68,45,59,49,70,70,72,68
S. Schonlau,Sebastian Schonlau,8/5/1994,24,185.42,77.1,CB,Germany,70,74,2000000,6000,Right,1,3,2,Lean,3200000,,,,,40,29,65,64,31,50,34,42,58,57,67,71,64,66,59,48,77,69,75,37,66,67,43,44,49,54,68,72,70
P. Toranzo,Patricio Daniel Toranzo,3/19/1982,36,152.4,73,"CAM,CM,LM",Argentina,70,70,600000,7000,Right,1,3,3,Normal,900000,,,,,77,61,47,75,62,70,76,75,73,76,55,45,64,63,63,70,68,48,67,72,64,62,63,76,63,59,59,51,53
Daniel Amora,Daniel Lopes Amora,10/20/1987,31,185.42,78,"CDM,CM",Brazil,70,70,1300000,11000,Right,1,2,3,Lean,2200000,,,,,49,35,59,70,45,65,42,46,69,71,54,65,62,64,64,66,59,87,74,55,69,73,61,54,50,62,64,66,58
M. Hanousek,Matěj Hanousek,6/2/1993,25,182.88,73.9,"LB,LM",Czech Republic,70,74,1900000,1000,Left,1,2,2,Lean,4300000,,,,,68,28,61,64,36,60,45,29,53,63,86,88,72,68,72,62,77,82,66,48,62,66,56,51,31,55,64,65,61
T. Derijck,Timothy Derijck,5/25/1987,31,185.42,81.2,CB,Belgium,70,70,1200000,11000,Right,1,4,2,Normal,1800000,,,,,31,42,73,64,27,43,43,40,66,65,51,52,49,68,52,44,53,63,74,56,78,72,33,44,71,74,71,68,66
E. López,Edwar López,3/9/1995,24,152.4,78.9,"ST,LM",Colombia,70,77,2500000,9000,Right,1,4,3,Normal,4300000,,,,,60,71,59,59,61,68,55,42,46,67,80,75,81,68,73,69,58,64,67,69,62,46,76,58,67,67,55,52,48
Anuar,Anuar Mohamed Tuhami,1/15/1995,24,172.72,63,"CDM,CAM,CM",Morocco,70,77,2100000,9000,Right,1,3,2,Normal,5100000,,,,,58,43,56,72,35,60,43,42,70,68,73,71,81,67,85,62,71,78,60,46,70,64,42,60,51,54,73,71,70
K. Günter,Koray Günter,8/16/1994,24,182.88,78.9,CB,Germany,70,75,2000000,8000,Right,1,3,2,Normal,3800000,,,,,32,23,69,69,28,56,21,26,72,61,55,68,61,66,60,50,75,65,75,31,69,68,31,59,37,60,69,70,68
A. Konradsen,Anders Ågnes  Konradsen,7/18/1990,28,182.88,76.2,"CM,CDM",Norway,70,70,1800000,5000,Right,1,3,3,Normal,2400000,,,,,65,59,64,70,68,64,60,64,69,65,65,67,69,75,72,78,73,90,75,68,75,66,69,65,59,67,67,67,67
G. Torres,Gabriel Arturo Torres Tejada,10/31/1988,30,154.94,74.8,ST,Panama,70,70,1800000,8000,Right,1,3,3,Lean,2500000,,,,,64,66,61,63,65,72,64,49,65,71,75,80,73,73,62,71,72,76,69,67,50,35,70,67,67,58,27,25,27
T. Asano,浅野 佐藤,11/10/1994,24,172.72,71.2,"LM,RM,CF",Japan,70,75,2400000,39000,Right,1,4,3,Normal,,,,,,56,63,60,63,58,73,51,39,43,69,92,89,91,76,79,69,79,72,61,55,46,22,68,58,63,67,30,18,16
I. Nedelcearu,Ionuţ Nedelcearu,4/25/1996,22,190.5,78.9,CB,Romania,70,78,,,Right,1,4,2,Normal,,,,,,37,33,68,57,35,53,31,36,70,52,58,61,47,67,55,42,73,67,77,25,83,66,34,43,46,61,64,73,72
L. Castro,Leonardo Fabio Castro Loaiza,6/14/1992,26,175.26,78,"ST,RM",Colombia,70,71,2100000,3000,Right,1,3,3,Normal,3000000,,,,,57,74,57,62,68,69,43,31,52,67,78,75,78,69,73,71,68,70,60,56,38,32,75,67,66,65,56,16,10
S. McKenna,Scott McKenna,11/12/1996,22,187.96,79.8,CB,Scotland,70,83,3100000,4000,Left,1,3,2,Stocky,7300000,Scotland,75,LCB,5,41,22,67,53,26,40,28,31,50,45,52,64,31,58,60,43,76,68,89,32,85,65,16,31,44,58,67,68,67
D. Fox,Danny Fox,5/29/1986,32,182.88,78,"CB,LB",Scotland,70,70,1000000,26000,Left,1,3,2,Lean,1900000,,,,,72,29,62,68,42,61,68,65,67,68,45,43,64,68,66,64,75,69,72,65,71,70,56,65,63,70,74,66,70
S. Birnbaum,Steven Birnbaum,1/23/1991,28,185.42,81.2,CB,United States,70,72,1700000,5000,Right,1,2,2,Normal,2700000,,,,,33,30,73,57,29,46,30,26,51,60,44,48,41,68,54,41,83,83,79,25,79,66,28,35,35,61,70,65,64
C. Maxwell,Christopher Maxwell,7/30/1990,28,185.42,73.9,GK,Wales,70,73,1500000,7000,Right,1,3,1,Normal,,,,,,18,11,15,23,17,13,16,13,16,26,39,45,45,68,50,18,62,30,60,16,25,25,14,35,20,35,14,12,12
D. Stracqualursi,Denis Stracqualursi,10/20/1987,31,190.5,86.2,ST,Argentina,70,70,1700000,8000,Right,1,3,2,Stocky,2600000,,,,,48,70,79,59,68,59,38,35,41,71,40,54,51,61,37,80,80,53,90,68,48,32,73,44,63,76,36,37,31
W. Sobota,Waldemar Sobota,5/19/1987,31,175.26,63,"LM,RM",Poland,70,70,1600000,11000,Right,1,4,3,Lean,2500000,,,,,65,61,58,64,62,71,54,52,57,70,91,88,89,66,85,72,67,75,39,58,57,46,64,64,63,65,32,25,52
S. Doi,土居 聖真,5/21/1992,26,172.72,63,"ST,LM,RM",Japan,70,71,2100000,8000,Right,1,4,3,Lean,2800000,,,,,66,70,65,72,67,74,66,50,65,70,70,73,76,68,78,67,62,65,52,66,41,38,72,68,65,67,50,45,36
José Mari,José María Martín Bejarano,12/6/1987,31,182.88,72.1,"CDM,CM",Spain,70,70,1300000,6000,Right,1,3,3,Lean,2100000,,,,,58,49,57,70,66,66,71,56,67,70,68,67,62,71,69,75,75,73,72,68,72,73,58,69,53,60,55,69,62
T. Weilandt,Tom Weilandt,4/27/1992,26,185.42,73,"LM,RM,CAM",Germany,70,71,2100000,11000,Right,1,3,3,Lean,3500000,,,,,64,65,49,68,56,77,66,59,51,74,75,74,74,66,69,68,52,62,63,64,33,38,63,68,52,60,36,41,30
A. Wisdom,Andre Wisdom,5/9/1993,25,185.42,78,RB,England,70,75,2000000,20000,Right,1,3,2,Normal,3900000,,,,,52,24,72,68,32,55,34,26,66,66,68,74,60,66,64,34,86,67,88,28,74,71,59,49,39,69,68,75,73
K. Smith,Korey Smith,1/31/1991,28,175.26,69.9,"CM,CDM",England,70,70,1800000,23000,Right,1,3,3,Normal,3500000,,,,,60,53,60,72,44,67,60,55,66,71,68,72,70,72,78,58,59,84,71,56,73,70,57,65,57,74,67,72,66
M. Bodmer,Mathieu Bodmer,11/22/1982,36,190.5,89.8,"CM,CDM,CB",France,70,70,750000,8000,Right,2,4,3,Normal,1500000,,,,,63,55,72,78,62,70,78,60,74,76,31,31,34,58,38,69,50,34,76,65,68,65,66,76,69,78,67,70,68
F. Ballo-Touré,Fodé Ballo-Touré,1/3/1997,22,182.88,73,"LB,LM",France,70,81,2700000,20000,Left,1,3,3,Lean,5600000,,,,,70,42,52,69,39,72,67,49,63,68,85,79,73,63,71,54,59,73,60,43,65,64,67,64,53,63,67,68,68
Jeong Woon,정운 Woon Jeong,6/30/1989,29,154.94,73,LM,Korea Republic,70,70,1700000,4000,Left,1,3,3,Normal,2200000,,,,,70,58,58,68,24,67,65,70,58,68,79,73,71,71,69,68,74,71,68,59,59,74,74,69,44,61,67,73,69
L. Mendoza,Luis Ángel Mendoza Escamilla,2/3/1990,29,172.72,74.8,"RM,ST",Mexico,70,70,1800000,14000,Right,1,3,3,Normal,3100000,,,,,70,61,54,62,52,73,66,53,60,70,83,84,74,67,66,66,69,71,69,65,66,60,60,61,64,70,26,40,38
M. Faraoni,Marco Davide Faraoni,10/25/1991,27,154.94,71.2,"RB,RM",Italy,70,70,1500000,3000,Right,1,3,3,Normal,,,,,,73,43,65,70,69,71,69,68,67,70,72,69,67,70,74,76,71,79,69,69,77,63,64,64,66,71,63,66,71
D. Avdijaj,Donis Avdijaj,8/25/1996,22,172.72,69.9,"LW,CAM,ST",Kosovo,70,77,2500000,5000,Right,1,4,3,Normal,4200000,,,,,66,70,44,65,70,73,65,56,60,73,76,71,83,64,79,76,62,63,47,75,68,26,66,70,60,69,19,23,19
Juan Dominguez,Juan Domínguez Lamas,1/8/1990,29,154.94,71.2,"CM,CDM",Spain,70,70,1800000,12000,Right,1,3,3,Lean,2600000,,,,,58,57,51,70,49,68,68,59,69,72,62,54,72,73,70,59,82,80,70,61,59,74,53,71,70,58,60,60,59
M. Sylla,Mamadou Sylla Diallo,3/20/1994,24,175.26,74.8,ST,Senegal,70,74,2400000,11000,Right,1,4,3,Normal,,,,,,57,69,71,67,62,70,65,42,36,69,74,75,70,66,61,71,74,62,71,68,65,36,68,71,62,68,21,42,37
M. Ibáñez,Matías Ibáñez,12/16/1986,32,190.5,88,GK,Argentina,70,70,1100000,8000,Right,1,2,1,Normal,1600000,,,,,19,10,12,24,12,12,16,17,20,14,40,44,33,66,42,23,57,40,74,20,27,28,17,37,24,44,18,12,20
F. Giefer,Fabian Giefer,5/17/1990,28,195.58,93,GK,Germany,70,71,1400000,10000,Right,1,1,1,Normal,2700000,,,,,11,11,23,32,14,12,16,14,22,22,38,37,43,68,35,24,68,25,74,15,44,18,19,33,21,37,15,12,15
D. Batubinsika,Dylan Batubinsika,2/15/1996,23,185.42,87.1,CB,France,70,77,2100000,6000,Right,1,3,2,Normal,3600000,,,,,35,21,67,62,20,50,22,28,59,55,64,75,52,63,56,50,66,68,87,23,73,66,24,54,31,59,67,71,70
S. Kaneko,金子 翔太,5/2/1995,23,162.56,58.1,"RM,ST",Japan,70,77,2500000,3000,Right,1,3,3,Stocky,3600000,,,,,71,70,38,65,54,72,67,72,61,69,87,82,91,58,95,65,77,81,53,62,58,26,68,46,61,53,31,41,42
Edsinho Torres,Edson Gérson Torres Guerra,2/29/1984,35,152.4,77.1,LB,Brazil,70,70,500000,9000,Right,1,3,2,Normal,950000,,,,,73,48,70,62,43,48,44,63,60,75,62,76,63,65,72,62,62,79,65,59,75,57,55,48,70,62,68,68,77
A. Rosi,Aleandro Rosi,5/17/1987,31,182.88,79.8,"RM,RB",Italy,70,70,1600000,3000,Right,1,3,3,Lean,2500000,,,,,73,54,60,68,42,71,65,54,68,72,72,72,70,70,60,72,68,77,73,65,72,65,62,58,50,74,64,68,70
E. López,Eduardo López,9/17/1994,24,167.64,66.2,"RM,CAM,LM",Mexico,70,74,2300000,17000,Left,1,4,3,Normal,4100000,,,,,58,68,41,70,53,78,65,64,64,76,76,77,85,53,86,76,67,70,48,73,32,17,63,70,61,70,47,32,26
S. Hain,Stephan Hain,9/27/1988,30,152.4,74.8,ST,Germany,70,70,1800000,4000,Right,1,4,3,Stocky,2600000,,,,,55,73,59,63,66,71,42,44,34,70,77,74,81,67,76,68,68,69,63,57,62,17,72,59,53,69,33,15,14
J. Caicedo,Juan Caicedo,7/13/1989,29,187.96,78.9,ST,Colombia,70,70,1800000,3000,Right,1,2,2,Normal,,,,,,54,68,72,62,59,63,53,40,37,62,66,72,63,65,48,68,71,65,85,63,43,20,76,64,67,62,40,24,23
P. Souaré,Pape  N'Diaye Souaré,6/6/1990,28,152.4,66.2,LB,Senegal,70,70,1400000,25000,Left,1,2,3,Lean,2700000,,,,,73,43,60,68,43,67,68,63,66,69,71,69,71,70,68,60,81,59,63,52,71,67,73,64,49,65,74,69,71
G. Carey,Graham Carey,5/20/1989,29,175.26,71.2,"RM,LM,CAM",Republic of Ireland,70,70,1700000,8000,Left,1,3,3,Normal,3000000,,,,,67,62,58,66,67,70,75,73,68,68,84,75,83,60,75,77,65,85,71,73,68,66,59,67,66,71,62,58,55
N. McGinn,Niall McGinn,7/20/1987,31,152.4,73,"LM,RM",Northern Ireland,70,70,1700000,5000,Right,1,5,3,Lean,2900000,Northern Ireland,71,RM,7,67,67,62,63,61,72,71,73,53,72,77,83,83,64,86,67,58,82,59,61,53,48,66,68,67,69,44,13,15
L. Lacroix,Léo Lacroix,2/27/1992,27,198.12,92.1,CB,Switzerland,70,72,1800000,15000,Right,1,3,2,Normal,,,,,,52,35,72,68,38,52,55,50,66,60,35,34,34,63,32,63,65,74,88,51,62,66,37,48,55,67,67,74,70
I. Bel Hassani,Iliass Bel Hassani,9/16/1992,26,175.26,72.1,"CAM,RM",Morocco,70,72,2200000,8000,Left,1,2,4,Normal,,,,,,70,63,46,70,57,72,70,63,70,72,67,66,75,63,77,67,60,51,60,68,52,42,62,70,58,68,42,34,41
L. Lollo,Luciano Lollo,3/29/1987,31,182.88,84.8,CB,Argentina,70,70,1200000,11000,Right,1,2,2,Normal,1700000,,,,,34,25,74,60,28,37,27,29,32,55,34,30,40,66,47,42,82,40,74,25,71,66,33,30,67,68,73,71,68
F. Jungwirth,Florian Jungwirth,1/27/1989,30,154.94,79.8,"CB,CDM",Germany,70,70,1400000,5000,Right,1,4,2,Normal,2100000,,,,,48,41,65,68,37,61,45,25,69,65,53,53,58,71,63,52,68,81,69,34,71,70,53,52,37,67,68,70,72
J. Silbeira,Jose Miguel Silbeira,2/29/1996,23,185.42,91.2,GK,Paraguay,70,72,,,Right,1,2,1,Stocky,,,,,,19,14,14,32,14,17,15,22,27,20,46,43,46,69,44,26,59,51,48,19,47,20,12,17,29,55,22,13,12
E. Bush,Evan Bush,3/6/1986,33,185.42,83,GK,United States,70,70,1000000,4000,Right,1,2,1,Normal,1500000,,,,,16,19,20,32,11,17,13,18,32,15,49,49,42,66,28,23,69,45,73,15,45,20,18,50,22,49,18,11,15
Campillo,Antonio Campillo Medina,12/16/1990,28,175.26,69.9,"LM,CAM",Spain,70,70,1900000,6000,Right,1,3,3,Normal,3000000,,,,,61,73,49,75,51,69,81,71,69,74,61,67,59,65,70,80,54,80,62,71,59,68,64,69,68,68,45,59,46
F. Ondoa,Fabrice Ondoa,12/24/1995,23,185.42,89.8,GK,Cameroon,70,76,1800000,6000,Right,1,2,1,Normal,3000000,Cameroon,75,SUB,16,14,18,16,41,17,16,13,20,45,22,50,56,67,59,52,16,72,43,74,16,19,16,12,30,23,27,19,15,15
F. Mancinelli,Federico Mancinelli,5/8/1982,36,154.94,79.8,CB,Argentina,70,70,240000,6000,Right,1,3,2,Stocky,360000,,,,,61,33,63,64,34,55,39,29,48,65,45,35,53,74,69,56,56,75,78,50,75,68,46,31,55,76,76,71,59
K. Overmeire,Killian Overmeire,12/6/1985,33,187.96,83.9,CDM,Belgium,70,70,1000000,8000,Right,1,3,2,Normal,1500000,,,,,62,38,65,66,48,57,50,59,68,64,67,69,61,65,59,75,63,85,81,55,74,70,59,60,48,67,68,68,67
H. Campagnaro,Hugo Armando Campagnaro,6/27/1980,38,154.94,84.8,CB,Argentina,70,70,240000,2000,Right,2,3,2,Normal,372000,,,,,58,28,65,56,29,45,37,35,56,53,34,42,51,64,70,68,86,39,86,36,66,69,38,44,38,73,74,70,68
N. Đurđić,Nikola Đurđić,4/1/1986,32,182.88,77.1,ST,Serbia,70,70,1400000,5000,Right,1,4,3,Lean,1800000,,,,,59,67,66,62,66,66,65,53,60,65,69,70,73,76,65,66,72,75,73,66,79,58,79,65,67,66,49,49,44
Hugo Vieira,Hugo Filipe da Costa Oliveira,7/25/1988,30,152.4,73,"ST,RW,CF",Portugal,70,70,1800000,10000,Right,1,3,3,Normal,3600000,,,,,67,66,60,59,69,72,68,48,54,68,84,88,82,75,71,71,81,73,59,60,56,23,71,68,60,68,25,28,19
R. Loaiza,Raúl Alberto Loaiza Morelos,6/8/1994,24,154.94,69.9,"CM,CDM",Colombia,70,76,2400000,3000,Right,1,3,3,Normal,,,,,,59,35,62,74,33,63,33,33,72,68,61,61,61,64,63,50,77,84,70,60,71,70,64,69,36,66,65,67,59
B. Khuzwayo,Brilliant Khuzwayo,2/9/1990,29,190.5,74.8,GK,South Africa,70,72,1500000,1000,Right,1,2,1,Lean,3300000,,,,,16,14,12,34,14,20,18,12,35,22,35,42,31,52,49,21,61,26,59,13,19,19,13,43,22,34,17,9,8
A. Salvi,Alessandro Salvi,6/5/1988,30,182.88,76.2,"RB,LB,RM",Italy,70,70,1300000,3000,Right,1,3,3,Lean,2100000,,,,,64,56,62,67,53,66,52,60,63,66,77,80,80,70,71,64,73,82,70,61,71,63,61,63,60,66,70,66,66
J. Zárate,Jorge Alejandro Zárate Careaga,1/20/1992,27,167.64,64,"LM,RM",Mexico,70,70,1900000,5000,Left,1,3,3,Lean,3100000,,,,,60,60,41,68,50,75,55,52,60,68,84,88,79,60,84,64,73,81,51,58,24,40,65,67,59,66,32,38,45
S. Bornauw,Sebastiaan Bornauw,3/22/1999,19,190.5,88,CB,Belgium,70,82,2700000,4000,Right,1,3,2,Normal,4600000,,,,,65,34,68,67,26,56,41,42,72,65,60,64,58,62,52,61,63,66,88,39,71,63,42,57,34,62,65,71,67
Óscar,Óscar Rodríguez Arnaiz,6/28/1998,20,175.26,68,"CM,LM",Spain,70,83,3400000,44000,Right,1,3,3,Normal,,,,,,68,69,42,72,42,79,78,82,68,76,68,66,67,70,77,59,59,53,50,71,43,60,66,70,53,70,47,47,43
M. Parkhurst,Michael Parkhurst,1/24/1984,35,154.94,72.1,CB,United States,70,70,550000,5000,Right,1,3,2,Normal,825000,,,,,53,34,68,71,36,59,34,31,73,60,49,58,54,69,64,49,58,73,67,40,69,66,28,51,49,73,74,71,70
M. Rodák,Marek Rodák,12/13/1996,22,195.58,84.8,GK,Slovakia,70,77,1900000,13000,Right,1,3,1,Lean,,,,,,15,20,15,28,19,15,13,17,17,21,51,41,43,65,46,19,56,27,68,15,21,21,17,28,23,51,8,17,16
Rodri,Rodrigo Ríos Lozano,6/6/1990,28,175.26,73.9,ST,Spain,70,70,1800000,7000,Right,1,4,3,Normal,2900000,,,,,56,68,60,54,73,68,59,49,46,76,81,78,90,66,78,78,91,62,71,60,74,26,69,60,60,58,16,15,11
L. Mareček,Lukáš Mareček,4/17/1990,28,182.88,78.9,"CM,CDM,CAM",Czech Republic,70,70,1800000,9000,Right,1,3,3,Lean,2600000,,,,,68,48,60,71,57,67,69,68,69,73,67,69,68,66,65,74,67,78,65,63,70,70,57,71,55,67,69,70,67
A. Nordin,Arnaud Nordin,6/17/1998,20,170.18,68.9,LM,France,70,80,2900000,12000,Left,1,4,3,Stocky,6000000,,,,,63,70,46,66,51,74,61,42,59,69,84,82,73,57,79,69,62,58,56,66,31,28,67,67,55,58,28,32,26
J. Siebatcheu,Theoson Jordan Siebatcheu,4/26/1996,22,190.5,83.9,ST,France,70,77,2500000,16000,Right,1,3,3,Normal,5300000,,,,,52,72,70,66,67,64,58,43,49,69,63,66,63,67,61,69,70,69,78,61,40,28,71,56,65,62,26,18,24
Joel Pereira,Joel Castro Pereira,6/28/1996,22,187.96,69.9,GK,Portugal,70,78,2000000,31000,Right,1,2,1,Normal,,,,,,10,12,11,36,7,11,9,11,20,20,43,43,34,65,44,12,54,34,56,11,22,20,14,55,12,54,13,11,9
S. Muntari,Sulley Ali Muntari,8/27/1984,34,152.4,76.2,"CM,CDM",Ghana,70,70,1000000,5000,Left,2,2,3,Normal,1700000,,,,,59,60,60,73,72,69,68,60,69,71,50,45,64,65,65,81,75,54,87,80,86,76,67,63,70,71,74,72,66
A. Tchouaméni,Aurélien Tchouaméni,1/27/2000,19,185.42,79.8,CM,France,70,84,3600000,10000,Right,1,3,3,Lean,9500000,,,,,47,48,64,73,44,70,47,45,70,73,71,74,66,69,60,67,72,70,74,46,72,69,67,65,47,70,69,71,61
Jhonatan,Jhonatan Luiz da Siqueira,5/8/1991,27,187.96,78.9,GK,Brazil,70,72,1400000,3000,Right,1,2,1,Lean,3100000,,,,,18,12,14,23,12,12,12,15,21,15,31,35,34,66,50,19,60,40,62,16,22,25,10,61,11,30,13,17,12
R. Echeverría,Rodrigo Eduardo Echeverría Sáez,4/7/1995,23,154.94,73,"CB,CDM,CM",Chile,70,76,2100000,6000,Right,1,3,3,Lean,3300000,,,,,52,44,66,67,36,61,45,40,69,66,64,69,61,65,67,67,60,74,75,59,76,67,55,60,44,53,70,70,67
A. Bernardini,Alessandro Bernardini,1/21/1987,32,190.5,73,CB,Italy,70,70,1200000,3000,Right,1,2,2,Normal,1900000,,,,,36,21,70,53,41,35,37,38,40,52,55,67,49,65,31,58,84,70,75,49,69,69,24,47,24,70,68,72,66
B. Schmitz,Benno Schmitz,11/17/1994,24,182.88,74.8,"RB,LB,CDM",Germany,70,73,1900000,9000,Right,1,3,2,Lean,2900000,,,,,67,35,59,70,42,62,68,58,52,67,68,69,68,71,64,71,67,70,71,64,65,69,63,57,32,66,68,72,70
D. Bisoli,Dimitri Bisoli,3/25/1994,24,154.94,72.1,"CM,CAM",Italy,70,74,2300000,3000,Right,1,3,3,Lean,3800000,,,,,56,67,45,72,59,67,63,63,69,70,74,74,61,61,79,64,73,78,60,68,61,64,65,72,45,63,61,60,41
I. Sylla,Idrissa Sylla,12/3/1990,28,185.42,73,ST,Guinea,70,70,1900000,10000,Left,1,3,3,Lean,2800000,,,,,53,68,78,61,63,65,50,49,54,68,65,73,73,66,65,70,81,64,72,62,67,30,73,58,63,67,20,21,20
M. Dawson,Michael  Dawson,11/18/1983,35,187.96,76.2,CB,England,70,70,550000,24000,Right,2,3,2,Lean,1000000,,,,,19,25,73,57,23,17,23,11,66,59,31,28,44,67,50,62,66,45,77,21,73,66,35,43,44,70,75,70,71
A. Fathi,Ahmed Fathy Abdel Meneim Ibrahim,11/10/1984,34,175.26,76.2,"RB,CDM",Egypt,70,70,,,Right,2,4,3,Normal,,,,,,70,59,50,64,62,67,65,35,72,66,77,74,73,67,68,72,57,70,69,69,77,69,66,67,57,65,75,71,68
E. Löwen,Eduard Löwen,1/28/1997,22,187.96,91.2,"CDM,CM,CB,LM",Germany,70,80,2500000,9000,Right,1,4,3,Stocky,5000000,,,,,58,49,64,75,46,70,57,59,64,74,63,71,60,65,61,88,62,88,86,61,72,59,61,70,36,58,61,66,60
R. Green,Robert Green,1/18/1980,39,187.96,92.1,GK,England,70,70,120000,21000,Right,2,3,1,Normal,222000,,,,,19,12,15,26,12,14,16,13,14,15,37,31,44,66,40,22,65,26,54,11,26,20,13,58,21,49,14,12,11
L. Tawamba,Léandre Tawamba,12/20/1989,29,187.96,84.8,ST,Cameroon,70,70,1800000,14000,Right,1,3,3,Normal,3000000,,,,,31,72,72,58,62,65,38,35,35,68,68,80,63,64,47,69,83,72,86,64,55,16,67,59,67,68,26,15,14
P. Galdames,Pablo Ignacio Galdames Millán,12/30/1996,22,175.26,68,"CM,CDM",Chile,70,80,2800000,7000,Right,1,4,3,Normal,4800000,,,,,63,60,58,70,40,70,38,67,69,68,77,75,80,60,78,66,70,83,57,67,55,70,66,68,59,62,67,65,56
M. Müller,Marius Müller,7/12/1993,25,193.04,89.8,GK,Germany,70,75,1700000,15000,Right,1,2,1,Normal,3000000,,,,,11,10,12,22,9,10,11,13,16,20,25,38,34,67,38,23,66,35,77,12,27,14,11,48,18,26,20,13,11
Unai Medina,Unai Medina Pérez,2/16/1990,29,152.4,78,RB,Spain,70,70,1400000,6000,Right,1,3,2,Normal,2200000,,,,,71,48,55,60,19,57,59,61,59,64,74,79,72,66,70,77,89,84,80,55,76,70,47,43,63,65,73,68,65
S. Allagui,Sami Allagui,5/28/1986,32,152.4,77.1,"ST,RM,CAM",Tunisia,70,70,1400000,11000,Right,2,3,3,Normal,2300000,,,,,65,67,65,70,73,72,67,63,54,71,75,68,77,71,73,73,84,64,64,66,52,23,71,59,68,73,28,26,23
A. Bastía,Adrián Jesús Bastía Beruzzi,12/20/1978,40,152.4,73.9,"CDM,CM",Argentina,70,70,120000,5000,Right,1,3,3,Lean,180000,,,,,61,54,67,72,61,73,46,60,63,67,59,44,58,60,59,67,70,63,74,70,82,78,62,63,76,72,64,67,63
T. Kempe,Tobias Kempe,6/27/1989,29,182.88,77.1,"CM,RM,CAM",Germany,70,70,1700000,12000,Right,1,3,3,Normal,2700000,,,,,78,60,50,71,62,72,81,75,66,75,70,68,71,70,68,75,65,81,72,71,53,42,61,77,76,73,35,45,37
Z. Touré,Zargo Touré,11/11/1989,29,182.88,78.9,CB,Senegal,70,70,1400000,16000,Right,1,3,2,Normal,2900000,,,,,30,14,75,53,13,32,25,42,58,58,67,73,59,65,58,44,90,78,80,19,72,65,44,44,39,60,68,69,60
Fidel,Fidel Chaves de la Torre,10/27/1989,29,154.94,73.9,"LM,RM",Spain,70,70,1800000,7000,Left,1,2,3,Lean,2900000,,,,,66,67,46,65,58,72,67,65,62,71,74,74,77,73,74,72,71,61,58,66,65,35,75,67,72,65,43,21,35
O. Kolář,Ondřej Kolář,10/17/1994,24,193.04,81.2,GK,Czech Republic,70,77,1800000,1000,Right,1,3,1,Normal,4400000,Czech Republic,75,SUB,23,13,7,11,38,6,25,13,14,29,27,49,46,44,69,24,16,33,20,60,8,17,11,5,42,15,33,17,12,14
J. Lawrence,James Alexander Lawrence,8/22/1992,26,187.96,81.2,"CB,LB,CDM",Wales,69,72,1100000,8000,Left,1,3,2,Normal,1700000,,,,,65,21,66,67,26,51,27,32,72,64,47,55,51,65,51,45,50,65,76,26,65,67,37,59,34,66,68,70,69
J. Maclaren,Jamie Maclaren,7/29/1993,25,152.4,76.2,ST,Australia,69,72,1400000,6000,Right,1,4,3,Normal,1800000,Melbourne City FC,66,ST,29,57,68,62,61,64,66,70,59,50,66,85,83,84,74,82,65,83,81,70,60,71,52,71,63,72,72,25,32,31
A. Sobiech,Artur Sobiech,6/12/1990,28,182.88,74.8,ST,Poland,69,69,1100000,5000,Right,2,3,2,Normal,1500000,,,,,55,70,73,65,62,62,43,51,36,66,64,73,65,67,59,70,81,64,73,62,71,32,69,61,71,64,19,32,24
A. Jansen,Anco Jansen,3/9/1989,29,185.42,77.1,"ST,CAM",Netherlands,69,69,1100000,5000,Right,1,4,3,Stocky,1500000,,,,,73,67,61,71,57,70,69,70,66,68,64,67,65,64,60,80,62,70,82,76,78,39,58,67,69,64,47,31,30
F. Zampano,Francesco Zampano,9/30/1993,25,152.4,73.9,"RM,RB",Italy,69,72,1300000,2000,Right,1,3,3,Normal,,,,,,76,40,56,71,36,71,61,26,65,70,78,76,77,66,78,56,72,78,65,48,66,66,57,54,30,66,63,70,68
K. Stuhr-Ellegaard,Kevin Stuhr-Ellegaard,5/23/1983,35,195.58,93,GK,Denmark,69,69,250000,2000,Right,1,2,1,Normal,313000,,,,,12,12,13,40,13,14,11,14,35,25,35,40,31,69,30,23,54,30,77,14,36,24,14,50,14,56,25,14,12
M. Bunn,Mark Bunn,11/16/1984,34,182.88,77.1,GK,England,69,69,525000,7000,Right,1,2,1,Normal,998000,,,,,14,15,11,18,11,16,13,16,43,34,48,46,54,64,63,27,68,33,60,14,40,20,14,44,44,48,11,20,14
Juanjo,Juan José Ciércoles Sagra,5/27/1988,30,175.26,67.1,"CDM,CM",Spain,69,69,775000,2000,Right,1,3,2,Normal,969000,,,,,41,23,56,69,21,58,45,53,67,68,55,50,72,72,70,52,75,77,70,42,83,66,41,66,50,67,68,64,58
D. Odoi,Denis Odoi,5/27/1988,30,152.4,72.1,"CB,RB",Belgium,69,69,775000,22000,Right,1,3,3,Lean,1500000,,,,,64,39,61,71,49,71,59,59,64,68,78,85,84,68,73,62,85,66,64,54,71,68,62,59,49,77,65,70,66
J. Ngandu Kayamba,Joel Ngandu Kayamba,4/17/1992,26,152.4,66.2,"RW,RM",DR Congo,69,70,1200000,1000,Right,1,3,3,Lean,2800000,,,,,67,65,54,61,57,71,62,53,57,69,89,87,91,63,80,66,66,70,41,56,54,28,64,63,62,59,19,29,26
M. Morganella,Michel Morganella,5/17/1989,29,182.88,78,"RM,LM",Switzerland,69,69,1000000,3000,Right,1,3,3,Normal,1600000,,,,,71,32,59,66,52,69,71,54,66,69,77,79,68,73,70,64,71,88,72,59,69,69,61,59,56,69,62,75,70
V. Fındıklı,Volkan Fındıklı,10/13/1990,28,190.5,83.9,"CDM,CB",Turkey,69,70,1000000,8000,Right,1,2,3,Normal,2100000,,,,,52,34,60,74,31,70,37,39,65,72,34,36,42,57,60,65,67,62,82,36,75,70,37,51,56,63,68,66,64
Denilson,Denilson Pereira Junior,7/18/1995,23,187.96,72.1,"LM,ST",Brazil,69,77,1500000,10000,Right,1,2,3,Lean,2900000,,,,,55,65,69,65,57,74,52,36,63,72,76,75,77,65,57,61,63,75,67,55,68,24,67,66,62,61,25,23,22
J. Villota,Juan Sebastián Villota Vargas,2/18/1992,27,170.18,68.9,"CAM,CM",Colombia,69,70,1200000,1000,Right,1,3,3,Stocky,1800000,,,,,64,59,54,67,39,68,73,71,65,72,72,66,76,64,81,68,72,76,57,67,59,56,67,70,62,67,57,56,52
Isma López,Ismael López Blanco,1/29/1990,29,152.4,74.8,"LB,LM,LWB",Spain,69,69,825000,5000,Left,1,3,3,Lean,1300000,,,,,69,49,48,68,49,68,70,59,61,65,83,81,81,67,71,71,62,82,69,59,66,65,70,59,49,61,56,64,67
B. Riveros,Blas Riveros,2/3/1998,21,152.4,68,"LB,LM,LWB",Paraguay,69,81,1600000,8000,Left,1,3,3,Lean,2800000,,,,,74,25,42,66,25,73,54,32,57,74,85,84,84,66,77,44,73,84,72,48,54,57,66,34,40,63,71,62,63
I. Chebake,Issam Chebake,10/12/1989,29,175.26,73,"RB,LB",Morocco,69,69,825000,7000,Right,1,2,2,Normal,1700000,,,,,60,35,74,60,28,69,31,49,47,62,68,73,72,65,68,48,60,72,64,40,74,68,48,42,44,52,68,72,70
F. Schultz,Franz Hermann Schultz Ramírez,7/20/1991,27,172.72,72.1,"RB,CM,RM",Chile,69,69,900000,6000,Right,1,3,3,Lean,,,,,,69,58,55,70,40,65,66,56,67,67,72,79,82,65,75,49,60,88,68,58,46,66,70,61,32,67,58,59,65
F. Kurto,Filip Kurto,6/14/1991,27,190.5,92.1,GK,Poland,69,71,850000,2000,Right,1,2,1,Normal,1100000,,,,,12,13,11,26,12,14,11,12,24,25,59,61,52,72,43,18,51,42,67,13,38,20,13,22,15,53,12,11,11
S. Mosquera,Sergio Andrés Mosquera Zapata,2/9/1994,25,185.42,77.1,"CB,RB",Colombia,69,74,1200000,2000,Right,1,4,2,Lean,1800000,,,,,23,32,79,53,22,38,39,61,49,58,46,50,39,58,37,71,40,54,89,45,65,63,23,26,38,63,69,69,65
F. Seymour,Felipe Ignacio Seymour Dobud,7/23/1987,31,175.26,78,"CM,CDM",Chile,69,69,975000,3000,Right,1,3,3,Normal,1300000,,,,,66,50,57,72,62,63,60,57,69,68,71,66,70,64,77,70,56,83,69,64,74,72,65,66,53,67,70,71,64
R. Ghoochannejhad,Reza Ghoochannejhad Nournia,9/20/1987,31,154.94,76.2,ST,Iran,69,69,1000000,6000,Left,1,3,3,Normal,1300000,,,,,54,70,64,65,67,68,58,54,53,69,68,73,77,71,71,65,65,62,65,64,46,30,70,66,71,69,60,32,28
R. Maniero,Riccardo Maniero,11/26/1987,31,182.88,74.8,ST,Italy,69,69,1000000,2000,Right,1,3,2,Stocky,1600000,,,,,40,72,73,62,62,59,62,45,52,69,56,55,71,60,56,70,82,62,81,65,52,20,73,55,72,66,45,18,13
N. Theuerkauf,Norman Theuerkauf,1/24/1987,32,182.88,79.8,"LB,CB,CDM",Germany,69,69,700000,6000,Left,1,3,2,Normal,1100000,,,,,65,45,60,68,44,58,57,55,65,63,60,54,68,68,65,73,68,84,72,62,70,70,56,58,64,65,69,70,68
F. Fielding,Frank Fielding,4/4/1988,30,185.42,76.2,GK,England,69,69,675000,14000,Right,1,3,1,Normal,1300000,,,,,18,11,22,33,13,12,12,15,29,23,42,39,44,70,45,19,65,33,64,13,38,21,11,37,22,41,12,12,14
C. Lampe,Carlos Lampe,3/17/1987,31,193.04,86.2,GK,Bolivia,69,69,,,Right,1,3,1,Lean,,,,,,14,17,12,23,12,13,13,18,19,21,28,35,39,65,34,13,36,18,70,17,35,27,17,55,14,45,19,17,13
A. Guliev,Ayaz Guliev,2/27/1996,23,170.18,63,"CM,CDM",Russia,69,76,1500000,1000,Right,1,4,3,Lean,3300000,,,,,67,58,51,74,47,71,42,55,69,73,78,73,81,68,87,69,59,67,51,67,60,56,55,66,51,55,64,63,64
Luciano Cacheira,Luciano Renato Cacheira Sá,2/29/1984,35,154.94,74.8,GK,Brazil,69,69,425000,8000,Right,1,2,1,Normal,808000,,,,,13,9,17,16,29,13,20,12,11,14,29,33,49,66,50,33,64,22,38,15,33,8,11,48,18,49,24,18,17
Alberto,Alberto Jiménez Benítez,11/15/1992,26,185.42,78,"CB,CDM",Spain,69,73,1100000,5000,Right,1,2,3,Stocky,1900000,,,,,42,42,63,70,31,63,45,53,60,65,69,63,63,64,71,82,74,83,84,65,77,68,50,62,47,67,65,69,59
J. Gyau,Joseph-Claude Gyau,9/16/1992,26,175.26,74.8,"LM,RM",United States,69,70,1200000,4000,Left,1,4,4,Normal,2100000,,,,,62,58,40,63,57,73,63,45,52,67,91,91,86,70,83,63,80,78,63,58,54,25,65,53,51,70,52,31,34
B. Gimber,Benedikt Gimber,2/19/1997,22,185.42,83,"CB,CDM",Germany,69,79,1500000,8000,Left,1,3,2,Normal,2700000,,,,,47,37,65,67,28,49,30,24,64,52,57,55,65,68,65,56,67,58,77,48,74,66,26,50,25,49,70,69,67
C. Rodríguez,Camilo Bryan Rodríguez Pedraza,3/4/1995,24,170.18,66.2,"RB,CM",Chile,69,75,1200000,2000,Right,1,3,3,Lean,1900000,,,,,69,32,54,66,32,65,58,34,64,73,71,74,70,62,71,45,65,74,72,48,63,64,65,58,36,62,68,68,66
K. Fortuné,Kévin Fortuné,8/6/1989,29,182.88,79.8,"ST,LW,RW",France,69,69,1100000,5000,Right,1,3,3,Normal,1900000,,,,,56,72,61,64,60,65,63,65,45,64,80,73,67,65,61,72,72,69,72,64,34,18,64,63,64,61,44,18,17
Y. Komai,驹井 善成,6/6/1992,26,167.64,64,"RM,RWB",Japan,69,70,1200000,3000,Right,1,2,3,Lean,1600000,,,,,71,59,39,68,53,69,55,50,52,66,88,76,83,61,75,65,81,74,53,62,46,63,65,59,59,57,40,62,60
N. Eliasson,Niclas Eliasson,12/7/1995,23,152.4,72.1,"RM,LM",Sweden,69,76,1500000,17000,Left,1,3,3,Normal,3100000,,,,,77,56,30,63,57,71,70,60,51,68,90,83,85,63,74,55,58,69,45,56,28,26,48,70,46,55,40,37,25
L. Gülen,Levent Gülen,2/24/1994,25,185.42,77.1,"CB,RB,LB",Switzerland,69,73,1200000,6000,Right,1,3,2,Normal,2400000,,,,,38,24,67,63,37,58,38,30,60,64,77,78,70,68,73,42,80,78,80,22,56,64,43,40,44,58,65,71,65
Júnior Negão,Gleidionor Figueiredo Pinto Júnior,12/30/1986,32,187.96,83,"ST,RW",Brazil,69,69,950000,5000,Left,1,2,3,Normal,1200000,,,,,41,73,67,65,70,66,64,52,58,70,68,69,63,62,53,68,52,68,76,55,73,23,67,57,69,53,34,33,34
S. Ay,Selim Ay,7/31/1991,27,182.88,79.8,CB,Turkey,69,72,1100000,8000,Right,1,2,2,Lean,2300000,,,,,49,33,74,61,24,42,26,36,59,51,66,66,58,60,58,64,80,74,76,43,78,70,41,33,53,55,62,69,66
Y. Cabrera,Yesus Segundo Cabrera Ramírez,9/15/1990,28,167.64,59.9,"CAM,CM",Colombia,69,69,1100000,1000,Left,1,4,3,Normal,1500000,,,,,60,67,37,65,45,71,58,36,63,65,75,80,92,61,90,58,82,69,32,64,36,51,65,70,57,57,51,53,42
A. El Messaoudi,Ahmed El Messaoudi,8/3/1995,23,182.88,79.8,"CDM,CM,CB",Morocco,69,74,1200000,4000,Right,1,4,2,Stocky,1800000,,,,,42,32,66,69,32,61,27,25,67,69,60,53,60,64,69,77,62,69,77,50,72,66,39,67,37,62,69,66,63
M. López,Marcos Mauro López,1/9/1991,28,187.96,79.8,CB,Argentina,69,70,1000000,5000,Right,1,3,2,Normal,1700000,,,,,45,39,75,66,37,57,36,39,62,63,60,59,35,62,56,50,64,68,71,45,64,67,35,36,38,52,64,71,67
A. Rrahmani,Amir Rrahmani,2/24/1994,25,193.04,87.1,"CB,LB,RB",Kosovo,69,72,1100000,1000,Right,1,4,2,Normal,2600000,,,,,42,21,74,48,26,34,24,21,22,51,51,70,41,61,47,33,70,74,84,31,78,65,34,39,34,56,60,72,70
C. Rizzuto,Calogero Rizzuto,1/5/1992,27,170.18,73,"RWB,RM",Germany,69,70,1000000,4000,Right,1,3,3,Normal,1600000,,,,,70,44,40,67,40,64,64,48,58,61,81,65,81,65,88,55,76,85,66,37,81,62,55,51,63,59,61,65,67
Roldão Riso,Roldão Tony Riso Cardenas,2/29/1992,27,152.4,78,"CDM,CB",Brazil,69,69,925000,12000,Right,1,3,2,Stocky,1700000,,,,,65,45,72,71,54,62,55,71,71,61,68,66,72,65,64,53,57,74,74,52,52,66,40,71,72,52,71,72,66
K. Rowe,Kelyn Rowe,12/2/1991,27,172.72,69.9,"CAM,LB,CM,RM",United States,69,70,1200000,4000,Right,1,4,3,Normal,1900000,,,,,73,63,52,70,50,70,75,70,66,68,64,66,69,70,77,79,64,71,60,75,62,63,68,68,64,71,53,65,60
Y. Cabral,Yonathan Emanuel Cabral,5/10/1992,26,187.96,84.8,CB,Argentina,69,74,1200000,9000,Right,1,2,2,Normal,,,,,,33,23,79,52,31,44,31,28,56,44,37,55,36,65,39,40,57,42,86,28,72,65,33,44,41,49,69,70,65
B. Sangaré,Badra Ali Sangaré,5/30/1986,32,154.94,78,GK,Ivory Coast,69,69,,,Right,1,3,1,Normal,,,,,,14,13,16,30,19,19,15,19,25,18,45,40,38,68,63,19,65,24,65,19,28,19,19,29,19,49,16,20,20
D. Bomheuer,Dustin Bomheuer,4/17/1991,27,193.04,86.2,"CB,LB",Germany,69,70,1000000,4000,Right,1,3,2,Normal,1700000,,,,,38,30,73,58,22,51,21,23,58,57,58,64,50,65,54,45,51,61,82,18,68,65,35,37,33,61,67,69,65
L. Gregory,Lee Gregory,8/26/1988,30,187.96,79.8,ST,England,69,69,1100000,8000,Right,1,3,3,Normal,2000000,,,,,43,70,66,59,65,64,56,61,46,67,67,74,69,69,58,68,64,72,79,59,70,21,72,61,71,64,24,23,29
Alex Geijo,Alexandre Geijo Pazos,3/11/1982,36,187.96,81.2,ST,Spain,69,69,375000,2000,Right,1,3,2,Lean,581000,,,,,51,72,72,61,66,59,62,53,50,63,56,65,69,67,56,73,85,62,89,59,63,28,70,55,74,70,26,31,26
N. Byrne,Nathan Byrne,6/5/1992,26,172.72,69.9,"RB,RM",England,69,71,1000000,22000,Right,1,3,3,Lean,2000000,,,,,69,50,56,68,41,68,49,33,63,68,90,83,75,63,77,56,66,78,62,55,62,60,56,52,42,55,66,65,63
Anderson Lopes,Anderson José Lopes de Souza,9/15/1993,25,185.42,82.1,"ST,RW",Brazil,69,73,1400000,3000,Left,1,4,4,Normal,1800000,,,,,58,69,54,62,52,70,55,53,55,69,85,86,80,67,50,73,59,75,78,69,65,25,61,66,68,65,33,25,19
A. Rosati,Antonio Rosati,6/26/1983,35,195.58,81.2,GK,Italy,69,69,250000,9000,Right,1,1,1,Normal,425000,,,,,11,8,10,24,14,11,15,16,31,21,32,31,36,73,50,21,68,36,65,12,22,9,7,43,25,58,11,10,12
Jang Hyeon Soo,장현수 张贤秀,9/28/1991,27,187.96,77.1,CB,Korea Republic,69,69,925000,5000,Right,1,3,2,Lean,1200000,,,,,26,23,73,48,26,63,22,25,39,65,68,67,48,58,47,38,69,66,82,21,75,63,22,56,33,65,71,68,67
I. Sackey,Isaac Sackey,4/4/1994,24,190.5,88,"CDM,CB",Ghana,69,76,1300000,6000,Right,1,2,2,Normal,2800000,,,,,44,48,77,64,32,60,41,46,60,65,55,43,57,52,42,79,68,76,90,78,72,74,38,52,52,52,70,72,68
J. Huth,Jannik Huth,4/15/1994,24,185.42,79.8,GK,Germany,69,77,1200000,8000,Right,1,4,1,Normal,2200000,,,,,17,16,10,33,15,22,22,15,30,24,54,55,50,66,44,25,74,32,63,14,28,25,20,42,24,41,22,14,11
M. Makola,Terence Mpho Makola,5/4/1986,32,172.72,69.9,"CAM,LM,CM",South Africa,69,69,825000,1000,Right,1,3,3,Normal,1800000,,,,,61,61,56,71,57,70,70,78,66,70,70,67,80,62,72,68,58,62,55,69,56,29,66,65,50,71,62,55,34
J. Blaswich,Janis Blaswich,5/2/1991,27,193.04,88,GK,Germany,69,73,925000,3000,Right,1,3,1,Normal,1400000,,,,,20,18,15,38,13,19,29,8,34,31,45,38,31,53,33,32,73,31,74,16,39,19,11,41,30,54,10,15,13
Rafa López,Rafael López Gómez,4/9/1985,33,152.4,72.1,"CB,CM",Spain,69,69,425000,4000,Right,1,4,2,Lean,659000,,,,,53,40,68,65,54,48,44,46,63,56,53,54,51,63,63,52,75,61,69,47,75,72,38,39,44,66,69,69,68
L. Choutesiotis,Lefteris Choutesiotis,7/20/1994,24,185.42,86.2,GK,Greece,69,75,1100000,1000,Right,1,3,1,Normal,2400000,,,,,12,15,18,25,17,20,21,21,22,18,60,52,66,62,50,47,70,34,62,12,19,12,12,45,26,54,18,15,12
E. Oikonomou,Evangelos Oikonomou,7/18/1987,31,185.42,81.2,"CB,LB",Greece,69,69,775000,1000,Left,1,2,2,Normal,1700000,,,,,69,30,63,66,33,60,41,52,68,63,65,67,52,66,56,70,71,66,75,63,71,70,52,46,47,62,70,67,67
F. Depaoli,Fabio Depaoli,4/24/1997,21,152.4,71.2,"RM,CM,RB",Italy,69,82,2000000,6000,Right,1,3,3,Normal,4900000,,,,,72,50,59,70,48,70,72,44,69,72,74,73,69,67,70,62,34,60,40,47,62,57,59,64,70,63,60,64,65
S. Taylor,Steven  Taylor,1/23/1986,33,187.96,91.2,CB,England,69,69,600000,3000,Right,2,3,2,Stocky,750000,,,,,48,32,69,64,59,39,49,53,61,55,43,40,31,66,50,43,63,61,83,24,74,66,20,48,46,63,71,67,64
B. Martella,Bruno Martella,8/14/1992,26,182.88,78,"LB,LM",Italy,69,71,1100000,2000,Left,1,2,3,Normal,,,,,,77,50,44,71,35,67,66,43,73,69,76,72,58,66,57,65,73,88,67,71,62,63,66,62,33,59,59,62,68
M. Dąbrowski,Maciej Dąbrowski,4/20/1987,31,193.04,88,CB,Poland,69,69,700000,4000,Right,1,2,2,Normal,945000,,,,,35,34,70,55,47,55,44,26,63,58,48,50,29,58,33,69,80,71,90,51,73,65,26,54,41,68,62,68,64
Pêpê,Pedro Filipe Figueiredo Rodrigues,5/20/1997,21,182.88,68.9,"CM,CDM",Portugal,69,79,1700000,4000,Right,1,3,3,Normal,,,,,,58,38,60,71,34,68,48,50,73,71,64,59,62,71,61,63,65,72,67,62,68,64,59,68,52,69,67,66,61
E. Cobbaut,Elias Cobbaut,11/21/1997,21,187.96,83,"LB,CB,LM",Belgium,69,77,1300000,6000,Left,1,4,2,Lean,2300000,,,,,70,26,65,65,33,61,62,34,67,66,57,72,56,65,59,45,60,78,77,36,72,67,52,47,42,57,62,70,69
C. Carter-Vickers,Cameron Carter-Vickers,12/31/1997,21,182.88,92.1,CB,United States,69,81,1700000,21000,Right,1,3,2,Normal,,,,,,40,17,67,62,26,44,27,30,52,57,61,64,53,65,60,36,72,55,77,16,62,66,27,41,38,60,67,71,67
N. Dalmonte,Nicola Dalmonte,9/13/1997,21,170.18,73,"LW,LM,RW",Italy,69,82,2000000,7000,Left,1,3,3,Lean,4900000,,,,,70,69,60,65,50,70,62,45,62,69,79,75,79,63,77,66,66,68,55,60,45,52,70,55,64,53,43,45,53
Fernando Karanga,Luiz Fernando da Silva Monte,4/14/1991,27,182.88,73,ST,Brazil,69,70,1200000,8000,Right,1,3,3,Lean,2700000,,,,,29,73,77,66,62,64,60,32,54,65,68,59,60,64,35,67,67,70,75,53,70,17,66,50,68,61,33,16,21
R. Pröpper,Robin Pröpper,9/23/1993,25,193.04,83.9,CB,Netherlands,69,73,1200000,3000,Right,1,3,2,Normal,1800000,,,,,40,44,70,65,34,51,64,67,68,62,50,50,60,60,55,76,72,69,79,63,66,66,36,59,44,63,72,67,65
M. Hamdy,Mohamed  Hamdy Sharaf,6/1/1995,23,172.72,72.1,CB,Egypt,69,79,,,Right,1,3,2,Normal,,,,,,38,37,64,45,42,38,46,37,37,46,70,66,60,65,78,52,77,60,70,33,59,68,40,35,54,57,73,78,71
W. López,Walter Alberto López Gasco,10/15/1985,33,182.88,83,"LB,LM",Uruguay,69,69,575000,3000,Left,1,2,2,Normal,920000,,,,,74,35,45,67,53,61,62,57,65,66,65,68,45,72,34,60,61,85,70,59,77,70,51,58,39,66,65,59,70
P. Hamel,Pierre-Yves Hamel,2/3/1994,25,185.42,67.1,ST,France,69,74,1400000,5000,Right,1,3,3,Lean,2600000,,,,,40,77,74,57,45,63,42,33,44,67,64,56,57,67,71,71,73,63,59,66,33,17,71,48,67,58,20,21,24
F. Píriz,Facundo Píriz,3/27/1990,28,187.96,81.2,"CDM,CM",Uruguay,69,69,850000,11000,Right,1,3,2,Normal,1600000,,,,,63,33,57,64,43,52,49,54,64,64,59,55,58,69,59,54,77,76,83,53,81,66,53,64,56,61,68,67,66
P. Bråtveit,Per Kristian Worre Bråtveit,2/15/1996,23,182.88,72.1,GK,Norway,69,76,1100000,2000,Right,1,3,1,Lean,1600000,,,,,15,20,15,24,17,15,13,18,27,15,45,46,39,68,59,21,59,38,45,15,19,23,20,50,15,50,8,17,13
Javi Guerra,Javier Guerra Rodríguez,3/15/1982,36,152.4,76.2,ST,Spain,69,69,375000,8000,Right,1,3,2,Normal,825000,,,,,51,69,70,63,73,62,54,50,57,69,54,58,65,62,66,76,79,33,72,67,59,34,71,58,80,66,29,36,46
M. Sax,Maximilian Sax,11/22/1992,26,152.4,69.9,"RM,CAM",Austria,69,70,1200000,8000,Right,1,4,4,Lean,1900000,,,,,66,61,58,63,46,71,65,51,57,70,75,75,80,67,70,58,86,71,59,49,59,32,71,69,44,64,24,15,21
D. Keita-Ruel,Daniel Keita-Ruel,9/21/1989,29,185.42,78.9,"ST,CF",Germany,69,69,1100000,6000,Right,1,4,2,Normal,1700000,,,,,49,71,69,51,66,61,59,44,38,62,75,77,70,61,62,71,85,84,84,65,79,19,66,48,58,56,36,24,23
M. Koval,Maksym Koval,12/9/1992,26,187.96,83.9,GK,Ukraine,69,72,925000,9000,Right,1,2,1,Normal,1600000,,,,,12,19,19,22,12,20,13,19,19,24,47,42,35,59,46,20,59,38,71,13,18,16,13,31,24,60,14,13,17
A. Gholizadeh,Ali Gholizadeh,3/10/1996,22,175.26,68.9,"RM,LM",Iran,69,76,1500000,6000,Left,1,3,3,Normal,2500000,,,,,71,59,34,69,37,69,49,36,67,71,79,77,76,62,71,62,75,70,61,51,70,24,58,53,55,57,49,45,47
D. Suzuki,铃木 大輔,1/29/1990,29,182.88,73.9,"CB,RB",Japan,69,69,850000,6000,Right,1,3,2,Normal,1100000,,,,,58,28,70,66,38,58,35,40,63,62,69,70,68,70,71,51,74,82,72,25,65,66,41,54,42,58,68,68,65
F. Pellegrino,Fernando Pellegrino,3/31/1986,32,198.12,89.8,GK,Argentina,69,69,600000,5000,Right,1,2,1,Normal,,,,,,16,17,16,28,15,15,19,22,25,25,36,37,28,62,52,20,57,30,67,15,19,19,12,36,24,34,14,16,15
O. Darfalou,Oussama Darfalou,9/29/1993,25,182.88,79.8,ST,Algeria,69,74,1400000,7000,Right,1,3,3,Lean,2200000,,,,,50,69,67,62,67,66,51,38,48,68,74,79,67,64,62,68,76,68,75,65,51,21,68,47,61,66,25,18,20
E. Konsa,Ezri Konsa,4/6/1998,20,182.88,77.1,"CB,RB",England,69,80,1600000,13000,Right,1,3,2,Lean,3400000,,,,,38,34,58,73,35,66,37,38,62,68,74,78,68,70,75,51,70,70,70,32,60,66,50,55,38,70,69,69,70
V. Alvarado,Ventura Alvarado,8/16/1992,26,154.94,77.1,"CB,RB",United States,69,73,1100000,6000,Right,1,3,2,Normal,2000000,,,,,56,33,68,63,49,44,54,29,59,51,54,67,62,65,56,56,74,66,77,48,64,66,23,52,34,56,68,72,69
P. Rodríguez,Patricio Rodríguez,5/4/1990,28,170.18,59.9,"LW,RW",Argentina,69,69,1100000,4000,Right,1,4,3,Lean,2200000,,,,,71,63,40,68,70,72,72,69,69,70,78,77,82,64,82,65,72,65,34,60,26,42,66,66,71,63,16,31,29
D. Gordon,Daniel Gordon,1/16/1985,34,193.04,84.8,CB,Jamaica,69,69,425000,4000,Right,1,4,2,Normal,616000,,,,,56,46,73,63,39,55,57,48,59,59,43,42,50,67,41,63,44,55,84,50,67,65,44,57,49,63,70,71,63
Felipe Curcio,Felipe Castaldo Curcio,8/6/1993,25,182.88,74.8,LB,Brazil,69,72,1100000,2000,Left,1,3,3,Lean,1800000,,,,,76,46,63,72,54,71,79,75,72,74,77,77,69,61,62,68,71,73,67,70,68,63,50,61,69,55,63,64,64
T. Valls,Théo Valls,12/18/1995,23,154.94,74.8,CM,France,69,74,1400000,8000,Left,1,2,3,Lean,2900000,,,,,59,58,54,70,52,68,52,49,65,70,67,67,65,67,65,62,65,67,67,66,59,68,56,72,50,70,60,70,64
N. Haas,Nicolas Haas,1/23/1996,23,154.94,73.9,"CM,CDM",Switzerland,69,77,1500000,11000,Right,1,4,3,Lean,,,,,,55,52,59,73,50,69,52,48,67,71,76,80,83,69,82,67,67,71,62,61,66,61,59,67,45,66,64,63,62
J. Glad,Justen Glad,2/28/1997,22,185.42,72.1,CB,United States,69,77,1300000,3000,Right,1,2,2,Lean,2300000,,,,,27,25,61,69,29,41,23,21,63,56,74,73,50,64,67,34,74,75,74,25,72,72,21,42,38,63,67,68,64
W. Bruin,Will Bruin,10/24/1989,29,187.96,88,ST,United States,69,69,1100000,5000,Right,1,3,2,Normal,1600000,,,,,45,68,70,61,63,60,65,52,49,65,59,70,60,67,55,73,74,69,87,62,74,31,71,59,57,69,43,22,21
J. Corona,Joe Benny Corona Crespín,7/9/1990,28,152.4,72.1,"CM,CAM",United States,69,69,1100000,10000,Right,1,3,3,Normal,1800000,,,,,64,62,67,71,63,69,69,63,69,73,72,72,77,68,69,72,67,65,62,66,57,65,69,68,61,65,66,57,51
G. Zigoni,Gianmarco Zigoni,5/10/1991,27,187.96,79.8,ST,Italy,69,70,1200000,3000,Right,1,4,3,Normal,2000000,,,,,40,70,72,59,63,67,48,41,35,69,63,69,63,60,49,71,79,65,82,53,48,30,71,51,64,65,30,42,34
M. Radović,Miroslav Radović,1/16/1984,35,182.88,78,"CAM,LM,ST",Serbia,69,69,525000,5000,Right,1,3,3,Normal,735000,,,,,62,67,64,68,56,69,66,54,54,70,62,52,63,76,68,58,65,53,66,53,56,37,73,75,66,77,30,39,31
L. Moult,Louis Elliott Moult,5/14/1992,26,182.88,84.8,ST,England,69,72,1300000,8000,Right,1,3,2,Normal,2600000,,,,,30,69,73,63,72,61,60,66,38,68,65,68,66,64,64,68,83,67,77,66,66,24,68,50,70,70,48,36,28
J. Ardaiz,Joaquín Matías Ardaiz de los Santos,1/11/1999,20,182.88,81.2,ST,Uruguay,69,82,2000000,2000,Left,1,2,3,Stocky,4100000,,,,,62,70,70,56,66,67,48,60,41,63,78,87,67,53,59,73,80,54,76,58,70,13,67,54,63,68,14,16,13
O. De Wolf,Ortwin De Wolf,4/23/1997,21,190.5,83,GK,Belgium,69,77,1200000,4000,Left,1,3,1,Lean,1900000,,,,,11,8,12,22,9,9,10,10,21,18,33,37,39,59,22,19,53,23,62,8,26,9,7,33,16,29,11,10,14
J. Martins Pereira,Jonathan Martins Pereira,1/30/1986,33,182.88,78,RB,France,69,69,575000,4000,Right,1,2,3,Normal,1000000,,,,,72,38,58,70,47,68,57,44,67,70,64,62,64,57,62,54,69,74,62,61,71,63,65,51,51,61,67,70,75
Alson Botelho,Alan Jonathan Patrício Botelho,2/29/1988,31,154.94,73,CDM,Brazil,69,69,775000,14000,Right,1,3,2,Normal,1500000,,,,,36,42,70,71,32,60,32,30,66,62,67,59,69,60,67,56,76,72,71,51,64,74,42,50,48,64,70,73,75
Javi Muñoz,Javier Muñoz Jiménez,2/28/1995,24,175.26,74.8,CM,Spain,69,76,1500000,9000,Right,1,4,3,Normal,,,,,,52,60,43,70,43,69,67,38,73,70,66,68,60,63,72,66,49,72,62,70,59,59,66,69,43,52,60,62,60
L. Ceballos,Lucas Ceballos,1/3/1987,32,165.1,67.1,"RB,LB,RM",Argentina,69,69,700000,7000,Right,1,4,3,Normal,1000000,,,,,71,41,56,67,42,66,53,42,64,65,77,80,91,65,91,50,88,77,46,44,74,65,53,62,44,54,63,66,64
J. Hunt,Jack Hunt,12/6/1990,28,175.26,71.2,"RB,RWB",England,69,69,875000,18000,Right,1,2,3,Lean,1700000,,,,,67,47,59,62,32,68,61,29,59,65,85,81,72,66,68,70,82,74,64,50,60,65,65,54,48,67,66,69,67
L. De Bock,Laurens De Bock,11/7/1992,26,152.4,74.8,"LB,LWB,CB,LM",Belgium,69,71,1100000,17000,Left,1,4,3,Normal,,,,,,70,36,65,61,37,63,72,70,63,64,67,72,72,65,73,68,74,75,77,43,79,65,60,62,63,67,64,69,70
A. Aldrete,Adrián Alexei Aldrete Rodríguez,6/14/1988,30,152.4,74.8,LB,Mexico,69,69,750000,11000,Left,1,3,3,Lean,1300000,,,,,65,41,62,66,40,67,70,68,61,67,73,73,74,65,64,67,82,82,65,58,68,65,63,54,63,66,68,66,69
Bruno Pires,Bruno Batista Pires,5/12/1992,26,182.88,79.8,"CB,RB",Brazil,69,71,1100000,3000,Right,1,3,2,Lean,2300000,,,,,43,49,71,65,42,48,31,31,55,64,67,67,65,68,67,56,70,71,78,34,70,67,31,46,62,64,66,69,59
J. Castelletto,Jean-Charles Castelletto,1/26/1995,24,185.42,78,CB,Cameroon,69,77,1300000,3000,Right,1,4,2,Lean,2700000,Cameroon,75,RCB,15,58,18,66,69,32,54,49,23,67,61,75,79,70,65,52,50,88,80,70,26,59,68,56,58,36,62,67,68,67
W. Bakhashwain,Waleed Bakhashwain,11/12/1989,29,175.26,66.2,"CDM,CM",Saudi Arabia,69,69,850000,11000,Right,1,2,3,Lean,1400000,,,,,48,31,68,68,26,69,45,47,64,67,63,66,69,67,63,71,74,77,80,55,78,71,57,58,34,73,67,65,67
A. Ashraf,Ayman Ashraf,4/9/1991,27,175.26,73,"LM,LW,CAM",Egypt,69,69,,,Left,1,3,3,Normal,,,,,,65,68,45,74,63,69,59,62,66,71,76,72,60,66,77,66,48,59,64,61,60,25,67,61,64,71,58,49,26
A. Šporar,Andraž Šporar,2/27/1994,25,185.42,82.1,ST,Slovenia,69,73,,,Right,1,4,3,Normal,,,,,,68,69,65,68,72,70,59,49,56,74,77,76,75,54,66,69,71,72,67,59,42,11,70,70,69,68,15,11,18
D. Hernández,Daniel Hernández,12/1/1990,28,175.26,64.9,"RM,CAM,ST",Colombia,69,69,1100000,8000,Left,1,3,3,Lean,1700000,,,,,68,55,37,70,65,69,64,70,65,70,74,73,81,68,75,68,47,62,63,64,50,32,68,72,58,67,33,27,25
D. Boer,Diederik Boer,9/24/1980,38,193.04,88.9,GK,Netherlands,69,69,70000,3000,Right,1,3,1,Stocky,102000,,,,,15,11,11,46,14,14,12,12,43,29,31,43,36,66,41,28,45,32,64,16,37,23,14,47,46,55,12,13,12
M. Zeffane,Mehdi Zeffane,5/19/1992,26,175.26,71.2,"LB,RB,RM",Algeria,69,70,1000000,13000,Right,1,3,3,Lean,2000000,,,,,68,55,57,69,57,60,58,47,64,66,69,77,74,66,79,76,71,90,62,63,71,68,59,62,60,61,63,62,65
Ilori,Tiago Abiola Delfim Almeida Ilori,2/26/1993,26,190.5,79.8,CB,Portugal,69,73,1100000,5000,Right,1,3,2,Lean,2400000,,,,,35,39,68,64,28,58,31,33,63,63,71,73,61,64,53,43,63,64,74,34,58,73,32,43,41,67,62,70,72
M. Odubajo,Moses Odubajo,7/28/1993,25,152.4,72.1,"RWB,RB,LWB",England,69,73,1100000,15000,Right,1,3,3,Normal,2200000,,,,,61,61,63,66,31,70,47,42,62,67,79,85,77,63,77,64,74,60,71,60,69,67,60,68,51,63,70,73,70
Riqui Puig,Ricard Puig Martí,8/13/1999,19,170.18,55.8,CM,Spain,69,89,2100000,24000,Right,1,3,3,Lean,6500000,,,,,60,58,49,78,56,70,57,51,76,73,63,66,77,66,84,60,56,53,43,49,44,45,55,77,55,70,53,57,53
M. Ibarra,Miguel Ibarra,3/15/1990,28,165.1,64.9,"RM,RWB,LM,CAM",United States,69,69,1100000,4000,Right,1,3,3,Normal,1600000,,,,,65,64,50,70,59,74,69,58,49,66,77,74,79,68,69,67,58,75,64,60,64,54,66,67,63,65,56,56,50
A. Pérez,Alexis Rafael Pérez Fontanilla,3/25/1994,24,152.4,77.1,"CB,LB",Colombia,69,75,1200000,4000,Left,1,3,2,Normal,2300000,,,,,62,29,65,60,19,54,29,27,53,58,70,71,61,65,69,39,78,61,77,36,77,67,41,45,40,62,64,70,65
Diogo Coelho,Diogo Alexis Rodrigues Coelho,9/14/1993,25,182.88,83,CB,Portugal,69,73,1200000,5000,Right,1,3,2,Normal,2500000,,,,,41,27,70,56,27,39,32,31,48,54,63,62,55,65,56,46,85,61,78,21,56,69,30,30,49,52,69,69,66
M. Rojas,Matías Nicolás Rojas Romero,11/3/1995,23,185.42,78,"CM,LW",Paraguay,69,78,1600000,6000,Left,1,2,4,Lean,2700000,,,,,64,68,45,73,44,78,65,71,60,75,70,80,78,72,62,75,43,71,62,72,40,40,73,67,45,77,39,40,34
A. Parot,Alfonso Cristián Parot Rojas,10/15/1989,29,154.94,81.2,"LB,CB",Chile,69,69,825000,8000,Left,1,3,3,Normal,1200000,,,,,65,48,71,66,40,68,59,44,60,63,68,71,69,61,56,53,71,71,80,59,83,71,59,55,49,66,50,76,77
Sandaza,Francisco José Sandaza Asensio,11/30/1984,34,187.96,79.8,ST,Spain,69,69,650000,6000,Right,1,3,3,Lean,1000000,,,,,58,70,73,66,71,71,55,58,54,70,46,51,48,64,41,70,54,60,80,63,62,38,71,65,69,64,37,46,35
D. Sundgren,Daniel Sundgren,11/22/1990,28,152.4,68.9,"RWB,CB",Sweden,69,69,875000,5000,Right,1,3,2,Normal,1100000,,,,,64,44,57,66,38,60,54,29,60,63,71,73,66,63,68,62,58,80,64,48,87,66,63,52,69,65,69,68,67
O. Altman,Omri Altman,3/23/1994,24,154.94,76.2,"CAM,RM,LM",Israel,69,74,1400000,1000,Right,1,3,3,Lean,3200000,,,,,62,65,57,69,62,74,71,62,55,70,74,72,67,68,63,68,55,69,58,61,42,22,58,74,65,69,42,18,22
G. Maroni,Gonzalo Maroni,3/18/1999,19,170.18,67.1,CAM,Argentina,69,84,2300000,5000,Right,1,3,3,Lean,,,,,,64,45,51,70,64,76,61,57,55,72,83,75,87,56,68,58,58,61,61,49,40,30,68,69,56,65,50,41,40
H. Moukoudi,Harold Moukoudi,11/27/1997,21,190.5,88.9,CB,France,69,80,1600000,3000,Right,1,3,2,Stocky,3100000,,,,,23,26,74,55,27,39,30,29,46,55,51,62,40,60,38,42,52,73,91,25,61,67,31,28,38,60,69,70,65
Lucas Tagliapietra,Lucas Tagliapietra,11/5/1990,28,193.04,93.9,CB,Brazil,69,71,1000000,7000,Left,1,3,2,Normal,1800000,,,,,28,23,72,61,28,42,27,26,44,50,49,53,31,62,35,38,56,68,90,21,76,71,24,32,36,65,58,71,66
K. Kodro,Kenan Kodro,8/19/1993,25,187.96,77.1,ST,Bosnia Herzegovina,69,73,1400000,10000,Right,1,3,3,Lean,3000000,,,,,59,69,69,64,66,67,42,40,56,67,58,65,52,65,57,72,72,67,75,59,63,30,69,63,60,53,38,39,35
S. Gallagher,Sam Gallagher,9/15/1995,23,193.04,74.8,"ST,LM",England,69,77,1600000,20000,Right,1,3,2,Normal,3300000,,,,,63,68,75,50,71,67,54,43,48,61,62,69,65,67,55,76,67,66,75,61,66,44,66,55,61,59,38,41,43
Alex,Alexandre Henrique Gonçalves De Freitas,8/27/1991,27,175.26,68,"LW,RW",Portugal,69,69,1100000,4000,Left,1,3,3,Lean,2400000,,,,,71,62,52,69,62,71,76,71,64,70,71,74,87,65,79,69,56,53,46,64,50,23,64,68,69,68,23,28,31
Alex López,Alejandro López Moreno,6/2/1997,21,175.26,68,CM,Spain,69,78,1600000,9000,Right,1,3,3,Normal,3700000,,,,,47,55,45,76,44,67,50,40,72,73,61,69,65,68,75,52,54,63,56,51,50,58,66,65,45,61,60,57,49
O. Scarione,Ezequiel Oscar Scarione,7/14/1985,33,152.4,71.2,CAM,Argentina,69,69,825000,10000,Right,2,3,3,Normal,1700000,,,,,69,63,65,71,70,68,73,70,67,68,64,65,71,68,75,76,49,69,56,68,55,42,68,71,71,69,29,32,30
M. Janko,Marc Janko,6/25/1983,35,195.58,92.1,ST,Austria,69,69,475000,4000,Left,2,2,2,Normal,689000,,,,,46,73,79,57,69,58,53,53,37,68,34,42,45,64,36,74,31,59,89,70,68,26,75,55,79,65,24,35,22
S. Beitashour,Steven Mehrdad Beitashour,2/1/1987,32,152.4,71.2,"RB,RM,RWB",Iran,69,69,700000,4000,Right,1,3,3,Normal,1100000,,,,,67,45,53,67,59,68,72,59,60,67,72,74,71,69,67,64,62,77,71,51,71,71,61,65,37,67,64,66,66
M. Schubert,Markus Schubert,6/12/1998,20,185.42,83,GK,Germany,69,81,1500000,5000,Right,1,3,1,Normal,2600000,,,,,12,8,10,41,8,23,14,13,30,30,46,30,44,66,45,15,72,28,56,9,23,16,4,52,12,35,13,11,10
J. Hoogma,Justin Hoogma,6/11/1998,20,190.5,81.2,CB,Netherlands,69,80,1600000,10000,Left,1,3,2,Lean,,,,,,28,23,58,69,30,45,37,33,71,70,67,65,63,68,60,47,54,67,76,24,68,71,32,34,35,63,67,72,69
J. Narváez,Juan José Narváez,2/12/1995,24,154.94,76.2,"LM,CM,ST",Colombia,69,74,1400000,9000,Right,1,3,3,Normal,,,,,,52,74,67,73,60,72,44,42,71,71,74,76,66,63,71,63,68,67,71,70,38,58,66,60,59,51,65,61,52
E. Rescaldani,Ezequiel Rescaldani,6/11/1992,26,190.5,83,ST,Argentina,69,72,1300000,8000,Left,1,2,2,Normal,2000000,,,,,43,69,78,68,64,62,47,59,42,65,37,36,47,68,32,76,30,63,93,67,34,35,70,52,70,58,27,32,22
M. Abu,Mohammed Abu,11/14/1991,27,170.18,68,"CDM,CM",Ghana,69,71,1100000,3000,Left,1,2,3,Lean,1400000,,,,,53,48,54,72,53,65,69,59,70,68,71,69,75,66,69,69,74,76,65,59,73,67,55,62,50,67,56,68,65
M. Karl,Markus Karl,2/14/1986,33,193.04,88,CB,Germany,69,69,600000,3000,Right,1,3,2,Normal,960000,,,,,52,52,71,63,44,56,52,61,60,61,39,35,41,62,46,71,55,70,83,56,75,70,61,64,62,69,72,66,63
C. Arango,Cristian Daniel Arango Duque,3/9/1995,24,152.4,78,ST,Colombia,69,76,1500000,5000,Right,1,3,3,Stocky,,,,,,45,66,67,54,59,70,74,73,39,71,71,70,67,70,66,74,72,64,74,67,70,23,66,56,57,59,44,21,16
Kanu,Rubenilson dos Santos da Rocha,9/23/1987,31,182.88,83.9,"CAM,LM,RM",Brazil,69,69,1000000,10000,Left,1,3,3,Normal,1700000,,,,,64,62,70,66,63,73,63,65,65,75,65,68,59,63,49,75,65,70,81,71,70,63,66,65,61,77,48,56,51
J. Schouten,Jerdy Schouten,1/12/1997,22,185.42,72.1,"CM,CDM",Netherlands,69,75,1400000,3000,Right,1,3,4,Lean,2400000,,,,,56,58,57,68,50,67,38,33,70,70,74,65,68,70,70,61,58,75,62,63,48,66,65,64,60,68,62,62,55
P. Hoban,Patrick Hoban,7/28/1991,27,154.94,83.9,ST,Republic of Ireland,69,69,1200000,2000,Right,1,3,3,Normal,1800000,,,,,54,73,70,64,60,63,58,56,53,68,70,72,62,55,67,67,64,78,84,58,58,33,67,57,69,65,37,35,34
Dai Lin,戴琳,11/28/1987,31,190.5,77.1,CB,China PR,69,69,775000,8000,Right,1,3,2,Normal,1700000,,,,,49,44,70,58,36,58,45,61,59,55,57,64,53,63,53,72,60,71,75,61,80,65,50,49,47,66,72,67,70
F. N'Sakala,Fabrice N'Sakala,7/21/1990,28,152.4,73.9,"LB,LM",DR Congo,69,69,875000,7000,Left,1,2,3,Normal,1800000,,,,,71,37,59,67,41,74,55,50,65,74,83,85,78,64,78,45,85,83,67,58,70,67,67,68,55,66,58,62,55
E. Pisano,Eros Pisano,3/31/1987,31,185.42,83,RB,Italy,69,69,700000,18000,Right,1,3,3,Normal,1300000,,,,,68,27,73,65,47,65,63,40,61,64,66,69,71,69,62,66,75,68,79,50,71,69,59,39,55,69,70,68,71
F. Balmont,Florent Balmont,2/2/1980,39,167.64,72.1,CM,France,69,69,325000,5000,Right,2,3,3,Normal,650000,,,,,69,61,49,74,58,64,64,70,71,71,33,38,46,73,78,72,40,34,57,67,80,78,62,70,60,72,72,74,70
C. Leitgeb,Christoph Leitgeb,4/14/1985,33,172.72,68.9,"CM,CDM",Austria,69,69,625000,16000,Right,1,4,3,Normal,938000,,,,,62,47,39,71,60,74,72,67,70,74,69,59,76,60,77,65,70,61,45,59,58,69,60,74,64,74,65,60,55
J. Niezgoda,Jarosław Niezgoda,3/15/1995,23,185.42,73,ST,Poland,69,75,1500000,5000,Right,1,4,3,Lean,2300000,,,,,28,71,67,59,45,64,34,33,51,66,79,80,77,66,65,68,76,72,74,65,41,21,70,58,68,69,37,41,35
L. Wallace,Lee Wallace,8/1/1987,31,185.42,74.8,LB,Scotland,69,69,750000,21000,Left,1,2,3,Normal,1400000,,,,,63,50,59,65,37,64,55,33,57,70,74,78,74,64,68,58,81,80,78,47,62,67,59,55,58,69,60,70,69
M. Gakpa,Marvin Gakpa,11/1/1993,25,182.88,69.9,"CM,LM",France,69,73,1300000,4000,Left,1,2,3,Lean,2500000,,,,,59,65,52,72,57,76,70,65,68,70,82,76,78,71,72,65,31,69,63,72,51,48,67,68,52,63,49,48,43
C. Cadden,Christopher Cadden,9/19/1996,22,182.88,76.2,"RM,CM",Scotland,69,77,1600000,3000,Right,1,3,3,Stocky,3000000,,,,,71,48,58,67,43,70,51,55,63,67,78,76,79,57,70,70,59,86,74,55,62,44,60,70,46,64,51,53,48
E. Torregrossa,Ernesto Torregrossa,6/28/1992,26,182.88,79.8,ST,Italy,69,71,1300000,3000,Left,1,3,3,Normal,2200000,,,,,44,71,66,58,60,64,41,40,41,67,69,69,66,67,62,65,87,80,92,60,38,25,68,55,66,65,23,12,12
C. Strandberg,Carlos Strandberg,4/14/1996,22,185.42,84.8,ST,Sweden,69,75,1500000,4000,Left,1,2,2,Stocky,2200000,,,,,50,66,57,59,64,63,42,31,46,61,73,88,42,67,50,78,74,66,90,61,58,13,68,59,57,66,23,26,16
S. Khelifi,Salim Khelifi,1/26/1994,25,172.72,64.9,"RM,RW,LM",Switzerland,69,72,1300000,7000,Right,1,3,3,Lean,2000000,,,,,57,58,18,63,45,75,67,59,54,74,87,83,90,67,87,62,70,63,36,65,47,35,65,67,49,60,34,27,31
J. Abrigo,Joe Abrigo,3/22/1995,23,170.18,66.2,"CAM,LM",Chile,69,77,1500000,4000,Right,1,3,3,Lean,2900000,,,,,50,56,44,71,36,70,71,68,64,71,78,76,70,64,83,63,60,45,52,59,45,22,67,67,49,63,41,44,45
L. Mora,Luca Mora,5/10/1988,30,182.88,79.8,CM,Italy,69,69,975000,3000,Left,1,3,3,Normal,1500000,,,,,70,55,60,72,71,64,59,64,69,72,60,65,60,68,74,65,41,75,68,66,61,51,68,70,61,65,52,63,58
K. Higashi,东庆 悟,7/20/1990,28,152.4,72.1,"RM,CM,LM",Japan,69,69,1100000,6000,Right,1,4,3,Lean,1400000,,,,,65,65,60,68,60,64,57,61,65,67,74,68,63,74,63,65,66,85,69,64,68,60,71,66,61,64,53,46,42
Rômulão Selva,Rômulo Roberto Selva Esser,2/29/1992,27,152.4,72.1,"ST,CF",Brazil,69,69,1200000,11000,Right,1,5,4,Normal,2200000,,,,,60,50,51,68,71,75,54,56,51,76,82,81,70,76,67,72,55,60,71,67,51,24,77,55,67,72,26,14,13
P. Dawidowicz,Paweł Dawidowicz,5/20/1995,23,187.96,79.8,"CB,CDM",Poland,69,77,1300000,4000,Right,1,4,2,Normal,,,,,,44,36,66,69,38,60,53,52,67,57,62,70,69,66,62,74,65,74,78,45,78,72,46,66,44,62,67,66,60
F. Ojo,Funso-King Ojo,8/28/1991,27,152.4,71.2,CM,Belgium,69,69,1100000,6000,Right,1,3,3,Normal,1900000,,,,,68,59,58,71,55,65,45,56,69,70,72,66,80,68,70,71,70,77,66,67,66,66,62,68,63,73,56,62,59
K. Misao,三竿 健斗,4/16/1996,22,154.94,73,"CM,CB,CDM",Japan,69,78,1600000,6000,Right,1,2,3,Normal,2300000,,,,,69,40,56,76,40,69,58,44,72,75,72,74,66,69,72,59,68,71,78,36,68,63,45,71,42,62,67,70,65
I. Mystakidis,Ioannis Mystakidis,7/12/1994,24,154.94,76.2,"ST,RM,LM",Greece,69,74,1400000,3000,Right,1,3,3,Normal,2000000,,,,,63,67,65,67,62,74,60,44,64,71,72,77,71,65,61,68,66,69,64,64,70,32,70,61,64,61,40,30,20
Z. Boucher,Zacharie Boucher,3/7/1992,27,154.94,76.2,GK,France,69,72,925000,3000,Right,1,3,1,Normal,,,,,,9,12,21,20,10,15,12,9,22,22,54,58,57,64,64,16,82,42,75,8,40,22,13,33,22,61,10,11,12
Aguilera,Juan Aguilera Aguilera Núñez,9/13/1985,33,185.42,77.1,"CDM,CM",Spain,69,69,600000,10000,Right,1,3,3,Lean,1300000,,,,,41,52,37,75,42,71,72,60,72,70,64,52,77,59,59,63,63,61,77,57,68,69,59,67,40,76,62,69,64
A. Coșelev,Alexei Coșelev,11/19/1993,25,200.66,89.8,GK,Moldova,69,74,1000000,3000,Right,1,2,1,Normal,1500000,,,,,11,8,11,19,6,13,11,14,17,10,33,25,25,60,22,24,31,21,76,5,25,13,6,50,11,53,13,13,12
A. Avlonitis,Anastasios Avlonitis,1/1/1990,29,190.5,81.2,CB,Greece,69,69,850000,10000,Right,1,3,2,Lean,1200000,,,,,33,27,66,55,36,42,40,45,59,45,63,55,48,58,45,60,73,71,80,44,69,71,31,35,59,56,69,70,70
Neris,Hueglo dos Santos Neris,6/17/1992,26,193.04,86.2,CB,Brazil,69,74,1200000,4000,Right,1,3,2,Normal,2500000,,,,,30,33,66,61,35,34,39,42,57,45,51,53,52,62,57,60,68,65,91,34,70,67,30,30,48,62,71,67,66
D. Oberlin,Dimitri Oberlin,9/27/1997,21,182.88,73.9,ST,Switzerland,69,81,1900000,10000,Right,1,3,4,Normal,,,,,,55,69,61,66,65,75,57,45,62,70,89,94,83,56,67,67,69,74,70,60,49,23,64,59,52,58,43,45,50
D. Sánchez,Diego Sánchez Carvajal,5/8/1987,31,182.88,86.2,GK,Chile,69,69,650000,2000,Right,1,3,1,Normal,878000,,,,,14,20,18,43,20,22,16,24,31,18,51,43,50,67,62,35,59,44,56,13,21,21,12,45,22,58,24,24,18
B. Bjarnason,Birkir Bjarnason,5/27/1988,30,182.88,77.1,"CM,CDM",Iceland,69,69,975000,10000,Right,2,4,3,Normal,1900000,Iceland,72,LM,8,68,70,72,66,63,65,55,34,63,72,69,73,73,72,77,68,81,85,76,71,73,63,70,67,50,74,62,63,51
K. Pierie,Kik Pierie,7/20/2000,18,182.88,74.8,"CB,LB",Netherlands,69,81,1400000,2000,Left,1,3,3,Lean,2400000,,,,,64,30,65,69,32,63,63,24,69,65,74,72,66,70,55,45,73,65,69,19,64,68,52,67,31,68,71,69,66
Hernán,Hernán Daniel Santana Trujillo,8/26/1990,28,154.94,72.1,"CM,CDM",Spain,69,69,1100000,5000,Right,1,3,3,Normal,1700000,,,,,58,63,68,70,36,64,47,50,67,69,51,57,64,69,62,69,71,75,70,62,82,68,59,69,45,71,58,71,70
J. Carrascal,Jorge Carrascal,5/25/1998,20,167.64,54,CAM,Colombia,69,82,2000000,8000,Right,1,2,4,Lean,4100000,,,,,51,68,46,68,60,78,62,54,47,74,70,72,79,51,94,53,71,48,35,61,48,35,67,64,56,73,40,47,35
Ailton Cardenhas,Ailton Nuno Cardenhas Macedo,2/29/1988,31,193.04,83.9,GK,Brazil,69,69,675000,7000,Right,1,3,1,Stocky,1300000,,,,,10,10,30,20,12,12,16,16,17,23,19,28,30,50,29,19,35,19,67,11,25,12,3,36,25,52,8,16,14
S. Thesker,Stefan Thesker,4/11/1991,27,190.5,83.9,CB,Germany,69,69,875000,6000,Left,1,3,2,Normal,1400000,,,,,42,29,72,60,40,52,33,31,61,61,44,45,50,62,45,58,59,69,78,39,72,70,41,37,45,70,69,67,63
R. Fernández,Ramón Ignacio Fernández,12/3/1984,34,172.72,71.2,"CM,CAM",Argentina,69,69,625000,4000,Right,1,3,3,Normal,844000,,,,,59,59,48,73,67,71,76,75,67,73,71,63,70,66,75,71,70,67,63,70,70,57,69,70,68,68,53,56,57
J. Lazare Amani,Jean Thierry Lazare Amani,3/7/1998,21,172.72,64,CM,Ivory Coast,69,79,1700000,5000,Right,1,4,3,Normal,2800000,,,,,58,56,41,70,49,74,36,42,66,73,79,79,82,66,80,73,80,76,59,68,70,55,64,67,40,71,43,58,53
D. Llanos,David Antonio Llanos Almonacid,7/27/1989,29,172.72,68,ST,Chile,69,69,1100000,3000,Right,1,3,3,Normal,1500000,,,,,53,70,68,62,58,68,58,58,59,66,73,75,75,66,69,70,66,69,65,64,54,21,68,54,67,54,27,19,22
H. Bazile,Hervé Bazile,3/18/1990,28,182.88,78,"RM,LM",Haiti,69,69,1100000,5000,Left,1,3,3,Normal,1900000,,,,,67,68,64,67,63,70,68,73,62,67,79,84,72,63,68,69,67,62,58,65,43,25,64,66,65,66,31,28,29
Y. M'Changama,Youssouf M'Changama,8/29/1990,28,172.72,68.9,"CDM,CM,CAM",Comoros,69,69,875000,3000,Right,1,4,3,Lean,1500000,,,,,59,57,45,74,44,72,70,72,71,72,78,80,81,67,82,70,59,76,62,56,67,63,57,73,63,65,64,67,61
M. Agazzi,Michael Agazzi,7/3/1984,34,190.5,79.8,GK,Italy,69,69,525000,2000,Right,2,2,1,Normal,840000,,,,,15,16,11,36,15,11,13,14,32,16,46,36,52,67,46,20,65,22,66,14,33,20,11,39,16,55,11,11,11
J. van den Bergh,Johannes van den Bergh,11/21/1986,32,182.88,74.8,LB,Germany,69,69,700000,6000,Left,1,2,3,Normal,1100000,,,,,68,32,55,69,35,64,54,45,56,66,69,72,69,67,67,54,71,73,67,39,59,67,54,54,49,63,70,64,68
C. Kipré,Cédric Kipré,12/9/1996,22,193.04,96.2,CB,France,69,78,1400000,15000,Right,1,2,2,Stocky,3000000,,,,,32,26,64,55,28,35,28,28,34,48,65,69,44,59,54,49,72,66,92,30,78,65,25,36,36,55,67,68,66
J. Horn,Jannes-Kilian Horn,2/6/1997,22,185.42,77.1,"LB,CB",Germany,69,77,1300000,6000,Left,1,3,3,Normal,2300000,,,,,67,29,54,67,36,63,53,35,44,66,77,83,66,67,61,45,69,63,71,32,66,64,46,44,49,50,66,73,66
B. Sagredo,Boris Alexis Sagredo Romero,3/21/1989,29,165.1,63,"LM,CAM",Chile,69,69,1000000,3000,Left,1,2,3,Normal,1400000,,,,,64,59,35,71,55,69,60,63,61,67,83,78,81,64,90,60,50,68,37,65,49,23,67,65,57,52,30,40,39
A. Mitryushkin,Anton Mitryushkin,2/8/1996,23,187.96,82.1,GK,Russia,69,78,1200000,9000,Right,1,3,1,Normal,2000000,,,,,11,17,14,27,16,20,17,15,22,19,30,41,31,63,51,23,60,25,68,14,33,16,13,50,23,58,25,16,19
N. Lima,Nick Lima,11/17/1994,24,175.26,79.8,RB,United States,69,76,1200000,3000,Right,1,4,3,Normal,2100000,United States,74,SUB,19,66,58,53,65,57,70,68,41,57,67,84,80,73,70,67,71,65,74,66,59,71,67,64,60,55,61,70,63,63
R. Gumny,Robert Gumny,6/4/1998,20,152.4,60.8,RB,Poland,69,85,2100000,3000,Right,1,3,2,Lean,4100000,,,,,62,28,50,67,46,60,53,31,52,68,91,82,75,61,68,36,63,81,66,38,45,64,53,56,38,66,58,69,64
D. Tonucci,Denis Tonucci,9/6/1988,30,182.88,78,CB,Italy,69,69,825000,2000,Right,1,2,2,Normal,1300000,,,,,33,31,61,47,32,41,31,32,44,48,51,33,34,69,77,42,82,71,89,42,74,66,29,21,42,69,69,74,64
M. Sáček,Michal Sáček,9/19/1996,22,154.94,69.9,"CM,CDM",Czech Republic,69,80,1800000,1000,Right,1,3,3,Lean,4300000,,,,,61,44,56,72,42,67,63,52,68,70,73,71,73,70,73,62,74,78,59,63,68,69,56,70,46,69,61,65,63
Bruno Brígido,Bruno Brígido de Oliveira,3/9/1991,28,187.96,76.2,GK,Brazil,69,72,875000,5000,Right,1,2,1,Lean,1900000,,,,,12,13,13,23,11,16,13,13,19,18,41,44,35,57,41,24,49,26,63,13,28,20,12,35,17,30,14,17,16
M. Koné,Mamadou Koné,12/25/1991,27,175.26,68.9,ST,Ivory Coast,69,70,1300000,14000,Right,1,3,3,Lean,,,,,,53,66,51,62,56,72,50,56,42,71,81,82,79,65,74,77,75,64,71,60,68,26,70,57,57,60,31,30,12
D. Lamkel Zé,Didier Lamkel Zé,9/17/1996,22,193.04,78,"RW,LW,CM",Cameroon,69,76,1500000,5000,Right,1,3,3,Lean,2500000,,,,,58,65,68,73,62,74,68,68,76,71,73,88,69,57,48,70,67,75,69,54,87,48,65,72,59,58,47,60,42
R. Krauße,Robin Krauße,4/2/1994,24,152.4,74.8,CDM,Germany,69,73,1200000,10000,Right,1,3,2,Normal,1900000,,,,,38,29,57,64,40,53,44,43,59,64,70,68,72,66,75,57,83,90,70,28,88,67,34,49,40,61,65,69,73
M. Bogado,Mauro Bogado,5/31/1985,33,170.18,68,"CDM,CM",Argentina,69,69,425000,7000,Right,1,3,3,Normal,,,,,,56,58,43,67,53,63,70,72,77,74,61,71,72,78,71,80,51,83,63,79,58,53,61,68,68,58,69,68,65
P. Mlapa,Peniel Kokou Mlapa,2/20/1991,28,193.04,93,ST,Togo,69,69,1100000,11000,Right,1,3,2,Normal,,,,,,58,69,63,61,62,61,70,45,57,61,70,79,62,66,44,77,70,65,87,65,78,36,65,60,67,67,30,27,25
P. Forsell,Petteri Forsell,10/16/1990,28,167.64,72.1,"CAM,CF,ST",Finland,69,69,1100000,3000,Right,1,5,3,Stocky,1500000,,,,,66,70,42,70,59,66,69,71,71,71,55,54,60,71,84,74,63,70,74,73,46,23,63,71,59,63,46,54,52
T. Jodłowiec,Tomasz Jodłowiec,9/8/1985,33,190.5,86.2,CDM,Poland,69,69,600000,5000,Right,1,3,2,Normal,,,,,,60,33,69,66,48,63,61,43,65,64,54,49,34,63,41,70,68,75,87,62,83,72,56,68,55,68,61,68,63
Huang Bowen,黄博文,7/13/1987,31,152.4,64.9,"CDM,CM,CAM,RM",China PR,69,69,775000,8000,Right,1,3,2,Lean,1700000,,,,,65,63,62,70,54,62,64,72,65,66,74,68,69,68,77,68,71,70,69,67,68,67,66,72,60,63,68,66,65
J. Rojas,José Manuel Rojas Bahamondes,6/23/1983,35,175.26,74.8,"CB,LB",Chile,69,69,250000,2000,Left,1,3,2,Normal,338000,,,,,61,29,68,69,63,54,62,40,66,62,62,56,61,70,62,60,71,75,71,42,63,73,41,54,53,71,70,68,66
R. Schiavi,Raffaele Schiavi,3/15/1986,32,182.88,73,CB,Italy,69,69,600000,3000,Right,1,2,2,Normal,960000,,,,,43,19,72,47,48,30,43,49,26,48,34,62,46,63,45,55,77,61,77,35,80,69,24,40,54,69,68,68,68
J. Fuentes,Juan Eduardo Fuentes Jiménez,3/21/1995,23,175.26,72.1,"CDM,CB,CM",Chile,69,78,1400000,3000,Right,1,3,2,Stocky,2200000,,,,,54,48,50,70,49,59,46,50,69,63,69,75,66,67,72,63,78,75,75,59,80,69,47,53,45,59,72,67,59
Eddy Silvestre,Eddy Silvestre Pascual Israfilov,8/2/1992,26,190.5,79.8,"CDM,CM",Azerbaijan,69,73,1100000,5000,Right,1,3,3,Lean,1900000,,,,,57,49,59,67,45,69,57,51,64,71,67,68,79,63,66,80,78,74,87,57,75,67,54,66,47,58,63,67,66
P. Türpitz,Philip Türpitz,8/23/1991,27,152.4,73.9,"RW,RM,LW,ST",Germany,69,69,1100000,8000,Right,1,3,3,Normal,1700000,,,,,63,69,47,65,58,71,59,63,52,69,81,81,78,66,82,75,67,77,61,64,52,36,69,63,70,67,31,32,31
M. Araujo,Miguel Araujo,10/24/1994,24,152.4,71.2,CB,Peru,69,74,1200000,6000,Right,1,3,2,Normal,1900000,Club Atlético Talleres,70,LCB,4,41,30,73,61,37,46,23,41,59,57,66,67,60,54,70,52,70,66,59,32,76,64,22,27,51,54,68,75,72
T. Serbest,Tarkan Serbest,5/2/1994,24,182.88,78,"CDM,CB,CM",Turkey,69,74,1200000,7000,Right,1,3,2,Normal,,,,,,58,45,68,71,36,60,56,36,67,65,62,66,64,67,67,59,68,73,72,55,65,69,53,65,44,71,69,68,67
J. Ramis,Jhonathan Rafael Ramis Persíncula,11/6/1989,29,152.4,77.1,"ST,RW,LW",Uruguay,69,69,1100000,8000,Right,1,3,3,Normal,1600000,,,,,65,62,66,64,60,72,66,44,58,73,78,77,75,68,51,74,63,72,66,70,65,23,65,56,56,59,33,36,29
F. Öztürk,Fatih Öztürk,12/22/1986,32,190.5,86.2,GK,Turkey,69,69,650000,6000,Right,1,2,1,Normal,1300000,,,,,20,12,23,27,13,17,20,10,25,23,55,57,44,65,35,12,68,45,79,14,44,24,12,32,12,55,21,23,19
M. Modolo,Marco Modolo,3/23/1989,29,185.42,82.1,"CB,RB",Italy,69,69,825000,3000,Left,1,3,2,Normal,1300000,,,,,40,42,76,62,41,40,22,26,58,55,61,70,69,60,51,61,79,76,87,41,65,58,40,42,38,62,65,68,65
J. Walker,Jamie Walker,6/25/1993,25,175.26,69.9,"CAM,LM,RM",Scotland,69,73,1400000,23000,Right,1,3,3,Normal,2700000,,,,,64,67,42,67,56,69,63,62,64,68,83,79,87,60,77,58,64,74,62,63,38,31,67,66,62,69,32,51,37
L. Damour,Loïc Damour,1/8/1991,28,154.94,74.8,"CDM,CM,CAM",France,69,70,1000000,19000,Right,1,4,2,Normal,2100000,,,,,59,61,58,67,55,61,60,52,66,64,63,68,75,70,61,65,71,79,63,62,79,68,52,66,39,58,66,69,68
I. Jebali,Issam Jebali,12/25/1991,27,185.42,83.9,ST,Tunisia,69,70,1300000,13000,Right,1,3,4,Normal,2200000,,,,,53,71,55,66,58,76,57,48,60,69,72,74,68,60,60,72,55,70,74,66,58,41,68,69,61,68,57,41,28
A. Robinson,Antonee Robinson,8/8/1997,21,182.88,64,"LB,LWB",United States,69,81,1600000,15000,Left,1,2,3,Lean,3500000,United States,74,LB,22,60,33,54,48,32,69,35,39,33,68,85,86,73,66,72,32,70,73,67,31,65,67,49,40,45,54,68,69,67
S. Souprayen,Samuel Souprayen,2/18/1989,30,187.96,69.9,"CB,LB",France,69,69,825000,4000,Left,1,3,2,Lean,1400000,,,,,70,20,65,66,45,65,64,32,64,62,69,68,72,70,65,57,74,75,70,43,69,68,44,54,44,67,68,68,69
J. Holt,Jason Holt,2/19/1993,26,165.1,69.9,CM,Scotland,69,72,1300000,22000,Right,1,4,3,Normal,,,,,,53,57,42,73,59,65,57,43,65,73,81,73,93,65,92,61,85,86,57,57,72,62,67,63,48,68,58,61,57
A. O'Brien,Aiden O'Brien,10/4/1993,25,182.88,72.1,LM,Republic of Ireland,69,72,1300000,6000,Right,1,3,3,Normal,2600000,Republic of Ireland,74,SUB,18,65,65,60,67,57,69,61,40,65,66,77,74,73,64,65,66,69,76,69,63,66,29,68,66,57,60,30,32,25
M. Leovac,Marin Leovac,8/7/1988,30,154.94,71.2,"LB,LM",Croatia,69,69,800000,1000,Left,1,3,3,Lean,1800000,,,,,72,33,57,66,39,68,71,55,68,67,77,79,70,66,68,70,71,68,67,56,74,65,58,48,33,60,65,68,70
G. Niedermeier,Georg Niedermeier,2/26/1986,33,190.5,79.8,CB,Germany,69,69,600000,5000,Right,2,2,2,Lean,750000,,,,,25,30,80,35,29,28,36,32,36,29,45,52,30,69,30,57,56,33,78,16,87,56,39,41,49,56,69,74,73
José Semedo,José Vítor Moreira Semedo,1/11/1985,34,182.88,77.1,CDM,Portugal,69,69,425000,3000,Right,1,3,2,Normal,893000,,,,,37,35,68,67,57,52,41,37,61,63,48,48,57,68,65,46,78,75,79,30,86,68,21,49,36,64,70,72,65
C. Kazim-Richards,Colin Kazim-Richards,8/26/1986,32,187.96,94.8,ST,Turkey,69,69,950000,5000,Right,2,1,2,Stocky,1600000,,,,,63,67,74,69,68,68,64,64,68,54,62,64,66,68,63,77,78,64,84,68,78,15,62,63,63,58,21,43,41
L. Melano,Lucas Melano,3/1/1993,26,185.42,81.2,"ST,RM,LM",Argentina,69,74,1400000,4000,Right,1,3,3,Lean,2200000,,,,,66,62,62,65,64,68,66,35,61,65,91,89,79,69,57,69,61,77,77,64,55,24,68,65,56,50,30,29,28
E. Brítez,Emanuel Brítez,3/26/1992,26,154.94,78,"CB,RB",Argentina,69,72,1100000,7000,Right,1,3,2,Stocky,,,,,,64,35,63,57,41,61,42,37,55,63,74,75,63,58,67,62,74,79,76,40,79,68,49,44,39,57,69,68,70
Jon Toral,Jon-Miquel Toral Harper,2/5/1995,24,182.88,77.1,"CAM,RM,CM",Spain,69,74,1400000,12000,Left,1,3,3,Lean,2800000,,,,,67,59,59,71,63,68,59,59,66,71,74,70,69,58,66,67,53,64,57,65,46,46,68,72,49,62,43,59,48
F. Cubero,Fabián Alberto Cubero,12/21/1978,40,175.26,72.1,"CB,RB",Argentina,69,69,70000,5000,Right,1,3,2,Normal,105000,,,,,66,42,68,69,56,56,47,48,67,66,52,50,55,77,62,57,72,56,72,50,85,65,55,65,56,71,67,64,66
N. Röseler,Nils Röseler,2/10/1992,27,190.5,69.9,CB,Germany,69,71,1100000,4000,Right,1,4,2,Lean,1600000,,,,,37,28,68,65,32,56,34,36,65,60,62,60,68,65,30,44,67,68,75,38,67,67,48,53,40,70,66,71,68
M. Richter,Marco Richter,11/24/1997,21,175.26,73.9,"RM,RW,LM",Germany,69,78,1600000,8000,Right,1,4,3,Normal,3300000,,,,,59,68,58,64,63,75,60,37,53,70,79,78,76,69,77,75,66,65,65,64,41,18,66,59,56,56,21,19,16
A. Le Fondre,Adam Le Fondre,12/2/1986,32,175.26,73,"ST,CAM",England,69,69,950000,6000,Right,1,3,3,Normal,1200000,,,,,65,74,61,62,71,63,66,53,51,70,70,68,70,67,77,67,75,66,60,62,55,34,71,66,83,74,19,25,14
J. Pérez,John Fredy Pérez Lizarazo,7/22/1988,30,175.26,67.1,CAM,Colombia,69,69,1000000,1000,Right,1,3,3,Lean,1400000,,,,,71,65,46,69,51,65,71,77,67,70,65,68,72,64,77,67,72,54,56,70,45,34,68,70,58,59,58,35,32
M. Vigorito,Mauro Vigorito,5/22/1990,28,187.96,78.9,GK,Italy,69,69,750000,2000,Right,1,2,1,Normal,1200000,,,,,13,18,9,34,16,13,13,12,26,29,43,45,52,65,30,21,67,32,55,13,32,26,13,24,13,51,21,13,12
Ricardo Machado,Ricardo Jorge Tavares Machado,9/13/1988,30,190.5,79.8,CB,Portugal,69,69,825000,10000,Right,1,3,2,Normal,1400000,,,,,34,36,72,52,24,26,53,46,44,49,47,64,58,61,33,25,70,75,86,21,70,64,28,36,54,62,67,72,65
J. Taravel,Jérémy Taravel,4/17/1987,31,190.5,84.8,CB,France,69,69,700000,7000,Left,1,4,2,Normal,1100000,,,,,58,33,71,63,32,46,36,56,61,60,49,51,46,59,45,71,52,53,80,31,73,69,43,54,50,58,72,68,64
D. Cataño,Daniel Cataño,1/17/1992,27,175.26,74.8,"CAM,RW,LW",Colombia,69,70,1200000,2000,Right,1,3,3,Stocky,1800000,,,,,54,58,48,70,35,75,53,63,63,69,75,71,71,66,73,55,64,51,62,63,50,39,64,68,60,65,56,37,44
César,César Henrique Martins,12/28/1992,26,193.04,83,CB,Brazil,69,72,1100000,3000,Right,1,2,2,Normal,2400000,,,,,49,28,70,53,36,50,35,32,45,52,48,44,43,59,40,57,50,55,86,39,73,66,31,30,40,59,68,70,71
L. Grimi,Leandro Damián Marcelo Grimi,2/9/1985,34,182.88,73.9,"LB,CB",Argentina,69,69,400000,9000,Left,1,3,3,Normal,,,,,,73,56,68,63,49,63,34,48,60,65,60,59,66,63,62,70,81,64,70,70,80,67,61,65,56,63,74,72,73
D. Soddimo,Danilo Soddimo,9/27/1987,31,154.94,69.9,"CAM,CM,LM",Italy,69,69,1000000,2000,Right,1,4,3,Lean,1600000,,,,,70,57,53,66,60,71,59,61,62,71,78,84,82,66,74,72,76,84,65,66,55,37,68,63,57,70,45,40,33
Ratón,Álvaro López Ratón,3/20/1993,25,193.04,83.9,GK,Spain,69,73,975000,4000,Left,1,2,1,Normal,1600000,,,,,11,5,13,40,6,10,14,12,34,28,47,52,68,67,34,21,67,38,66,7,23,11,8,33,15,49,11,14,14
Brahim,Brahim Díaz,8/3/1999,19,170.18,68,"LW,CF",Spain,69,86,2200000,29000,Left,1,5,4,Normal,5800000,,,,,53,66,30,71,44,76,62,47,50,74,78,71,81,61,84,70,65,58,38,63,41,20,65,64,58,62,43,23,21
Césario Figueirido,Césario Marco Figueirido Pesso,2/29/1984,35,190.5,87.1,CB,Brazil,69,69,325000,7000,Left,1,3,2,Normal,618000,,,,,57,52,76,62,49,44,51,55,61,51,56,59,45,67,61,53,62,59,90,44,49,55,31,44,62,60,70,72,74
T. van Weert,Tom van Weert,6/7/1990,28,154.94,73,ST,Netherlands,69,69,1100000,8000,Right,1,4,2,Normal,1400000,,,,,39,71,69,62,64,59,54,39,36,65,67,66,65,66,65,69,86,71,66,64,35,20,73,51,74,66,25,21,22
M. Riquero,Mathías Damián Riquero Beretta,8/29/1982,36,152.4,76.2,"CDM,CM",Uruguay,69,69,250000,1000,Right,1,3,2,Normal,338000,,,,,63,53,76,74,49,48,49,65,65,63,33,40,48,65,67,61,80,72,74,60,70,72,60,59,49,76,70,66,58
G. Flores,Gerardo Flores Zúñiga,2/5/1986,33,175.26,74.8,RB,Mexico,68,68,500000,9000,Right,1,3,3,Normal,850000,,,,,70,48,70,66,51,65,67,62,64,66,67,68,71,68,53,66,83,67,69,60,76,64,60,60,61,61,67,67,68
J. Stage,Jens Stage,11/8/1996,22,185.42,83,"RM,CM",Denmark,68,76,1300000,4000,Right,1,3,3,Normal,1900000,,,,,65,59,62,68,48,67,55,50,65,69,71,78,67,61,68,64,61,73,70,60,53,63,66,62,52,70,54,62,60
M. Wilson,Marc Wilson,8/17/1987,31,187.96,79.8,"CB,LB",Republic of Ireland,68,68,675000,5000,Right,2,4,2,Normal,1200000,,,,,66,48,61,60,51,63,44,67,67,62,50,52,63,66,55,74,53,53,73,62,74,66,56,66,56,66,68,72,70
Alberto Perea,Alberto Perea Correoso,12/19/1990,28,175.26,68,"CAM,RM,LM",Spain,68,68,950000,4000,Right,1,3,3,Lean,,,,,,64,64,52,62,60,68,69,75,65,69,74,74,74,66,71,66,70,63,56,70,44,23,68,62,47,67,35,29,17
Avto,Avtandil Ebralidze,10/3/1991,27,175.26,72.1,"LW,RW",Georgia,68,68,950000,5000,Right,1,3,4,Lean,2000000,,,,,59,62,52,63,63,75,49,47,53,70,78,76,73,70,70,74,46,62,58,66,44,27,66,62,57,69,22,28,30
M. Jahfali,Mohammed Jahfali,10/24/1990,28,185.42,69.9,CB,Saudi Arabia,68,68,750000,13000,Right,1,3,2,Lean,1300000,,,,,43,34,70,62,36,40,32,24,56,50,67,64,52,61,62,42,76,72,76,36,77,65,39,42,36,65,64,68,66
J. Mutch,Jordon Mutch,12/2/1991,27,182.88,81.2,"CM,LM",England,68,69,1000000,3000,Right,1,4,3,Normal,1400000,,,,,68,62,65,70,44,67,72,71,67,70,61,64,63,68,63,74,66,64,69,72,64,63,70,66,67,68,60,59,58
M. Tchokounté,Malik Tchokounté,9/11/1988,30,190.5,89.8,ST,France,68,68,900000,10000,Right,1,2,2,Lean,1800000,,,,,40,69,75,62,63,57,55,40,35,64,51,52,52,64,54,67,68,66,90,58,70,17,71,56,66,63,13,21,24
P. Rojas,Pablo José Rojas Cardales,9/23/1991,27,167.64,72.1,"RM,LM",Colombia,68,68,950000,1000,Right,1,2,2,Stocky,1300000,,,,,66,64,42,66,45,72,39,29,57,54,91,93,83,59,85,64,72,77,46,55,40,22,58,64,66,66,31,24,26
M. Pourié,Marvin Pourié,1/8/1991,28,185.42,86.2,ST,Germany,68,68,950000,4000,Right,1,4,3,Normal,1400000,,,,,54,67,63,62,61,63,42,46,49,65,74,77,58,67,61,72,75,82,77,50,74,35,66,57,62,62,14,12,13
L. Chambers,Luke Chambers,9/28/1985,33,185.42,87.1,CB,England,68,68,525000,4000,Right,1,3,2,Normal,971000,,,,,52,23,66,57,17,45,34,17,58,55,54,55,54,64,60,40,75,77,77,24,75,64,21,50,25,55,70,67,67
Vágner Norteiro,Vágner Nilson Norteiro Brito,2/29/1984,35,165.1,62.1,RB,Brazil,68,68,250000,6000,Right,1,3,2,Normal,475000,,,,,66,46,38,68,61,73,70,72,58,61,78,75,87,64,89,67,70,69,31,62,51,69,57,65,55,73,71,61,70
M. Cranie,Martin Cranie,9/26/1986,32,182.88,78,"CB,RB",England,68,68,600000,5000,Right,1,3,2,Normal,1100000,,,,,65,38,68,64,27,59,37,39,53,63,57,64,62,60,63,65,74,75,71,33,66,66,51,56,30,64,69,68,67
Gabrielzinho,Gabriel Airton de Souza,3/29/1996,22,170.18,64,"RW,LW",Brazil,68,76,1300000,4000,Right,1,3,4,Normal,3000000,,,,,61,56,62,62,52,72,48,44,43,70,86,90,90,65,89,63,64,69,45,48,34,21,65,61,60,64,21,51,42
J. Sýkora,Jan Sýkora,12/29/1993,25,170.18,62.1,"CAM,LM,RM,LB",Czech Republic,68,73,,,Left,1,4,3,Lean,,,,,,71,57,52,64,53,71,68,56,62,69,83,81,84,69,81,66,70,82,49,62,82,54,65,61,57,61,46,59,58
S. Kingsley,Stephen Kingsley,7/23/1994,24,152.4,77.1,LB,Scotland,68,74,1000000,9000,Left,1,2,3,Normal,2200000,,,,,71,33,58,64,25,67,72,65,56,67,68,71,75,62,74,45,79,64,66,32,60,64,67,55,46,60,68,73,70
Y. Yoshida,吉田 豐,2/17/1990,29,167.64,68.9,"LB,RB,LM",Japan,68,68,700000,4000,Right,1,4,3,Stocky,875000,,,,,68,22,53,65,24,65,58,31,50,64,80,71,83,67,88,47,87,71,62,35,60,63,52,62,30,57,66,70,65
T. Mrčela,Tomislav Mrčela,10/1/1990,28,195.58,88,CB,Australia,68,70,875000,3000,Right,1,3,2,Normal,1200000,,,,,27,28,79,55,23,39,20,47,47,48,39,49,38,53,37,42,31,81,91,32,77,68,20,47,45,56,62,67,62
D. Lemos,David Fernando Lemos Cortés,5/11/1995,23,175.26,72.1,"ST,LM",Colombia,68,76,1300000,2000,Right,1,3,3,Lean,2100000,,,,,28,70,68,60,59,65,36,33,58,66,81,70,67,58,74,67,72,71,67,65,33,14,70,65,70,66,31,12,12
G. Piovi,Gonzalo Piovi,9/8/1994,24,154.94,69.9,"CB,LB",Argentina,68,74,1000000,6000,Left,1,2,2,Lean,,,,,,49,23,51,50,29,52,61,42,47,55,72,73,77,66,77,54,73,76,62,40,74,69,50,37,49,60,69,74,75
David Bruno,David Dias Resende Bruno,2/14/1992,27,175.26,72.1,RB,Portugal,68,69,850000,3000,Right,1,3,2,Normal,1800000,,,,,64,34,48,65,29,62,57,54,49,67,69,73,72,68,73,34,71,78,59,34,71,68,49,57,42,59,66,67,64
H. Olvera,Heriberto Olvera Hernández,5/13/1990,28,175.26,68.9,"LB,LWB",Mexico,68,68,700000,8000,Left,1,3,3,Lean,1200000,,,,,75,41,55,71,47,64,74,32,71,70,71,69,63,57,68,51,74,61,69,50,64,68,38,69,35,58,60,70,70
M. Sadlok,Maciej Sadlok,6/29/1989,29,185.42,79.8,"CB,LB",Poland,68,68,700000,3000,Left,1,4,3,Normal,945000,,,,,70,46,67,61,34,63,71,66,58,65,76,80,64,59,59,73,82,82,75,68,71,68,45,59,61,66,59,68,68
S. Nsoki,Stanley Nsoki,4/9/1999,19,185.42,78,"LB,CB",France,68,84,1700000,10000,Left,1,2,3,Normal,4300000,,,,,64,34,67,68,32,65,48,31,62,65,73,75,59,60,54,42,67,59,79,36,68,65,51,45,37,64,69,71,72
E. Velasco,Edwin Alexis Velasco Uzuriaga,11/5/1991,27,152.4,78,LB,Colombia,68,69,850000,2000,Left,1,3,2,Normal,,,,,,65,23,63,58,23,59,30,29,51,63,76,78,67,55,66,32,70,87,78,26,49,68,24,46,39,55,59,64,67
M. Gaus,Marcel Gaus,8/2/1989,29,182.88,79.8,"LB,LM,LWB",Germany,68,68,700000,10000,Left,1,3,3,Normal,1100000,,,,,63,59,59,64,51,63,56,46,59,65,78,84,69,65,68,68,73,90,75,61,70,61,62,59,57,64,59,61,65
Álex Díez,Alejandro Díez Salomón,2/17/1996,23,172.72,64,"RB,RM",Spain,68,77,1200000,3000,Right,1,3,3,Normal,2100000,,,,,74,30,53,65,31,67,68,68,36,66,72,74,64,63,69,40,60,73,46,32,62,64,64,54,45,60,63,65,66
D. Ljubicic,Dejan Ljubicic,10/8/1997,21,185.42,73.9,"CDM,CB",Austria,68,79,1400000,5000,Right,1,3,3,Normal,2300000,,,,,68,62,65,69,48,66,58,42,66,68,68,72,71,67,57,61,69,75,65,61,63,65,54,54,42,57,65,68,65
Oh Beom Seok,오범석 吴范锡,7/29/1984,34,154.94,77.1,"RB,CDM",Korea Republic,68,68,350000,3000,Right,1,3,2,Normal,438000,,,,,65,53,56,65,53,61,52,51,63,65,69,70,68,71,66,65,76,75,80,66,71,68,59,68,67,63,69,69,64
M. Al Sahlawi,Mohammad Ibrahim Al Sahlawi,1/10/1987,32,152.4,73.9,ST,Saudi Arabia,68,68,800000,16000,Right,2,3,2,Lean,1400000,,,,,58,70,67,68,70,65,64,53,47,62,63,63,69,72,66,67,77,66,68,64,64,26,69,63,81,62,17,12,16
I. Höhn,Immanuel Höhn,12/23/1991,27,182.88,72.1,"CB,RB",Germany,68,69,875000,8000,Right,1,3,2,Lean,1500000,,,,,47,30,65,59,26,52,34,35,55,59,55,52,65,69,62,36,83,66,67,31,64,63,25,46,42,54,70,69,71
Aridai,Aridai Cabrera Suárez,9/26/1988,30,167.64,59.9,"RM,ST,LM",Spain,68,68,875000,4000,Right,1,3,3,Normal,1400000,,,,,60,64,58,63,58,71,46,51,54,68,81,71,93,69,95,72,75,63,58,64,50,25,73,58,57,61,30,13,18
Macedo,Wanderson de Macedo Costa,5/31/1992,26,185.42,79.8,ST,Brazil,68,70,1100000,4000,Right,1,3,4,Normal,1500000,,,,,55,66,64,61,55,67,57,41,46,67,77,78,71,65,59,69,68,58,71,64,31,16,64,65,55,67,24,14,15
Song Seung Min,송승민 宋晟敏,1/11/1992,27,187.96,77.1,"ST,RW,CAM",Korea Republic,68,69,1100000,4000,Right,1,4,3,Normal,1400000,,,,,59,67,64,64,53,67,54,58,55,68,76,74,70,67,59,65,62,80,75,55,77,51,69,64,65,54,21,46,44
F. Burbano,Fáider Fabio Burbano Castillo,6/19/1992,26,170.18,69.9,"CAM,RM",Colombia,68,71,1100000,2000,Right,1,3,3,Stocky,1600000,,,,,63,62,55,63,61,69,32,29,59,67,85,87,81,66,79,73,73,74,64,66,33,27,68,59,64,58,45,23,19
J. Pelupessy,Joey Pelupessy,5/15/1993,25,172.72,63,"CDM,CM",Netherlands,68,72,975000,10000,Right,1,2,2,Normal,1900000,,,,,53,37,61,67,32,60,68,64,58,68,65,67,72,68,76,53,70,82,67,46,73,71,54,62,50,67,64,67,64
B. Watson,Ben Watson,7/9/1985,33,154.94,79.8,"CDM,CM",England,68,68,525000,17000,Right,2,3,3,Lean,998000,,,,,67,61,58,67,63,64,79,73,68,68,46,39,48,66,75,73,68,66,66,64,61,70,60,65,77,74,66,69,65
S. Nicholson,Sam Nicholson,1/20/1995,24,175.26,71.2,"LM,ST,CAM",Scotland,68,74,1200000,3000,Left,1,4,3,Normal,2100000,,,,,59,62,55,61,57,70,51,37,53,68,90,86,84,62,83,63,59,67,60,57,65,34,63,59,46,57,53,53,34
R. Zwinkels,Robert Zwinkels,5/4/1983,35,185.42,79.8,GK,Netherlands,68,68,210000,2000,Right,1,2,1,Normal,315000,,,,,15,12,11,35,20,12,9,12,30,30,42,39,46,64,37,29,75,35,66,17,35,13,16,30,22,56,10,11,11
S. Baldock,Sam Baldock,3/15/1989,29,170.18,67.1,ST,England,68,68,900000,15000,Right,1,4,3,Lean,1700000,,,,,48,68,58,56,63,66,63,58,37,70,77,75,79,66,81,65,73,79,61,66,47,35,71,55,68,64,43,26,28
P. Dahlberg,Pontus Dahlberg,1/21/1999,20,195.58,89.8,GK,Sweden,68,80,1200000,4000,Right,1,3,1,Normal,2600000,,,,,11,5,11,28,9,10,10,11,28,30,25,31,24,63,21,20,44,35,61,19,30,6,7,33,12,53,22,13,13
T. Watt,Tony Watt,12/29/1993,25,182.88,76.2,ST,Scotland,68,73,1200000,3000,Right,1,3,3,Stocky,2200000,,,,,31,66,58,55,50,70,63,33,43,68,79,78,68,64,75,71,70,63,78,67,67,19,67,56,68,71,20,24,17
M. O'Halloran,Michael O'Halloran,1/6/1991,28,154.94,78.9,"RW,CAM,LW",Scotland,68,68,950000,4000,Right,1,3,3,Normal,1700000,,,,,66,65,49,59,58,67,58,39,52,66,94,92,89,64,65,70,67,74,74,64,31,49,58,59,57,62,28,21,31
F. Di Tacchio,Francesco Di Tacchio,4/20/1990,28,185.42,81.2,"CM,CDM",Italy,68,68,900000,2000,Left,1,3,2,Stocky,1400000,,,,,35,34,56,69,31,55,47,52,67,67,55,61,49,67,61,73,76,89,91,68,68,70,59,66,53,66,60,69,64
L. Ibáñez,Luis Ezequiel Ibáñez,7/15/1988,30,170.18,73,"LB,LM",Argentina,68,68,675000,11000,Left,1,2,3,Normal,1400000,,,,,70,61,55,65,68,73,82,78,67,73,79,80,83,68,80,83,74,72,59,75,75,63,65,60,74,63,65,66,61
N. Ćalasan,Nemanja Ćalasan,3/17/1996,22,187.96,81.2,CB,Serbia,68,76,1100000,4000,Left,1,2,2,Normal,2600000,,,,,29,22,65,53,30,39,29,34,45,42,56,63,43,62,50,42,71,55,80,27,73,65,29,28,40,49,67,70,65
D. Zagorac,Danijel Zagorac,2/7/1987,32,185.42,79.8,GK,Croatia,68,68,550000,1000,Right,1,3,1,Normal,1200000,,,,,11,10,11,19,9,18,10,15,29,16,40,32,45,61,32,14,47,21,34,8,21,16,17,54,17,24,14,13,12
Fredinho Mutto,Frederico Tomás Mutto Heck,2/29/1992,27,152.4,78,LB,Brazil,68,68,750000,5000,Left,1,2,2,Normal,1400000,,,,,67,44,57,69,48,45,68,55,76,60,68,74,64,68,57,44,44,67,63,55,87,73,49,47,40,64,66,56,75
Lluis López,Lluis López Marmol,3/5/1997,22,182.88,78.9,CB,Spain,68,78,1300000,7000,Left,1,2,2,Normal,2900000,,,,,46,24,71,63,29,47,32,26,59,64,64,58,64,64,49,46,74,51,61,18,71,73,48,31,33,60,61,68,72
R. Wood,Richard Wood,7/5/1985,33,190.5,82.1,CB,England,68,68,525000,12000,Left,1,3,2,Normal,971000,,,,,41,35,70,53,26,37,22,26,43,55,30,31,28,62,45,45,69,75,79,24,68,67,40,53,40,64,68,68,67
A. Fulignati,Andrea Fulignati,10/31/1994,24,187.96,88,GK,Italy,68,75,925000,1000,Right,1,3,1,Normal,,,,,,19,20,11,32,18,11,14,14,30,22,51,44,52,60,54,25,63,17,60,18,30,20,12,32,22,49,15,19,18
L. Henderson,Liam Henderson,4/25/1996,22,182.88,78,"CM,CAM",Scotland,68,75,1200000,2000,Right,1,2,3,Lean,2200000,,,,,58,56,47,72,48,66,67,63,69,70,58,67,72,63,75,68,60,90,72,62,72,53,59,64,50,73,51,60,49
F. Flores,Felipe Ignacio Flores Chandia,1/9/1987,32,152.4,69.9,"LW,ST,LM",Chile,68,68,775000,2000,Left,1,2,3,Normal,1000000,,,,,64,68,58,68,41,68,53,59,56,69,78,74,72,71,67,73,71,80,68,58,47,14,72,48,66,67,42,17,13
T. Pettersson,Tom Pettersson,3/25/1990,28,190.5,83,CB,Sweden,68,69,825000,3000,Left,1,2,2,Normal,1100000,,,,,46,50,73,62,40,55,54,36,63,60,54,53,57,63,54,63,50,77,83,53,85,58,58,58,44,63,68,58,72
A. Montalto,Adriano Montalto,4/6/1988,30,185.42,78,ST,Italy,68,68,875000,2000,Left,1,2,3,Lean,1400000,,,,,41,74,66,52,63,64,54,53,45,65,60,56,61,66,69,71,73,64,73,67,64,45,73,46,54,62,22,24,15
G. Nauber,Gerrit Nauber,4/13/1992,26,185.42,74.8,CB,Germany,68,71,925000,3000,Right,1,3,2,Normal,1500000,,,,,35,33,69,58,34,31,26,28,46,45,59,55,60,56,62,46,80,71,77,30,68,67,21,22,37,50,71,69,67
S. Andrist,Stephan Andrist,12/12/1987,31,175.26,71.2,"RM,LM,RW",Switzerland,68,68,850000,1000,Right,1,3,3,Lean,1200000,,,,,62,65,48,61,64,71,70,59,52,66,90,88,81,62,79,68,58,75,47,63,59,46,63,57,62,60,22,47,39
L. Payares,Luis Miguel Payares Blanco,1/14/1990,29,185.42,78,"CB,LB",Colombia,68,69,825000,2000,Left,1,3,2,Normal,1200000,,,,,22,17,69,58,30,34,29,26,49,53,51,54,47,58,47,43,68,72,79,23,76,69,39,34,39,56,66,68,62
O. Gaber,Omar Gaber,1/30/1992,27,175.26,71.2,"RB,RM,LB",Egypt,68,69,,,Right,1,3,2,Normal,,,,,,63,52,63,72,56,62,46,46,72,70,75,74,72,67,78,70,56,73,74,62,76,62,39,58,46,69,69,67,63
T. Kane,Todd Kane,9/17/1993,25,154.94,69.9,"RB,LM",England,68,73,1000000,9000,Right,1,2,3,Normal,2000000,,,,,65,44,50,64,35,67,47,39,58,65,78,74,65,66,69,65,65,74,58,52,65,64,61,58,50,64,65,68,70
A. Garofalo,Agostino Garofalo,9/29/1984,34,152.4,71.2,"LM,LB",Italy,68,68,550000,3000,Left,1,3,3,Lean,853000,,,,,68,54,61,69,45,66,70,75,64,70,78,78,78,71,80,77,83,83,70,73,60,65,52,53,61,70,66,70,70
S. De Petter,Steven De Petter,11/22/1985,33,182.88,74.8,"CB,CDM",Belgium,68,68,525000,5000,Left,1,4,2,Normal,788000,,,,,54,52,69,64,44,47,34,56,53,60,40,46,57,67,61,58,52,68,72,48,78,72,57,66,66,77,70,66,61
Ricardo Nunes,Ricardo Nuno dos Santos Nunes,6/18/1986,32,154.94,73,LB,South Africa,68,68,500000,3000,Left,1,2,2,Lean,675000,,,,,70,45,45,59,39,62,71,69,65,65,79,77,70,59,74,71,70,83,67,67,53,65,64,54,59,70,63,68,65
K. Barmen,Kristoffer Barmen,8/19/1993,25,190.5,76.2,CM,Norway,68,72,1100000,2000,Right,1,3,3,Lean,1500000,,,,,58,64,70,68,61,66,65,63,62,68,69,62,59,68,64,69,85,76,79,65,68,65,69,64,60,73,62,64,60
A. Maksimenko,Alexandr Maksimenko,3/19/1998,20,187.96,81.2,GK,Russia,68,81,1400000,1000,Left,1,3,1,Normal,3800000,,,,,12,6,11,17,6,14,13,13,27,16,35,41,24,56,38,21,51,23,58,6,28,6,8,35,13,22,19,12,12
L. Godoy,Leonardo Godoy,4/28/1995,23,154.94,69.9,"RB,RWB",Argentina,68,77,1200000,5000,Right,1,3,3,Lean,2000000,,,,,64,34,61,63,36,68,40,35,62,63,73,72,71,68,73,32,61,79,77,45,80,68,59,54,41,61,58,71,67
Thiago Martins,Thiago Martins Bueno,3/17/1995,23,185.42,76.2,CB,Brazil,68,75,1100000,2000,Right,1,3,2,Normal,1600000,,,,,45,35,69,54,36,52,37,43,41,58,64,67,49,59,58,56,84,63,69,30,56,64,32,47,53,48,68,75,71
D. Gómez,Diego Steven Gómez Maldonado,10/21/1988,30,172.72,64.9,"RM,RW,LW",Colombia,68,68,875000,1000,Right,1,3,3,Lean,1200000,,,,,60,63,67,69,43,72,66,65,57,69,78,73,82,62,78,55,74,58,42,57,43,23,63,69,51,59,60,31,29
J. Fuentes,Johan Patricio Fuentes Muñoz,2/2/1984,35,170.18,74.8,"CM,CAM",Chile,68,68,425000,2000,Left,1,4,2,Normal,574000,,,,,56,50,48,71,44,59,57,62,68,64,66,61,71,60,82,71,75,75,59,66,56,62,71,78,41,65,47,46,37
J. Koprivec,Jan Koprivec,7/15/1988,30,185.42,81.2,GK,Slovenia,68,68,,,Right,1,1,1,Normal,,,,,,15,14,10,22,12,18,16,11,31,23,51,49,48,60,40,28,70,26,61,17,27,19,9,32,21,64,12,13,14
Lucas Fernandes,Lucas Fernandes,4/24/1994,24,175.26,69.9,"RM,CAM",Brazil,68,72,1200000,2000,Right,1,2,3,Lean,1500000,,,,,62,62,51,60,70,70,43,40,42,68,90,81,84,70,76,60,60,60,58,57,33,16,70,65,63,51,58,22,18
Nosberto Vila,Nosberto Diego Vila Abranches,2/29/1984,35,175.26,74.8,"RB,RWB,RM",Brazil,68,68,250000,6000,Right,1,3,3,Stocky,475000,,,,,71,44,72,69,58,65,54,41,65,73,59,61,81,57,62,66,63,72,71,67,69,75,48,52,76,57,70,60,68
David García,David García Zubiria,2/14/1994,25,185.42,72.1,CB,Spain,68,73,1000000,4000,Right,1,3,2,Lean,1700000,,,,,53,35,67,64,37,61,33,38,65,66,57,66,50,66,64,43,82,74,74,25,71,67,58,52,43,67,63,67,65
R. Tunnicliffe,Ryan Tunnicliffe,12/30/1992,26,182.88,79.8,"CM,LM",England,68,71,1100000,6000,Right,1,3,3,Normal,2200000,,,,,66,53,56,71,49,64,60,47,66,69,67,65,60,65,68,68,61,75,70,61,71,66,63,68,56,62,65,66,65
C. Quaner,Collin Quaner,6/18/1991,27,190.5,78.9,"RM,ST",Germany,68,68,950000,17000,Left,1,2,3,Lean,,,,,,65,66,66,65,60,68,43,38,59,64,68,81,59,67,54,68,37,72,79,59,63,21,68,59,55,59,21,27,23
T. Ayasse,Thomas Ayasse,2/17/1987,32,182.88,74.8,"CDM,CM",France,68,68,600000,3000,Right,1,3,2,Normal,1100000,,,,,59,41,61,66,44,48,64,52,60,62,55,50,60,69,62,63,86,86,74,66,72,70,60,66,54,70,65,62,60
J. Speroni,Julián Speroni,5/18/1979,39,185.42,79.8,GK,Argentina,68,68,60000,8000,Right,1,3,1,Normal,114000,,,,,13,13,11,38,12,12,15,12,28,26,42,39,46,64,55,20,72,33,43,12,21,17,8,34,22,53,10,12,15
M. Melluso,Matías Germán Melluso,6/9/1998,20,170.18,63,LB,Argentina,68,82,1800000,4000,Left,1,3,3,Normal,3800000,,,,,66,41,61,63,38,69,45,33,62,68,78,73,77,69,68,47,63,69,59,45,58,59,59,51,44,62,64,70,66
M. Taylor,Matty Taylor,3/30/1990,28,175.26,72.1,ST,England,68,68,925000,19000,Right,1,3,3,Normal,1800000,,,,,50,69,68,64,55,66,65,37,53,67,76,77,80,59,83,69,78,66,61,63,59,24,70,67,70,59,22,19,21
Lee Gwang Hyeok,이광혁 李光赫,9/11/1995,23,170.18,63,"LW,RW",Korea Republic,68,73,1200000,4000,Left,1,4,3,Lean,1600000,,,,,66,60,70,65,42,68,64,64,55,67,89,90,84,68,90,56,87,67,41,53,67,30,66,55,42,55,41,33,30
D. Novoa,Diego Alejandro Novoa Urrego,5/31/1989,29,185.42,88,GK,Colombia,68,70,725000,1000,Right,1,3,1,Stocky,1000000,,,,,16,15,13,26,14,18,14,39,22,20,46,49,32,57,39,48,52,33,63,20,17,16,13,29,40,38,16,14,13
S. Sabelli,Stefano Sabelli,1/13/1993,26,154.94,73.9,RB,Italy,68,71,925000,2000,Right,1,3,2,Lean,1500000,,,,,58,35,59,60,37,59,46,40,55,58,73,82,72,68,79,35,66,86,71,50,71,67,37,45,42,68,64,66,68
T. Gjertsen,Torgil Gjertsen,3/12/1992,26,175.26,73.9,LM,Norway,68,69,1100000,2000,Right,1,3,3,Normal,1400000,,,,,60,65,49,63,68,70,65,56,51,68,86,78,90,64,85,68,43,73,47,65,46,51,67,63,55,67,43,53,48
Nando,Fernando García Puchades,6/13/1994,24,152.4,68,"RM,LM,ST",Spain,68,74,1200000,8000,Right,1,3,3,Normal,,,,,,67,65,38,66,54,71,65,58,63,70,75,78,75,61,74,64,61,61,49,67,52,30,63,60,57,62,47,37,35
M. Poletanović,Marko Poletanović,7/20/1993,25,187.96,74.8,"CDM,CM",Serbia,68,73,1000000,4000,Right,1,3,3,Lean,1400000,,,,,52,59,65,74,63,64,66,65,70,69,55,57,61,64,60,74,61,68,65,72,69,66,65,69,55,66,65,59,56
H. Bahebri,Hattan Bahebri,7/16/1992,26,170.18,67.1,"LM,RM",Saudi Arabia,68,69,1100000,14000,Left,1,4,4,Normal,1900000,,,,,65,62,48,64,55,70,69,48,60,68,80,74,81,63,76,71,65,67,62,65,55,42,67,65,42,55,46,43,50
André Luís,André Luís Silva de Aguiar,3/9/1994,24,182.88,77.1,ST,Brazil,68,72,1200000,4000,Right,1,3,3,Normal,2600000,,,,,36,71,73,54,69,65,57,35,41,62,68,67,76,64,70,68,82,72,68,62,56,17,66,54,66,59,21,16,21
K. Mączyński,Krzysztof Mączyński,5/23/1987,31,175.26,66.2,"CDM,CM",Poland,68,68,600000,3000,Right,1,3,3,Lean,810000,,,,,67,41,57,69,34,67,72,66,66,68,62,63,70,72,75,68,70,73,60,68,68,70,68,70,40,70,58,67,66
Kauã Zanson,Kauã Ricardo Zanon Bardini,2/29/1984,35,152.4,72.1,"CB,RB",Brazil,68,68,270000,10000,Right,1,3,2,Normal,513000,,,,,57,40,67,43,44,64,72,62,30,56,63,71,53,71,61,50,77,50,55,50,73,69,42,56,46,72,70,70,72
S. Minelli,Stefano Minelli,3/5/1994,25,182.88,76.2,GK,Italy,68,72,825000,1000,Left,1,3,1,Normal,1300000,,,,,11,20,15,25,18,11,14,18,24,17,41,45,57,67,58,25,70,33,57,12,20,22,19,35,19,51,17,12,19
Y. Herrera,Yangel Herrera,1/7/1998,21,182.88,77.1,"CDM,CM",Venezuela,68,78,1300000,24000,Right,1,3,3,Lean,,Venezuela,73,RM,13,44,49,65,68,39,64,56,51,64,67,53,61,60,63,68,64,75,69,71,51,76,64,60,62,59,53,67,71,68
Lucas Medeirão,Lucas Luciano Medeirão Hoffman,2/29/1984,35,152.4,73.9,"CAM,RM,CM",Brazil,68,68,450000,9000,Right,1,3,3,Normal,855000,,,,,55,71,48,53,52,75,59,66,59,65,74,52,40,71,63,61,43,55,59,65,40,33,76,75,51,71,28,34,35
C. Rodríguez,Omar Andrés Rodríguez Martínez,1/30/1994,25,152.4,72.1,CAM,Colombia,68,72,1200000,1000,Left,1,3,3,Lean,1700000,,,,,59,59,44,71,55,76,58,61,68,63,70,73,66,50,69,65,63,63,60,59,45,48,65,71,62,53,33,50,46
J. Rasmussen,Jacob Rasmussen,5/28/1997,21,190.5,81.2,"CB,CDM,CM",Denmark,68,79,1400000,13000,Left,1,3,2,Lean,,,,,,56,30,69,62,30,55,30,29,60,55,63,64,63,65,69,45,68,64,78,30,71,66,22,40,30,63,66,66,66
J. Kubicki,Jarosław Kubicki,8/7/1995,23,154.94,69.9,"CM,CDM",Poland,68,74,1200000,3000,Right,1,2,3,Normal,1900000,,,,,49,58,60,70,49,60,54,38,64,67,74,75,66,72,75,59,62,91,70,59,78,66,52,64,43,73,58,68,63
E. Velarde,Efraín Velarde Calvillo,4/18/1986,32,175.26,69.9,LB,Mexico,68,68,500000,4000,Left,1,2,2,Normal,850000,,,,,70,52,57,66,61,60,60,60,64,65,68,68,71,69,72,66,73,70,72,61,65,66,56,64,63,63,68,68,68
F. De Col,Filippo De Col,10/28/1993,25,182.88,83,RB,Italy,68,73,1000000,2000,Right,1,3,2,Normal,1600000,,,,,66,26,55,55,31,52,47,32,60,55,75,73,70,65,62,41,59,92,76,22,61,63,45,28,37,63,70,65,70
Juanma,Juan Manuel Delgado Lloria,11/17/1990,28,187.96,78.9,ST,Spain,68,68,950000,3000,Right,1,3,2,Normal,1200000,,,,,44,70,68,55,61,56,44,45,45,68,53,59,34,60,36,73,40,69,90,54,56,25,73,62,66,63,28,46,19
Chuli,Manuel Jesús Vázquez Florido,1/25/1991,28,170.18,59,"ST,LM,RM",Spain,68,68,950000,10000,Left,1,3,3,Normal,,,,,,68,67,60,65,54,69,59,43,59,67,73,82,80,65,70,70,69,45,66,56,43,40,72,57,67,67,48,26,29
V. Viola,Valentín Nicolás Viola,8/28/1991,27,182.88,76.2,"ST,LM,RM",Argentina,68,69,1100000,6000,Right,1,3,3,Normal,1600000,,,,,63,67,64,66,67,71,55,66,62,69,69,68,69,62,64,65,65,65,71,66,62,24,66,64,64,68,55,24,22
L. Murphy,Luke Murphy,10/21/1989,29,185.42,73.9,"CM,CDM",England,68,68,900000,5000,Right,1,3,3,Lean,1700000,,,,,66,59,42,70,47,65,68,61,69,67,63,63,56,65,64,70,49,79,69,72,77,67,56,61,62,66,57,70,66
N. Spalek,Nikolas Spalek,2/12/1997,22,170.18,63,"CAM,RW",Slovakia,68,77,1400000,2000,Right,1,4,3,Lean,2500000,,,,,65,63,57,65,63,70,57,56,61,67,78,77,78,67,72,59,65,68,41,59,41,28,64,64,59,58,29,33,32
B. Lennon,Brooks Lennon,9/22/1997,21,152.4,69.9,"RB,RW,LW",United States,68,79,1300000,2000,Right,1,3,3,Lean,2300000,,,,,74,60,62,66,48,67,69,44,62,66,72,76,66,65,71,69,76,85,61,60,64,60,65,66,68,61,65,62,58
Kim Young Uk,김용욱 金永旭,4/29/1991,27,152.4,69.9,"CM,RW",Korea Republic,68,69,1000000,3000,Right,1,4,3,Normal,1300000,,,,,67,55,60,68,57,68,66,69,66,67,70,71,71,69,70,68,73,70,66,68,66,65,66,70,62,54,60,64,59
J. Iglesias,Jonathan Iglesias,12/17/1988,30,170.18,68.9,"CDM,CM",Uruguay,68,68,700000,3000,Right,1,3,3,Normal,1200000,,,,,62,58,44,71,56,64,54,55,68,68,62,68,72,65,81,63,54,82,61,52,62,62,50,71,49,64,65,65,59
Javi Hernández,Francisco Javier Hernández González,6/6/1989,29,182.88,79.8,"CAM,CM",Spain,68,68,875000,3000,Left,1,2,3,Normal,1200000,,,,,62,66,37,68,59,68,70,71,66,70,67,73,73,61,73,74,37,67,61,68,40,52,57,69,58,53,48,48,25
R. Bedoui,Rami Bedoui,1/19/1990,29,187.96,77.1,"CB,RB",Tunisia,68,69,825000,8000,Right,1,3,2,Lean,1400000,,,,,55,41,67,63,34,56,42,41,63,62,65,73,68,66,68,51,73,66,76,47,68,68,38,41,45,59,61,71,64
Park Yong Woo,박용우 朴镕宇,9/10/1993,25,185.42,79.8,"CM,CDM",Korea Republic,68,72,1100000,3000,Right,1,3,3,Normal,1600000,,,,,47,57,65,68,49,58,37,47,74,66,58,53,61,67,57,67,72,77,89,68,65,63,59,71,42,58,60,63,57
Wang Shenchao,王燊超,2/8/1989,30,154.94,72.1,"RB,LB,CB",China PR,68,68,675000,7000,Right,1,3,2,Lean,1500000,,,,,52,24,54,60,27,59,35,28,39,57,74,67,64,68,69,35,66,83,67,27,64,72,45,43,34,64,66,68,71
L. Hoyos,Lucas Adrián Hoyos,4/29/1989,29,182.88,76.2,GK,Argentina,68,70,725000,5000,Right,1,3,1,Normal,1100000,,,,,18,12,17,32,20,21,18,20,24,25,58,48,43,62,60,19,57,35,60,19,29,24,15,24,26,42,15,20,18
J. Brinkies,Johannes Brinkies,6/20/1993,25,187.96,87.1,GK,Germany,68,72,825000,1000,Right,1,5,1,Stocky,1300000,,,,,10,15,10,34,8,12,12,19,29,18,52,52,55,59,52,36,71,42,66,11,20,21,13,55,28,33,10,9,11
Z. Valentin,Zarek  Valentin,8/6/1991,27,182.88,73,"RB,LB",United States,68,69,850000,3000,Right,1,4,3,Normal,1300000,,,,,64,40,60,68,44,64,54,30,70,66,68,72,60,60,63,57,72,75,74,47,63,63,52,55,38,62,68,68,68
M. Curado,Marcos Curado,5/9/1995,23,187.96,79.8,"CB,RB",Argentina,68,74,1000000,5000,Right,1,2,2,Normal,,,,,,29,27,72,56,36,29,33,28,41,49,55,59,39,71,49,61,71,63,80,28,71,65,31,32,47,61,67,68,62
Iván Villar,Iván Villar Martínez,7/9/1997,21,187.96,78.9,GK,Spain,68,75,950000,4000,Right,1,2,1,Lean,2200000,,,,,13,12,16,23,12,21,20,15,22,17,32,33,38,67,37,21,52,30,52,15,18,18,12,46,23,46,10,15,15
M. Fenger,Mads Fenger,9/10/1990,28,185.42,81.2,CB,Denmark,68,70,875000,3000,Right,1,3,2,Normal,1200000,,,,,44,32,65,64,34,46,59,64,62,58,68,71,65,61,68,54,76,72,79,27,68,65,41,44,33,67,64,69,67
L. DeVere,Luke DeVere,11/5/1989,29,185.42,88,CB,Australia,68,68,725000,3000,Right,1,3,2,Stocky,906000,,,,,32,35,59,63,31,32,21,36,54,56,46,59,50,58,45,56,74,54,92,44,65,68,35,50,47,66,62,68,63
J. Amano,天野 纯,7/19/1991,27,175.26,64,"CM,CDM,RM",Japan,68,69,1000000,3000,Left,1,3,3,Lean,1400000,,,,,68,52,49,72,49,69,67,68,62,71,74,72,74,61,77,62,70,87,72,58,55,55,69,68,42,59,50,52,45
B. Van Durmen,Benjamin Van Durmen,3/20/1997,21,185.42,78.9,"CDM,CM",Belgium,68,76,1100000,3000,Left,1,3,2,Normal,1900000,,,,,52,29,58,68,51,62,49,52,66,67,56,61,58,63,61,63,58,74,74,58,71,66,56,63,51,59,67,67,65
A. Nabbout,Andrew Nabbout,12/17/1992,26,152.4,83,"ST,LM,RM",Australia,68,70,1100000,6000,Right,1,4,3,Stocky,1500000,Urawa Red Diamonds,70,SUB,19,65,68,59,65,49,67,59,45,53,68,79,79,72,61,77,69,63,69,77,63,60,22,69,64,52,64,35,30,25
E. Huws,Emyr Huws,9/30/1993,25,152.4,73,"CM,CDM",Wales,68,73,1200000,4000,Left,1,3,3,Normal,2300000,,,,,64,64,49,71,52,66,60,56,70,68,67,67,66,63,58,70,66,68,64,65,63,64,60,68,66,71,43,65,60
J. Jantscher,Jakob Jantscher,1/8/1989,30,154.94,68.9,"LM,CAM,RM",Austria,68,68,875000,9000,Right,1,4,3,Lean,1300000,,,,,70,63,51,71,65,66,72,66,69,68,71,71,69,63,70,71,54,70,56,67,62,35,64,62,66,61,51,31,25
Zou Zheng,邹正,2/7/1988,31,152.4,69.9,LB,China PR,68,68,650000,7000,Left,1,3,2,Normal,1400000,,,,,67,45,73,65,35,66,55,48,58,60,77,79,71,68,76,64,73,67,64,63,63,65,68,63,41,71,67,67,64
T. Kida,喜田 拓也,8/23/1994,24,170.18,63,"CDM,CM",Japan,68,74,1000000,2000,Right,1,3,2,Normal,1500000,,,,,53,32,49,70,35,43,35,45,64,67,72,71,78,62,87,47,81,90,70,44,84,66,46,58,42,65,61,62,58
Adão Salvadaldo,Adão Dênis Salvador Vidigal,2/29/1984,35,175.26,68.9,"ST,LW",Brazil,68,68,475000,7000,Left,1,5,3,Lean,903000,,,,,61,72,61,55,65,77,51,52,41,71,78,75,87,61,84,66,66,55,49,71,40,30,65,36,77,58,20,17,23
T. Perthel,Timo Perthel,2/11/1989,30,185.42,83,LB,Germany,68,68,675000,6000,Left,1,3,3,Normal,1000000,,,,,74,47,51,65,58,66,69,68,58,65,78,76,76,61,67,75,76,76,75,67,77,62,67,60,48,68,60,66,66
M. Chrien,Martin Chrien,9/8/1995,23,182.88,72.1,CM,Slovakia,68,76,1300000,4000,Right,1,4,3,Lean,,,,,,65,55,68,72,50,70,60,41,69,73,64,66,65,68,64,59,60,54,68,45,61,55,70,72,48,64,48,53,55
N. Pulzetti,Nico Pulzetti,2/13/1984,35,175.26,69.9,CM,Italy,68,68,425000,2000,Right,1,3,3,Normal,659000,,,,,64,52,64,70,58,65,68,53,65,70,65,66,73,67,72,72,73,79,73,64,73,67,67,61,61,70,68,65,65
Lee Dong Gook,이동국 李东国,4/29/1979,39,187.96,83,ST,Korea Republic,68,68,260000,4000,Right,3,4,2,Normal,338000,,,,,65,74,67,58,83,58,80,70,58,64,33,54,29,70,63,68,74,38,67,67,44,33,75,67,86,72,32,15,16
T. Eaves,Tom Eaves,1/14/1992,27,190.5,86.2,ST,England,68,69,1100000,4000,Right,1,4,2,Normal,2000000,,,,,28,68,76,52,63,59,32,29,41,65,54,60,58,62,34,79,66,72,90,60,60,20,67,35,65,63,29,42,31
J. Angulo,Jesús Angulo,1/30/1998,21,154.94,73,"LB,CB",Mexico,68,80,1400000,6000,Left,1,3,2,Normal,2700000,,,,,67,36,61,66,36,57,57,38,67,65,73,70,62,56,75,47,75,77,62,42,63,64,53,42,47,63,67,72,68
Manolo Reina,Manuel Reina Rodríguez,4/1/1985,33,185.42,79.8,GK,Spain,68,68,450000,3000,Right,1,3,1,Normal,698000,,,,,8,10,12,30,13,12,20,12,36,18,54,59,57,67,58,23,68,44,65,20,35,23,9,31,24,50,17,11,12
David Concha,David Concha Salas,11/20/1996,22,152.4,69.9,"RM,LM",Spain,68,78,1500000,8000,Left,1,3,3,Lean,3300000,,,,,67,66,51,62,65,77,71,52,64,69,66,65,63,64,79,53,40,53,44,66,32,30,71,67,72,66,40,23,27
W. Francis,Waylon Francis,9/20/1990,28,175.26,73,"LB,LWB",Costa Rica,68,68,750000,3000,Left,1,2,2,Normal,1100000,,,,,66,40,48,63,53,63,69,60,57,57,72,77,72,64,71,61,74,79,61,52,67,66,59,61,52,62,63,69,67
A. Hughes,Andrew Hughes,6/5/1992,26,190.5,81.2,"LB,CB",Wales,68,70,875000,6000,Left,1,2,2,Normal,1700000,,,,,58,33,65,61,27,50,28,71,63,58,71,77,67,67,63,28,81,80,74,30,70,65,41,35,38,49,68,70,64
Baraka,Andrés Fernandes Gonçalves,7/21/1986,32,154.94,83,"CDM,CM",Brazil,68,68,600000,6000,Right,1,2,2,Normal,990000,,,,,48,34,61,66,41,50,46,48,62,62,54,51,48,61,62,71,70,73,78,56,81,70,54,57,50,68,64,72,67
V. Amiri,Vahid Amiri,4/2/1988,30,154.94,74.8,"LW,LM",Iran,68,68,850000,13000,Left,1,3,3,Normal,1700000,,,,,70,58,39,64,61,73,62,44,42,69,81,77,77,62,70,60,49,58,53,60,33,34,63,63,61,62,44,29,21
A. D'Alberto,Anthony D'Alberto,10/13/1994,24,152.4,73.9,RB,Belgium,68,73,1000000,2000,Right,1,2,2,Normal,2200000,,,,,66,28,57,62,34,66,60,39,54,62,74,78,65,64,71,48,77,71,65,35,65,65,55,47,46,59,64,67,68
G. Bourillon,Grégory Bourillon,7/1/1984,34,187.96,78,"CB,CDM",France,68,68,270000,3000,Right,1,4,2,Normal,473000,,,,,48,32,70,69,44,46,53,52,66,64,33,35,32,58,52,66,63,60,72,49,55,74,39,70,64,73,69,70,62
K. Hyland,Khaleem Hyland,6/5/1989,29,182.88,79.8,"CDM,CM",Trinidad & Tobago,68,68,700000,10000,Right,1,3,3,Stocky,1200000,,,,,57,49,67,67,57,68,49,64,65,69,59,54,56,66,64,80,77,70,85,70,73,66,64,64,55,70,60,69,66
M. Abdul Shafy,Mohamed Abdul Shafy Sayed Abouezeid,7/1/1985,33,170.18,71.2,LB,Egypt,68,68,350000,13000,Left,1,3,3,Lean,595000,Al Ahli,72,LWB,13,65,45,65,62,35,66,69,42,66,66,79,68,79,69,60,70,71,68,69,67,56,68,67,59,43,65,67,65,63
Z. Bergdich,Zakarya Bergdich,1/7/1989,30,152.4,68.9,"LB,LW,RW",Morocco,68,68,675000,3000,Left,1,2,3,Normal,1400000,,,,,61,46,64,65,38,68,75,46,58,69,85,81,77,57,74,74,86,59,79,39,60,65,67,59,44,61,63,71,69
Y. Al Mosailem,Yasser Abdullah Al Mosailem,2/27/1984,35,182.88,83.9,GK,Saudi Arabia,68,68,375000,11000,Right,1,2,1,Normal,638000,,,,,18,14,13,22,12,16,20,14,21,17,32,46,49,63,55,22,64,37,68,19,22,13,12,52,20,60,14,19,12
L. Abergel,Laurent Abergel,2/1/1993,26,172.72,69.9,"CDM,RB,CM",France,68,73,1000000,3000,Right,1,3,2,Normal,1800000,,,,,62,32,50,68,34,63,42,39,64,62,76,69,72,69,84,35,73,76,65,29,76,65,54,52,42,56,63,70,67
L. Laverone,Lorenzo Laverone,4/19/1989,29,175.26,69.9,"RB,RM",Italy,68,68,675000,2000,Right,1,3,3,Lean,1000000,,,,,72,40,53,66,38,64,70,65,58,64,82,91,81,67,85,69,81,89,72,48,66,60,64,68,60,63,57,59,57
B. Zolinski,Ben Zolinski,5/3/1992,26,154.94,78,"ST,RM",Germany,68,69,1100000,6000,Right,1,3,2,Normal,1700000,,,,,64,68,49,64,57,62,61,50,55,63,86,85,72,67,69,69,74,87,77,58,62,63,68,58,44,65,58,64,62
M. Herrera,Miguel Herrera,4/3/1989,29,182.88,81.2,CB,Mexico,68,68,700000,11000,Right,1,3,2,Normal,1200000,,,,,31,28,72,58,26,45,35,34,51,52,55,63,53,67,45,52,61,51,74,38,69,64,28,40,52,71,63,68,70
Y. de Lanlay,Yann-Erik de Lanlay,5/14/1992,26,154.94,72.1,"LW,RW",Norway,68,69,1100000,4000,Right,1,3,3,Lean,1400000,,,,,64,58,42,65,56,70,64,58,59,67,85,84,88,65,77,67,79,64,60,62,45,49,67,63,50,66,57,52,50
T. Mavromatis,Theofanis Mavromatis,1/16/1997,22,185.42,78,CB,Greece,68,75,1100000,1000,Left,1,2,2,Normal,2600000,,,,,38,24,66,55,26,35,23,22,56,48,59,62,52,56,55,66,76,60,71,33,69,68,31,45,40,60,68,70,68
Freddy Cardouso,Fred Marcos Cardouso Pombal,2/29/1988,31,172.72,69.9,"CAM,CF",Brazil,68,68,850000,7000,Left,1,4,3,Normal,1600000,,,,,74,52,50,71,50,72,76,70,64,66,67,64,72,71,81,58,64,60,58,60,40,58,68,66,68,72,30,37,36
Lucas Fernandes,Lucas Fernandes da Silva,9/20/1997,21,175.26,71.2,"CM,CAM",Brazil,68,80,1600000,3000,Right,1,2,3,Lean,3600000,,,,,68,61,44,72,61,74,72,72,64,72,76,72,79,70,77,70,53,69,52,72,49,49,64,68,65,73,46,52,43
P. Mainka,Patrick Mainka,11/6/1994,24,193.04,86.2,CB,Germany,68,72,975000,5000,Right,1,3,2,Lean,1600000,,,,,38,30,71,58,33,43,36,37,52,50,51,59,53,63,41,64,42,62,79,37,65,66,35,44,40,57,71,69,63
J. Mahecha,Juan Alejandro Mahecha Molina,7/22/1987,31,175.26,69.9,"CDM,CM",Colombia,68,68,675000,1000,Right,1,3,2,Lean,911000,,,,,68,52,59,70,66,62,58,68,72,66,57,61,69,72,70,67,77,58,58,69,77,67,64,65,59,58,70,67,56
M. Kuhn,Moritz Kuhn,8/1/1991,27,152.4,76.2,RB,Germany,68,69,850000,4000,Right,1,2,3,Normal,1300000,,,,,74,44,55,67,44,66,70,69,64,65,80,85,76,64,77,55,71,81,62,48,61,57,58,62,57,59,59,61,64
W. Andrade,Walter Saúl Andrade,12/1/1984,34,190.5,86.2,CB,Argentina,68,68,375000,6000,Right,1,2,2,Stocky,544000,,,,,24,28,68,54,20,31,20,22,48,45,42,46,39,65,40,57,76,44,85,22,70,67,24,20,30,62,70,68,61
A. Acevedo,Albert Alejandro Acevedo Vergara,5/6/1983,35,175.26,73.9,CB,Chile,68,68,210000,2000,Right,1,3,2,Normal,284000,,,,,27,26,75,52,24,28,21,31,45,40,40,54,51,74,65,38,76,67,72,24,69,71,32,39,38,58,70,68,60
L. Chiaretti,Lucas Chiaretti,9/22/1987,31,170.18,67.1,CAM,Brazil,68,68,850000,2000,Left,1,2,3,Normal,1300000,,,,,66,59,53,69,64,71,69,67,63,72,80,75,82,68,92,66,42,68,42,65,35,24,61,59,61,65,25,26,24
A. Baptiste,Alex  Baptiste,1/31/1986,33,154.94,73.9,"CB,RB",England,68,68,525000,4000,Right,1,3,2,Normal,,,,,,57,29,68,60,25,55,27,17,48,62,63,55,63,65,69,57,81,54,80,40,67,68,55,48,34,57,67,63,64
D. McGowan,Dylan McGowan,8/6/1991,27,185.42,79.8,CB,Australia,68,68,775000,5000,Right,1,2,2,Normal,969000,,,,,47,55,70,62,27,53,44,40,58,57,44,48,55,67,62,52,76,76,78,32,69,68,44,44,46,67,63,65,62
A. Kochenkov,Anton Kochenkov,4/2/1987,31,195.58,83,GK,Russia,68,68,550000,1000,Right,1,3,1,Normal,1200000,,,,,14,11,15,35,11,13,12,12,32,19,46,48,35,65,34,23,67,30,73,12,33,14,10,43,14,58,13,14,16
J. van der Linden,Jop van der Linden,7/17/1990,28,187.96,73.9,CB,Netherlands,68,69,850000,4000,Left,1,2,2,Normal,1100000,,,,,75,49,67,72,42,42,80,81,70,67,31,31,34,62,43,76,46,63,72,68,65,72,36,59,75,68,70,68,67
R. Camacho,Rudy Camacho,3/5/1991,28,185.42,78.9,CB,France,68,70,875000,3000,Right,1,2,2,Normal,1400000,,,,,52,30,65,68,17,59,43,30,68,65,52,54,46,66,53,49,66,66,75,36,73,69,43,58,64,70,68,66,63
H. Sogahata,曾端 准,8/2/1979,39,187.96,79.8,GK,Japan,68,68,60000,3000,Right,1,3,1,Normal,75000,,,,,13,12,18,26,18,14,10,11,33,16,17,19,28,52,32,21,52,37,51,15,21,12,10,45,12,20,17,12,13
J. Dunne,Jimmy Dunne,10/19/1997,21,182.88,74.8,CB,Republic of Ireland,68,78,1300000,12000,Right,1,3,2,Lean,,,,,,40,40,71,64,34,46,31,28,62,67,54,52,48,64,57,44,65,58,74,28,54,66,30,37,35,68,67,70,70
C. Deac,Ciprian Ioan Deac,2/16/1986,33,152.4,73.9,"CM,RM",Romania,68,68,,,Left,1,3,3,Normal,,,,,,70,63,49,72,61,63,62,67,62,69,64,65,72,72,65,74,50,78,70,65,66,61,63,66,66,64,54,67,65
B. Kee,Billy Kee,12/1/1990,28,175.26,72.1,ST,Northern Ireland,68,68,950000,3000,Right,1,3,2,Stocky,1700000,,,,,48,68,67,61,61,58,45,51,53,66,55,62,73,67,84,71,74,75,86,63,78,19,67,58,69,67,40,23,21
Y. Verschaeren,Yari Verschaeren,7/12/2001,17,172.72,63,"CAM,RM,LM",Belgium,68,87,1800000,3000,Right,1,3,3,Normal,3800000,,,,,54,56,39,66,51,76,51,53,61,76,78,71,84,60,82,58,73,65,51,60,48,37,60,62,49,69,41,38,35
Sergio Gómez,Sergio Gómez Martín,9/4/2000,18,170.18,68,"CAM,CM,LM",Spain,68,87,1800000,8000,Left,1,3,3,Lean,4100000,,,,,65,64,43,75,64,74,74,60,67,71,74,68,82,53,84,66,52,51,36,62,39,28,54,60,60,58,58,37,38
E. Zhegrova,Edon Zhegrova,3/31/1999,19,154.94,66.2,"RW,LW",Kosovo,68,81,1700000,4000,Left,1,3,3,Lean,,,,,,57,60,36,64,46,78,63,29,54,74,82,76,76,53,77,52,71,59,30,65,29,20,58,63,42,56,31,21,18
M. Miloš,Mato Miloš,6/30/1993,25,175.26,69.9,"RB,RM,LB",Croatia,68,71,925000,5000,Right,1,4,3,Lean,2000000,,,,,67,43,58,66,45,69,65,48,59,70,75,76,77,65,75,63,60,71,65,61,68,65,53,55,58,63,64,65,67
J. Payne,Jack Payne,10/25/1994,24,165.1,59.9,"CAM,LM",England,68,73,1200000,15000,Left,1,3,3,Lean,,,,,,54,62,37,65,50,68,60,51,60,68,80,74,86,60,90,64,79,60,33,66,53,20,62,67,57,56,35,21,16
D. Bain,Denys Bain,7/2/1993,25,154.94,73.9,CB,France,68,72,975000,3000,Right,1,4,2,Normal,1800000,,,,,24,14,70,58,27,25,40,27,37,58,65,71,44,55,54,39,88,70,78,19,63,65,20,37,30,60,68,66,64
Park Jun Hyuk,박준혁 朴俊赫,4/11/1987,31,185.42,76.2,GK,Korea Republic,68,68,550000,3000,Right,1,3,1,Normal,688000,,,,,16,13,16,20,13,14,12,15,17,14,32,33,33,66,48,16,43,23,28,14,45,14,15,62,19,48,10,13,12
M. Beister,Maximilian Beister,9/6/1990,28,154.94,81.2,"ST,RM,LM",Germany,68,68,950000,4000,Left,1,2,4,Stocky,1400000,,,,,63,68,53,64,66,72,67,62,47,68,78,78,75,65,78,73,74,61,68,66,59,52,66,64,67,71,29,35,40
S. Kurata,仓田 秋,11/26/1988,30,172.72,68,"LM,CAM,CM",Japan,68,68,875000,6000,Right,1,3,3,Normal,1100000,,,,,65,66,55,72,53,68,42,54,69,72,54,56,68,71,75,69,53,65,59,67,67,66,64,68,46,56,41,71,67
S. Andersen,Stephan Maigaard Andersen,11/26/1981,37,187.96,84.8,GK,Denmark,68,68,120000,4000,Right,1,3,1,Normal,156000,,,,,20,15,12,43,20,16,26,16,47,28,37,43,56,65,62,26,62,35,70,17,30,19,15,58,20,63,21,15,15
J. Rodon,Joe Rodon,10/22/1997,21,193.04,76.2,CB,Wales,68,77,1200000,7000,Right,1,4,2,Normal,2500000,,,,,34,23,59,66,34,51,25,32,45,58,51,55,47,68,57,43,71,57,74,24,60,72,23,31,40,50,66,67,68
Sérgio Marakis,Sérgio Romeo Marakis,11/11/1991,27,152.4,76.2,CDM,Portugal,68,69,875000,5000,Right,1,3,2,Normal,1900000,,,,,42,36,57,66,36,60,41,45,57,64,65,64,62,63,73,68,79,73,76,64,87,69,45,60,46,56,66,67,65
Marco Matias,Marco André Silva Lopes Matias,5/10/1989,29,152.4,67.1,"RM,RW,LM,LW",Portugal,68,68,875000,12000,Right,1,3,4,Normal,1700000,,,,,63,68,58,64,70,73,59,54,64,69,81,78,76,60,74,74,61,47,60,71,51,37,70,63,67,68,34,29,28
A. Cruz,Aldo Cruz,9/24/1997,21,172.72,62.1,"LB,LWB",Mexico,68,78,1300000,3000,Left,1,2,3,Normal,2300000,,,,,65,34,64,68,35,64,62,60,64,67,73,69,65,62,71,36,77,74,70,29,60,62,50,56,42,62,68,66,66
R. Peña,Ronaldo Peña,3/10/1997,21,182.88,78,ST,Venezuela,68,75,1300000,3000,Right,1,3,3,Normal,2200000,,,,,30,66,68,62,57,66,32,25,48,65,71,66,68,66,59,75,60,63,70,54,76,18,67,41,60,59,20,13,18
Enzio Julião,Enzio Leandro Julião Morrinhos,2/29/1984,35,185.42,78,ST,Brazil,68,68,475000,6000,Right,1,3,3,Normal,903000,,,,,37,70,65,63,59,66,47,48,51,69,71,76,72,65,68,58,59,72,67,62,58,32,72,68,61,72,17,39,42
P. Eze,Patrick Friday Eze,12/22/1992,26,185.42,78,ST,Nigeria,68,71,1100000,8000,Right,1,3,2,Normal,2400000,,,,,43,69,64,54,62,62,46,40,40,64,79,79,80,60,61,71,73,81,83,66,62,15,61,44,67,60,39,21,18
Liu Binbin,刘彬彬,6/16/1993,25,152.4,66.2,"RM,RW",China PR,68,70,1100000,7000,Right,1,3,3,Lean,2400000,,,,,58,72,65,69,60,70,55,54,57,63,76,72,61,62,80,60,83,82,63,62,54,38,66,63,52,70,52,33,31
Eduardo Neto,Eduardo da Silva Nascimento Neto,10/24/1988,30,185.42,76.2,"CDM,CM",Brazil,68,68,700000,4000,Left,1,2,3,Normal,875000,,,,,62,38,47,67,58,59,63,44,63,63,67,68,59,68,55,71,81,80,84,71,70,68,57,45,43,65,65,70,64
G. Ghazaryan,Gevorg Ghazaryan,4/5/1988,30,154.94,73,"RW,LW,CM",Armenia,68,68,850000,5000,Right,1,4,3,Normal,1800000,,,,,67,62,56,72,68,72,61,70,64,71,68,66,68,65,71,75,51,54,58,67,61,50,67,70,72,70,52,53,39
L. Abubakar,Lalas Abubakar,12/24/1994,24,182.88,82.1,CB,Ghana,68,74,1000000,3000,Right,1,2,2,Stocky,1800000,,,,,34,31,63,67,28,41,33,26,64,50,55,68,55,58,51,37,79,68,83,29,73,68,24,39,38,49,60,69,64
B. Pittón,Bruno Pittón,2/11/1993,26,175.26,69.9,LB,Argentina,68,71,925000,5000,Left,1,2,2,Normal,1500000,,,,,79,51,68,53,63,54,64,63,59,62,74,68,62,58,76,67,82,78,57,47,30,73,57,58,58,54,58,68,67
L. Zahović,Luka Zahović,11/15/1995,23,152.4,64.9,ST,Slovenia,68,75,,,Right,1,3,3,Lean,,,,,,48,74,62,61,56,75,56,36,55,73,78,74,83,65,76,62,62,65,44,56,32,19,70,58,55,52,40,20,24
D. Badji,Dominique Badji,10/16/1992,26,182.88,78.9,ST,Senegal,68,71,1100000,4000,Left,1,2,3,Normal,1800000,,,,,44,68,71,59,52,67,39,39,24,66,76,83,68,64,63,66,84,76,76,53,65,19,62,52,61,61,40,39,34
Z. Yavru,Zeki Yavru,9/5/1991,27,152.4,78,RB,Turkey,68,69,850000,7000,Right,1,2,3,Normal,1800000,,,,,64,40,60,62,58,65,65,38,60,65,78,80,71,65,77,70,64,74,68,60,62,64,60,44,43,58,65,70,63
Wu Xinghan,吴兴涵,2/24/1993,26,182.88,73.9,LM,China PR,68,69,1100000,7000,Right,1,4,3,Lean,2400000,,,,,65,65,64,65,52,68,55,42,54,64,79,86,79,63,53,57,59,70,69,58,83,55,68,66,50,70,37,54,48
D. Mitov Nilsson,David Mitov Nilsson,1/12/1991,28,190.5,86.2,GK,FYR Macedonia,68,70,725000,2000,Right,1,2,1,Normal,961000,,,,,14,12,11,37,20,20,13,14,39,18,31,30,29,61,32,23,61,37,79,13,22,13,14,52,14,53,22,15,10
V. Dávila,Víctor Dávila,11/4/1997,21,172.72,69.9,"ST,CAM",Chile,68,75,1300000,9000,Left,1,3,4,Lean,2400000,,,,,45,69,43,75,65,75,65,67,65,74,71,72,78,69,74,68,52,63,56,62,37,25,69,59,53,72,28,31,34
Kim In Seong,김인성 金仁成,9/9/1989,29,154.94,73.9,"RM,RW",Korea Republic,68,68,900000,4000,Right,1,3,3,Normal,1200000,,,,,76,63,45,71,51,72,55,48,62,70,87,92,81,57,65,66,80,35,56,40,33,22,57,48,66,60,34,31,31
Dario Junior,Dario Frederico da Silva,9/11/1991,27,154.94,72.1,RW,Brazil,68,68,950000,3000,Right,1,5,4,Lean,1200000,,,,,62,63,48,62,44,72,60,32,62,67,93,87,89,60,72,62,47,65,51,46,43,20,62,61,46,73,19,25,22
F. Müller,Felix Müller,1/27/1993,26,152.4,71.2,"LM,LWB,CM",Germany,68,69,1100000,3000,Left,1,3,3,Normal,1800000,,,,,61,54,41,67,43,68,66,60,59,66,84,74,84,67,81,58,74,89,58,57,65,61,57,67,46,61,59,64,66
H. Osorio,Humberto Osorio,6/24/1988,30,152.4,78,ST,Colombia,68,68,875000,7000,Right,1,2,3,Normal,1300000,,,,,40,70,71,66,60,65,59,63,50,66,55,59,71,73,68,65,64,51,68,63,31,37,72,66,68,70,28,32,29
A. Vukotić,Aleksandar Vukotić,7/22/1995,23,203.2,94.8,CB,Serbia,68,74,1000000,4000,Left,1,3,2,Normal,1700000,,,,,27,38,71,63,36,37,31,32,65,57,39,45,46,60,29,55,42,63,89,33,63,67,33,45,34,55,68,67,64
K. Omori,大森 晃太郎,4/28/1992,26,170.18,69.9,"RM,LM,CM",Japan,68,68,950000,5000,Right,1,3,3,Lean,1200000,,,,,67,61,39,72,55,65,61,38,69,68,69,65,79,58,88,62,88,78,69,53,39,39,68,60,59,59,51,30,25
G. Kyei,Grejohn Kyei,8/12/1995,23,187.96,83.9,ST,France,68,75,1300000,7000,Right,1,3,3,Normal,,,,,,40,68,73,62,52,67,51,36,43,65,62,67,61,59,68,68,80,69,88,54,55,19,68,45,72,64,20,23,18
N. Ben Khalifa,Nassim Ben Khalifa,1/13/1992,27,185.42,78.9,"ST,LW",Switzerland,68,69,1100000,7000,Right,1,3,3,Normal,1600000,,,,,61,65,66,68,59,67,56,49,65,71,75,79,75,68,57,62,68,82,70,53,52,31,70,68,66,54,32,23,26
C. Martin,Chris Martin,11/4/1988,30,185.42,73,ST,Scotland,68,68,900000,19000,Right,1,4,2,Stocky,,,,,,43,68,68,62,71,60,66,65,41,69,43,45,60,69,62,72,78,65,83,66,73,47,72,69,70,68,33,40,34
G. Torres,Gustavo Torres,6/15/1996,22,154.94,77.1,"RW,RM,LM,ST",Colombia,68,77,1400000,2000,Right,1,3,3,Normal,,,,,,62,65,70,68,47,68,40,28,59,69,80,78,77,68,65,62,70,76,77,57,42,41,66,56,58,55,52,55,60
J. Brunetta,Juan Brunetta,5/12/1997,21,175.26,68,"CAM,LM",Argentina,68,80,1600000,5000,Right,1,3,3,Lean,2600000,,,,,77,53,44,72,66,68,78,78,70,64,68,70,84,59,73,67,60,62,47,77,63,52,57,71,53,60,25,50,48
Nadjack,Eliseu Mendja Nadjack Soares Cassamá,2/6/1994,25,182.88,73.9,RB,Guinea Bissau,68,73,1000000,3000,Right,1,3,3,Normal,2200000,,,,,61,30,41,67,39,68,54,32,64,73,71,79,67,65,59,71,81,75,73,43,72,68,58,44,31,65,61,68,67
D. Nishi,西 大伍,8/28/1987,31,175.26,73,"RB,LB",Japan,68,68,650000,3000,Right,1,3,3,Normal,845000,,,,,69,58,58,72,60,65,54,42,70,69,49,60,65,61,68,42,78,88,71,46,74,62,65,64,37,60,65,65,72
E. Taffertshofer,Emanuel Taffertshofer,2/24/1995,24,175.26,71.2,"CDM,CM",Germany,68,73,1000000,3000,Right,1,3,2,Normal,1700000,,,,,48,39,49,66,38,61,41,39,58,65,68,71,76,65,81,53,83,80,67,46,73,71,49,59,32,68,68,65,67
Xavi Molina,Francesc Xavier Molina Arias,7/19/1986,32,182.88,78,"RB,CB",Spain,68,68,575000,5000,Right,1,3,2,Normal,834000,,,,,60,43,72,67,33,61,49,42,66,64,66,65,68,69,64,58,65,71,72,45,78,68,58,61,37,68,67,70,66
S. Fortès,Steven Fortès,4/17/1992,26,193.04,84.8,CB,Cape Verde,68,71,925000,10000,Right,1,2,2,Normal,,,,,,51,41,73,63,24,30,24,25,56,56,43,47,56,53,47,34,54,66,86,56,61,61,23,51,36,59,68,73,68
O. Osawe,Osayamen Osawe,9/3/1993,25,154.94,78.9,"ST,RM",Nigeria,68,73,1200000,4000,Right,1,3,2,Normal,1900000,,,,,43,68,62,61,63,64,43,32,33,61,84,83,70,63,67,66,81,71,76,60,46,16,66,52,60,62,33,24,16
N. Lomb,Niklas Lomb,7/28/1993,25,187.96,83.9,GK,Germany,68,72,825000,12000,Right,1,3,1,Normal,,,,,,15,17,15,26,15,14,17,13,32,20,38,39,47,65,40,34,65,40,68,11,27,17,5,27,14,37,16,12,16
M. Zullo,Michael Zullo,9/11/1988,30,170.18,63,LB,Australia,68,68,675000,4000,Left,1,3,3,Normal,844000,,,,,71,53,46,68,58,70,62,46,56,70,77,77,88,66,89,41,91,74,62,49,67,63,66,60,59,65,65,65,65
Olmo,Jesús Olmo Lozano,1/24/1985,34,152.4,82.1,CB,Spain,68,68,375000,3000,Left,1,3,2,Stocky,581000,,,,,47,50,73,59,46,39,39,20,59,55,62,66,69,61,67,62,85,64,75,34,73,65,51,53,29,59,68,62,66
E. Segura,Eddie Livington Segura Martínez,2/2/1997,22,182.88,78,CB,Colombia,68,79,1400000,1000,Right,1,3,2,Normal,,,,,,23,31,63,52,25,36,23,30,51,50,63,67,61,62,60,36,73,68,76,22,69,67,26,32,30,52,68,72,66
A. Claude Maurice,Alexis Claude Maurice,6/6/1998,20,175.26,62.1,"LM,CAM",France,68,81,1700000,3000,Right,1,2,3,Normal,4100000,,,,,55,63,43,67,58,68,58,46,62,66,89,86,86,56,81,61,48,67,42,59,37,21,67,64,54,69,32,48,40
Cláudio Falcão,Cláudio Falcão Santos,7/3/1994,24,170.18,62.1,CDM,Brazil,68,74,1000000,4000,Right,1,3,3,Lean,2400000,,,,,53,48,60,70,40,70,45,44,67,72,74,67,70,72,85,73,83,81,35,68,65,69,59,62,54,66,65,66,63
J. Fejzić,Jasmin Fejzić,5/15/1986,32,198.12,94.8,GK,Bosnia Herzegovina,68,68,525000,2000,Right,1,2,1,Normal,761000,,,,,11,11,13,23,8,15,12,15,16,24,18,34,25,61,19,24,49,27,75,9,34,14,8,32,20,12,12,13,14
Y. Mutō,武藤 雄樹,11/7/1988,30,170.18,68,"CF,ST",Japan,68,68,900000,6000,Right,1,3,3,Lean,1200000,,,,,60,67,60,67,59,68,57,57,61,64,77,68,71,70,77,75,78,81,61,70,54,36,67,69,71,50,34,45,23
A. Kwarasey,Adam Larsen Kwarasey,12/12/1987,31,190.5,76.2,GK,Ghana,68,68,575000,2000,Right,1,3,1,Normal,719000,,,,,18,13,14,43,10,15,11,12,28,23,59,53,63,71,60,22,73,36,74,13,34,23,14,46,14,55,8,13,14
D. Holmes,Duane Holmes,11/6/1994,24,172.72,64.9,"CAM,LW,RB",United States,68,75,1300000,14000,Right,1,3,3,Lean,2600000,,,,,59,56,51,66,52,75,49,40,54,69,86,71,78,68,92,57,56,63,33,48,54,45,68,68,54,60,46,50,45
L. Ghiringhelli,Luca Ghiringhelli,1/23/1992,27,182.88,76.2,"RB,LB,RM",Italy,68,69,850000,2000,Right,1,4,3,Normal,1400000,,,,,66,42,64,59,39,63,50,38,55,63,77,77,63,63,65,55,67,71,66,47,65,63,51,56,41,60,68,67,66
A. Bell,Amari'i Bell,5/5/1994,24,154.94,77.1,"LB,LWB",England,68,74,1000000,13000,Left,1,3,3,Normal,2200000,,,,,64,45,52,63,45,73,33,45,55,66,86,79,66,63,71,52,72,76,66,49,63,58,51,50,51,65,63,68,66
C. Edwards,Curtis Edwards,1/12/1994,25,154.94,69.9,CM,England,68,72,1100000,2000,Right,1,4,3,Lean,1500000,,,,,70,59,53,67,68,64,72,57,71,66,59,57,76,65,75,76,45,80,52,74,74,56,68,69,49,64,63,59,57
M. Martínez,Miguel Ángel Martínez,1/19/1984,35,187.96,88.9,CB,Argentina,68,68,270000,6000,Right,1,3,2,Normal,392000,,,,,28,46,73,45,30,32,23,60,42,40,32,35,33,64,33,68,67,67,82,60,81,68,26,41,27,59,73,67,56
D. Poha,Denis Will Poha,5/28/1997,21,172.72,72.1,"CM,CDM",France,68,75,1300000,9000,Right,1,3,3,Normal,,,,,,64,57,55,72,49,68,64,66,67,69,77,72,75,63,77,70,71,76,69,68,70,68,46,64,61,65,67,67,64
D. Watmore,Duncan Watmore,3/8/1994,25,175.26,72.1,"RM,LM,ST",England,68,73,1200000,5000,Right,1,3,3,Lean,2200000,,,,,58,66,49,66,58,70,66,42,56,64,83,79,78,64,82,66,58,67,61,57,46,21,67,60,65,56,51,30,35
M. Moreno,Damián Marcelino Moreno,6/25/1994,24,167.64,64.9,"CM,LW,RW,LM",Argentina,68,74,1200000,7000,Right,1,3,3,Lean,2100000,,,,,69,61,48,72,60,77,58,52,68,75,84,82,86,66,85,69,72,62,42,62,48,44,66,68,70,69,40,54,44
U. Sadiq,Umar Sadiq,2/2/1997,22,193.04,79.8,ST,Nigeria,68,77,1400000,17000,Right,1,3,3,Lean,,,,,,43,70,69,60,59,67,56,41,41,63,72,77,60,64,36,70,70,64,77,57,30,19,63,55,60,61,37,14,19
J. Prior,Jérôme Prior,8/8/1995,23,187.96,86.2,GK,France,68,72,825000,9000,Right,1,2,1,Normal,1700000,,,,,13,16,14,35,17,18,16,16,37,22,48,55,35,65,51,20,61,30,78,17,40,25,15,40,14,58,10,13,12
D. Quiñónes,James Humberto Quiñónes Caicedo,8/16/1995,23,172.72,72.1,"LM,CM",Colombia,68,74,1200000,2000,Left,1,3,3,Lean,,,,,,59,56,44,63,33,71,59,52,58,63,91,87,83,55,77,64,83,82,50,51,54,54,64,61,37,64,51,41,37
Zequinha,José Egas dos Santos Branco,1/7/1987,32,182.88,74.8,"RW,LW",Portugal,68,68,775000,3000,Right,1,3,3,Lean,1600000,,,,,63,64,66,64,63,73,71,62,59,72,71,76,70,65,75,72,63,57,59,70,54,26,64,63,72,66,29,33,34
T. De Sutter,Tom De Sutter,7/3/1985,33,193.04,87.1,ST,Belgium,68,68,725000,7000,Right,1,4,3,Normal,1100000,,,,,50,69,74,69,68,63,57,54,54,68,38,50,29,55,32,72,41,58,84,67,73,37,75,67,66,70,37,41,29
I. González,José Ignacio González Catalán,12/2/1989,29,187.96,81.2,GK,Chile,68,69,725000,2000,Right,1,3,1,Lean,1000000,,,,,13,11,17,28,10,14,16,11,26,16,48,48,37,63,48,17,63,41,69,11,45,20,12,18,17,61,19,15,18
E. Herrera,Eduardo Herrera Aguirre,7/25/1988,30,187.96,86.2,ST,Mexico,68,68,900000,22000,Right,1,3,2,Normal,,,,,,51,66,73,68,64,59,60,51,51,66,39,54,47,68,33,75,69,72,85,62,72,42,69,65,68,66,25,34,24
I. Pallas,José Ignacio Pallas Martínez,1/5/1983,36,190.5,87.1,"CB,RB",Uruguay,68,68,210000,3000,Right,1,2,2,Lean,357000,,,,,49,37,72,62,27,24,23,39,57,48,57,55,64,63,58,61,72,67,77,27,77,63,34,56,37,66,70,66,64
J. Yueill,Jackson Yueill,3/18/1997,21,152.4,74.8,"CM,CDM",United States,68,76,1300000,3000,Right,1,3,3,Normal,2200000,,,,,58,53,51,73,53,70,69,65,69,73,61,66,67,73,65,67,50,77,59,51,64,58,68,63,61,76,66,45,46
U. Ikpeazu,Uche Ikpeazu,2/28/1995,24,190.5,78,ST,England,68,74,1200000,4000,Right,1,3,3,Stocky,2400000,,,,,39,68,61,54,59,66,36,31,50,73,63,69,58,54,61,85,66,68,94,47,73,22,65,64,62,64,23,24,19
S. Elbers,Stanley Elbers,5/14/1992,26,172.72,66.2,"RM,LM",Netherlands,68,69,1100000,5000,Left,1,4,3,Normal,1600000,,,,,62,68,44,62,49,74,51,55,53,70,82,82,74,63,75,65,61,69,49,67,59,30,64,53,46,67,44,29,24
M. Reginiussen,Mads Reginiussen,1/2/1988,31,175.26,69.9,CM,Norway,68,68,825000,2000,Right,1,3,3,Normal,1000000,,,,,55,66,68,67,63,63,54,56,63,66,70,72,74,68,80,70,53,80,60,68,68,64,70,67,52,67,54,64,55
H. Akbunar,Halil Akbunar,11/9/1993,25,167.64,60.8,"RM,LM",Turkey,68,71,1100000,8000,Left,1,3,3,Lean,2400000,,,,,67,62,37,61,46,71,54,58,60,68,81,81,75,63,72,59,38,59,30,45,52,33,66,67,50,55,35,29,39
B. Amos,Ben  Amos,4/10/1990,28,193.04,76.2,GK,England,68,69,725000,4000,Right,1,2,1,Normal,,,,,,14,13,15,12,13,14,13,11,21,23,50,45,54,62,52,12,57,25,62,15,28,23,14,69,11,63,17,11,12
L. Coulibaly,Lassana Coulibaly,4/10/1996,22,175.26,67.1,"CM,CDM",Mali,68,77,1400000,8000,Right,1,3,3,Normal,,,,,,52,52,64,70,43,71,54,42,66,68,77,77,71,69,77,62,65,80,71,53,75,71,60,61,49,62,70,72,69
A. Al Bulayhi,Ali Al Bulayhi,11/21/1989,29,182.88,83,"CB,LB",Saudi Arabia,68,69,825000,14000,Left,1,3,2,Normal,1500000,,,,,30,25,68,50,25,34,30,23,30,50,62,69,37,61,74,37,81,68,79,25,72,65,25,30,45,63,66,68,69
O. Ovacıklı,Orhan Ovacıklı,11/23/1988,30,152.4,71.2,RB,Turkey,68,68,675000,6000,Right,1,2,2,Normal,1400000,,,,,60,29,65,65,35,62,52,41,63,64,65,66,57,67,67,45,60,75,60,48,60,69,54,59,54,56,62,71,69
M. Power,Max Power,7/27/1993,25,154.94,77.1,"CDM,CM",England,68,73,1000000,5000,Right,1,3,3,Normal,1900000,,,,,71,63,51,69,56,63,60,66,68,65,64,59,62,61,74,73,74,74,71,66,73,64,64,66,61,65,66,64,63
A. Hayashi,林 昭大,5/7/1987,31,195.58,91.2,GK,Japan,68,68,550000,4000,Right,1,3,1,Normal,688000,,,,,25,10,23,42,13,19,35,28,38,22,52,44,56,52,41,37,76,35,80,17,25,15,12,49,27,34,9,18,17
Y. van Nieff,Yoëll van Nieff,6/17/1993,25,182.88,82.1,"CDM,CM",Netherlands,68,72,975000,3000,Left,1,3,3,Normal,1500000,,,,,80,58,56,68,65,67,80,78,72,66,47,44,65,67,64,86,63,72,73,74,67,67,50,67,73,60,67,64,62
S. Schipplock,Sven Schipplock,11/8/1988,30,185.42,83.9,ST,Germany,68,68,900000,7000,Right,2,3,3,Normal,1400000,,,,,62,61,71,63,70,63,53,47,40,68,66,69,62,68,51,76,77,78,80,59,81,42,67,58,59,62,40,30,27
S. Mraz,Samuel Mraz,5/13/1997,21,182.88,78,ST,Slovakia,68,77,1400000,5000,Right,1,3,3,Normal,,,,,,50,70,72,65,50,65,60,40,50,63,68,67,65,65,62,68,72,65,63,67,38,13,65,54,72,62,45,20,17
Y. Coulibaly,Yacouba Coulibaly,10/2/1994,24,175.26,68,LB,Burkina Faso,68,74,1000000,3000,Left,1,3,3,Normal,2000000,,,,,62,41,44,61,31,67,30,31,55,63,81,80,85,58,86,43,60,90,60,45,70,63,46,37,40,52,63,68,65
Alemão,Fágner Ironi Daponte,10/18/1990,28,185.42,83,CB,Brazil,68,70,875000,5000,Right,1,3,2,Normal,1500000,,,,,55,42,64,51,39,54,41,40,41,57,64,68,53,62,53,53,63,74,79,40,70,65,46,43,59,64,66,73,69
G. Hall,Grant Hall,10/29/1991,27,190.5,71.2,"CB,CDM",England,68,70,900000,4000,Right,1,3,2,Lean,1800000,,,,,27,31,68,60,28,32,30,31,52,53,60,62,55,66,44,43,71,65,78,42,64,70,37,45,45,59,67,65,66
J. Jeggo,James Jeggo,2/12/1992,27,152.4,71.2,"CDM,CM",Australia,68,71,925000,7000,Right,1,2,3,Lean,1400000,FK Austria Wien,68,CDM,4,55,57,42,65,58,63,59,56,66,66,70,72,73,54,69,68,39,81,65,64,82,67,59,67,54,59,68,65,62
M. Hartmann,Moritz Hartmann,6/20/1986,32,182.88,77.1,"ST,CF,RW",Germany,68,68,725000,2000,Right,2,4,3,Lean,1100000,,,,,66,66,63,65,65,62,58,47,49,66,68,71,70,71,66,69,82,76,71,62,64,37,73,60,83,73,37,22,21
D. Petrucci,Davide Petrucci,10/5/1991,27,182.88,76.2,"CDM,CM",Italy,68,71,925000,6000,Right,1,2,3,Lean,1900000,,,,,42,54,64,74,54,70,67,68,70,73,55,56,53,58,51,74,62,76,74,64,59,63,52,56,65,55,59,66,63
Juan Carlos,Juan Carlos Sánchez Martínez,7/27/1987,31,182.88,76.2,GK,Spain,68,68,575000,4000,Right,1,2,1,Normal,920000,,,,,22,13,14,28,15,14,25,14,29,12,52,54,68,70,42,24,76,43,61,13,30,24,13,42,25,38,18,13,14
R. Sandoval,Ray Sandoval,2/13/1995,24,170.18,72.1,"LM,RM,CF",Peru,68,73,1200000,4000,Right,1,4,3,Normal,2100000,,,,,65,66,57,65,60,73,51,63,63,67,80,75,74,60,68,70,74,79,60,64,31,17,54,55,67,50,20,22,17
F. Aursnes,Fredrik Aursnes,12/10/1995,23,152.4,71.2,CM,Norway,68,76,1300000,3000,Right,1,3,3,Lean,1900000,,,,,68,58,53,69,48,64,67,63,65,67,67,75,74,65,75,66,71,86,60,64,75,65,66,65,66,65,63,63,58
A. Traustason,Arnór Ingvi Traustason,4/30/1993,25,154.94,77.1,"CAM,CM",Iceland,68,71,1100000,3000,Right,1,3,3,Normal,1500000,Iceland,72,SUB,21,67,64,43,65,69,69,71,66,59,67,76,80,78,65,73,71,52,87,63,71,71,67,67,64,57,64,55,55,53
L. MacLeod,Lewis MacLeod,6/16/1994,24,175.26,72.1,"CM,CAM",Scotland,68,72,1100000,14000,Right,1,4,3,Normal,2300000,,,,,67,59,58,68,46,64,60,61,68,70,59,64,63,63,61,63,62,67,60,65,64,57,68,72,50,65,60,66,60
J. Parr,Jonathan Parr,10/21/1988,30,182.88,74.8,LB,Norway,68,68,675000,2000,Left,1,4,3,Normal,844000,,,,,65,59,57,64,50,64,49,53,59,65,71,71,75,63,69,58,54,90,68,54,60,63,61,55,53,64,61,66,64
Isaac Becerra,Isaac Becerra Alguacil,6/18/1988,30,154.94,79.8,GK,Spain,68,69,675000,3000,Right,1,2,1,Normal,1100000,,,,,19,13,20,38,16,13,22,20,34,19,54,55,68,66,58,25,76,42,67,12,32,23,14,33,25,49,24,21,19
B. Nastić,Bojan Nastić,7/6/1994,24,182.88,79.8,LB,Serbia,68,72,975000,5000,Left,1,3,2,Normal,,,,,,69,26,55,63,28,59,43,34,59,62,69,68,66,66,65,70,70,73,68,38,71,67,53,57,37,64,65,70,68
S. Johnson,Sam Johnson,5/6/1993,25,152.4,73.9,ST,Liberia,68,73,1200000,4000,Right,1,3,3,Normal,1900000,,,,,53,67,64,58,61,66,52,37,36,64,86,92,69,64,73,64,75,86,72,54,61,29,69,60,64,61,19,14,13
E. Brophy,Eamonn Brophy,3/6/1996,23,175.26,68,"ST,RW",Scotland,68,77,1400000,3000,Right,1,3,3,Stocky,2700000,,,,,37,70,61,63,54,64,56,63,48,66,79,75,78,59,68,70,84,77,74,65,64,38,65,67,68,55,23,27,23
F. Semb Berge,Fredrik Semb Berge,2/6/1990,29,187.96,82.1,CB,Norway,68,69,825000,2000,Right,1,3,2,Normal,1100000,,,,,29,26,66,61,37,24,34,62,61,55,44,52,32,60,57,78,74,60,84,52,68,67,35,48,32,59,65,68,65
G. Páez,Gustavo Andrés Páez Martínez,4/16/1990,28,152.4,69.9,"ST,RW,CF,RM",Venezuela,68,68,925000,1000,Right,1,5,3,Normal,2000000,,,,,55,76,64,64,59,65,48,37,36,68,76,75,62,59,72,68,70,60,56,71,45,19,59,56,73,57,29,19,27
Nuno Tomás,Nuno Miguel Adro Tomás,9/15/1995,23,182.88,83.9,CB,Portugal,68,71,950000,3000,Left,1,2,2,Normal,2100000,,,,,31,27,70,55,28,42,30,31,37,50,58,57,57,59,56,46,85,53,79,26,69,64,30,30,43,59,67,69,66
M. Araz,Musa Araz,1/17/1994,25,172.72,68.9,"CAM,CM,RM",Switzerland,68,72,1200000,6000,Right,1,4,3,Normal,2400000,,,,,46,60,39,69,58,66,59,54,64,68,77,77,77,73,91,66,57,60,45,56,58,43,69,62,45,62,28,42,44
L. Azouni,Larry Azouni,3/23/1994,24,175.26,73,"RB,CM,CDM",Tunisia,68,72,975000,5000,Right,1,3,3,Normal,1500000,,,,,64,45,53,70,32,71,50,50,65,68,76,71,74,63,72,73,60,80,69,69,72,65,55,69,58,58,58,70,68
M. Madisha,Motjeka Madisha,1/12/1995,24,154.94,74.8,"CB,RB,CDM",South Africa,68,76,,,Right,1,4,3,Normal,,,,,,41,58,65,56,33,65,33,41,64,66,72,71,55,61,65,45,68,69,58,35,52,73,35,40,82,65,68,76,73
W. Kanga,Wilfried Kanga,2/21/1998,21,182.88,76.2,ST,France,68,77,1400000,8000,Right,1,4,3,Normal,3100000,,,,,68,67,66,61,55,68,54,37,58,72,75,76,69,58,49,65,59,44,79,55,57,29,64,59,59,61,19,15,18
S. Şahin-Radlinger,Samuel Şahin-Radlinger,11/7/1992,26,195.58,83,GK,Austria,68,72,825000,9000,Right,1,2,1,Normal,1500000,,,,,12,15,12,24,8,10,19,16,25,23,42,37,36,64,42,20,55,29,59,12,16,12,13,45,16,51,13,13,20
L. Gassama,Lamine Gassama,10/20/1989,29,154.94,73.9,RB,Senegal,68,68,700000,9000,Right,1,2,2,Normal,1400000,,,,,65,35,58,66,32,62,54,43,60,64,73,78,76,69,68,47,66,77,71,36,79,66,48,52,59,60,65,68,63
R. Rotman,Rajko Rotman,3/19/1989,29,187.96,79.8,CDM,Slovenia,68,68,700000,7000,Right,1,2,2,Lean,1400000,,,,,63,63,67,71,53,65,68,69,65,61,66,67,67,66,66,73,70,76,72,67,72,67,59,58,70,70,67,70,60
Y. Baraye,Yves Baraye,6/22/1992,26,152.4,68.9,"LW,CAM,ST",Senegal,68,69,1100000,17000,Right,1,3,3,Lean,,,,,,64,68,46,67,51,75,54,56,66,67,78,88,67,55,71,59,56,69,46,52,51,37,62,62,50,66,50,59,51
Mario Barco,Mario Barco Vilar,12/23/1992,26,182.88,78,ST,Spain,68,71,1100000,5000,Right,1,3,2,Normal,1900000,,,,,56,69,66,61,68,62,47,55,46,67,60,68,59,59,52,76,70,46,76,62,33,20,65,55,66,55,52,28,16
K. Przybyłko,Kacper Przybyłko,3/25/1993,25,193.04,86.2,"ST,LM",Poland,68,73,1200000,4000,Right,1,3,2,Normal,1900000,,,,,43,66,70,60,67,63,54,48,50,65,65,68,64,66,52,70,69,55,79,65,40,22,69,53,56,48,24,23,20
K. Vollmann,Korbinian Vollmann,10/27/1993,25,175.26,69.9,"LM,CAM",Germany,68,70,1100000,3000,Right,1,3,3,Normal,1900000,,,,,58,58,38,69,51,70,63,60,59,66,83,81,84,62,88,70,73,77,62,64,72,50,64,63,55,63,31,46,42
A. Modiba,Maphosa Modiba,7/22/1995,23,170.18,69.9,"LW,LB,RW,LM",South Africa,68,76,,,Left,1,4,3,Normal,,,,,,66,53,59,69,54,74,60,48,61,71,84,80,71,48,82,59,38,66,51,59,26,42,66,68,53,71,66,69,63
I. Conté,Ibrahima Conté,4/3/1996,22,190.5,82.1,CB,Guinea,68,76,1100000,3000,Right,1,2,2,Lean,,,,,,37,39,72,56,40,51,49,27,52,54,68,60,58,57,57,61,72,64,87,42,62,64,32,51,30,61,62,71,61
F. Sbuttoni,Franco Sbuttoni,5/6/1989,29,190.5,87.1,CB,Argentina,68,68,700000,5000,Left,1,3,2,Normal,1100000,,,,,23,24,71,66,21,38,26,17,54,52,40,34,35,66,29,43,59,56,86,20,71,68,26,24,29,60,69,63,60
N. Dicko,Nouha Dicko,5/14/1992,26,172.72,73.9,ST,Mali,68,71,1100000,12000,Right,1,3,3,Stocky,2200000,,,,,60,66,53,64,65,67,55,51,54,70,89,86,79,67,76,70,67,68,80,54,57,19,63,60,69,65,32,38,36
Jair,Jair Eduardo Britto da Silva,10/6/1988,30,152.4,82.1,"LM,ST,LW",Brazil,68,68,875000,2000,Left,1,3,3,Normal,1100000,,,,,63,63,60,63,63,67,60,66,60,65,80,77,77,65,68,61,61,74,68,59,50,63,67,61,63,61,22,35,24
V. Muratori,Vincent Muratori,8/3/1987,31,152.4,71.2,"LB,CB",France,68,68,650000,3000,Left,1,3,2,Lean,1100000,,,,,65,22,65,56,17,46,47,32,62,63,68,70,71,71,55,22,81,78,68,25,72,63,44,48,46,62,71,64,72
C. Cortés,César Alexis Cortés Pinto,1/9/1984,35,152.4,68.9,"CAM,CM,LM",Chile,68,68,450000,2000,Left,1,3,3,Lean,608000,,,,,58,57,48,72,47,67,69,64,59,71,69,60,69,59,59,59,39,69,62,59,37,18,72,67,71,71,48,38,42
G. Carrasco,Gabriel Darío Carrasco,3/7/1997,22,175.26,69.9,"RB,CB",Argentina,68,78,1300000,5000,Right,1,3,2,Normal,2100000,,,,,64,39,63,65,36,62,42,36,60,67,79,77,75,61,73,44,80,76,66,32,68,71,58,50,46,60,61,63,65
Bai Jiajun,柏佳俊,3/20/1991,27,165.1,64.9,LB,China PR,68,69,825000,6000,Right,1,5,2,Lean,1800000,,,,,64,46,57,62,30,61,52,37,48,58,80,70,79,64,89,54,91,90,43,46,75,61,65,64,45,53,57,67,69
M. Marras,Manuel Marras,7/9/1993,25,167.64,63,RW,Italy,67,69,950000,2000,Left,1,4,3,Lean,1500000,,,,,68,59,43,67,58,70,62,42,50,69,79,75,82,63,94,61,40,75,31,57,35,20,60,65,60,51,17,18,19
M. Lukač,Milan Lukač,10/4/1985,33,198.12,89.8,GK,Serbia,67,67,450000,5000,Right,1,2,1,Normal,900000,,,,,14,14,12,23,12,13,17,21,21,14,42,35,45,67,36,14,72,36,73,12,45,21,12,50,15,53,14,12,13
T. Chalobah,Trevoh Chalobah,7/5/1999,19,190.5,74.8,"CDM,CB",England,67,81,1400000,2000,Right,1,3,3,Normal,3500000,,,,,48,36,61,66,34,67,48,43,58,64,66,73,53,66,59,50,67,69,72,31,69,70,47,55,42,56,65,70,67
E. Boateng,Emmanuel Boateng,1/17/1994,25,167.64,69.9,"LM,RM",Ghana,67,70,975000,3000,Left,1,3,3,Stocky,1500000,,,,,56,59,30,65,57,67,58,44,50,65,91,90,90,62,89,65,61,65,54,57,56,38,61,65,46,64,41,49,38
M. Bjørnbak,Martin  Bjørnbak,3/22/1992,26,193.04,89.8,CB,Norway,67,71,825000,3000,Right,1,4,2,Normal,1100000,,,,,56,33,63,60,32,52,67,71,64,55,48,49,40,63,32,78,71,66,92,56,65,68,28,42,54,57,66,62,61
G. Saunders,George Saunders,6/10/1989,29,175.26,73.9,"CDM,CM",England,67,67,600000,1000,Right,1,3,2,Lean,810000,,,,,45,33,44,68,36,52,53,51,66,65,62,56,64,72,71,43,71,69,62,48,70,68,52,70,49,74,69,56,54
D. Frare,Domenico Frare,5/10/1996,22,187.96,77.1,CB,Italy,67,75,975000,1000,Right,1,3,2,Normal,1700000,,,,,37,37,70,50,31,48,27,30,47,49,51,66,46,58,52,58,65,64,81,36,70,61,41,42,44,57,68,67,64
Z. Zlámal,Zdeněk Zlámal,11/5/1985,33,193.04,92.1,GK,Czech Republic,67,67,450000,2000,Right,1,3,1,Normal,788000,,,,,14,13,10,40,19,12,18,12,45,40,60,60,65,51,62,36,63,33,68,18,45,27,11,67,26,65,29,22,24
G. Akkan,Gökhan Akkan,1/1/1995,24,185.42,79.8,GK,Turkey,67,71,700000,3000,Right,1,2,1,Normal,1500000,Turkey,76,SUB,19,15,15,13,29,12,15,12,18,26,5,48,48,49,63,59,19,58,35,69,14,20,25,13,34,21,54,12,15,19
H. Kamara,Hassane Kamara,3/5/1994,25,167.64,67.1,"LB,LM,RM",France,67,73,875000,5000,Left,1,3,3,Normal,1900000,,,,,64,61,36,70,44,65,60,41,66,69,79,75,83,61,86,66,52,70,53,51,65,63,62,63,46,62,64,63,67
E. Zejnullahu,Eroll Zejnullahu,10/19/1994,24,152.4,73,"CM,CDM",Kosovo,67,72,1000000,9000,Right,1,3,3,Lean,1700000,,,,,55,51,51,70,53,68,70,59,66,67,74,72,76,65,79,69,64,68,57,64,68,65,62,67,49,60,61,65,61
J. Moore-Taylor,Jordan Moore-Taylor,1/24/1994,25,152.4,83,CB,England,67,74,925000,5000,Left,1,2,2,Normal,1800000,,,,,56,25,63,63,30,53,46,54,61,54,64,70,62,55,68,51,90,79,80,46,65,61,33,53,39,58,65,66,64
J. Baxter,José Baxter,2/7/1992,27,175.26,73.9,"CAM,CM,RM,ST",England,67,68,900000,6000,Right,1,3,3,Normal,1600000,,,,,63,65,51,68,66,64,60,72,66,68,62,62,70,56,80,72,62,51,72,69,61,40,67,69,58,64,35,40,35
S. van der Water,Silvester van der Water,9/30/1996,22,154.94,69.9,"RW,LW",Netherlands,67,76,1200000,3000,Left,1,3,3,Normal,2000000,,,,,58,68,50,58,56,73,67,43,52,70,84,84,79,52,63,72,46,67,58,63,55,24,63,54,67,54,28,32,35
Choi Jae Hyeon,최재현 崔在勋,4/20/1994,24,182.88,77.1,"RW,LB",Korea Republic,67,71,1000000,3000,Left,1,3,3,Normal,1300000,,,,,64,66,54,65,38,68,46,40,53,68,74,73,70,65,58,61,56,70,62,58,58,59,67,57,38,64,31,64,62
David Rocha,David Mateos Rocha,2/7/1985,34,152.4,77.1,"CM,CDM",Spain,67,67,450000,3000,Right,1,3,3,Normal,698000,,,,,64,59,55,68,56,64,71,73,69,67,57,53,63,61,70,75,64,69,69,70,74,58,60,70,58,63,59,61,59
F. Poli,Fabrizio Poli,5/26/1989,29,185.42,74.8,CB,Italy,67,67,600000,2000,Left,1,3,2,Lean,930000,,,,,25,13,73,47,12,43,11,13,39,47,68,65,70,62,62,33,90,71,78,13,59,64,19,24,20,64,65,69,64
M. Dreyer,Matthieu Dreyer,3/20/1989,29,187.96,81.2,GK,France,67,68,600000,5000,Right,1,3,1,Normal,1200000,,,,,10,10,14,31,16,16,10,13,13,21,47,53,45,59,40,16,75,27,68,14,21,19,10,22,11,54,11,14,10
Tomás Nuninho,Tomás Nicolas Nuninho Alfaro,2/29/1984,35,187.96,83,CDM,Brazil,67,67,230000,6000,Left,1,3,2,Normal,437000,,,,,43,43,66,67,44,61,55,47,65,63,48,57,52,60,48,61,40,68,83,53,78,63,44,59,51,57,70,65,57
R. Pirrello,Roberto Pirrello,5/30/1996,22,190.5,76.2,CB,Italy,67,77,1100000,1000,Right,1,3,2,Lean,1900000,,,,,48,37,70,57,41,54,50,50,58,53,59,66,48,62,51,63,67,66,78,41,67,63,40,44,48,61,65,70,64
D. Mesenhöler,Daniel Mesenhöler,7/24/1995,23,187.96,83,GK,Germany,67,75,850000,2000,Right,1,3,1,Normal,1500000,,,,,18,15,14,32,17,12,18,15,25,21,50,48,34,66,50,19,70,33,63,18,21,21,17,15,23,28,12,20,12
B. Romo,Bruno Sebastián Romo Rojas,5/20/1989,29,185.42,86.2,CB,Chile,67,67,600000,2000,Right,1,3,2,Stocky,810000,,,,,39,24,67,55,23,43,33,40,45,51,59,55,53,64,48,40,80,68,85,24,66,53,25,43,32,49,71,68,67
J. Newell,Joe Newell,3/15/1993,25,185.42,78.9,LM,England,67,68,900000,11000,Left,1,3,3,Lean,1700000,,,,,70,59,62,63,64,67,67,68,65,64,76,77,67,64,59,60,50,77,64,63,43,54,56,65,63,62,58,62,63
D. Lafferty,Daniel Lafferty,5/18/1989,29,154.94,76.2,"LWB,LB",Northern Ireland,67,67,575000,5000,Left,1,2,2,Lean,,,,,,67,52,59,63,37,57,62,53,61,64,70,67,72,57,65,62,73,79,62,65,61,63,53,45,45,50,65,66,65
E. Eze,Emeka Friday Eze,9/26/1996,22,185.42,79.8,ST,Nigeria,67,78,1300000,6000,Right,1,3,3,Normal,2200000,,,,,45,66,65,52,56,64,50,33,47,66,77,79,66,59,55,72,70,56,73,55,71,14,66,64,60,55,37,15,11
S. Kiyine,Sofian Kiyine,10/2/1997,21,182.88,74.8,"CM,RM",Morocco,67,80,1500000,4000,Right,1,3,3,Lean,3500000,,,,,62,50,58,67,44,70,60,43,67,71,69,73,74,62,69,61,55,68,55,63,49,61,62,64,49,50,56,62,61
O. Kabak,Ozan Muhammed Kabak,3/25/2000,18,185.42,86.2,CB,Turkey,67,79,1100000,4000,Right,1,3,2,Lean,2100000,,,,,26,26,64,52,28,32,32,31,34,52,58,65,62,62,59,48,72,63,72,25,67,67,30,30,47,60,65,68,66
Ha Chang Rae,하창래 河昌莱,10/16/1994,24,187.96,83,CB,Korea Republic,67,73,900000,2000,Right,1,3,2,Normal,1300000,,,,,20,23,65,60,21,39,26,20,50,58,57,56,47,66,56,37,67,68,73,16,66,67,25,30,39,60,63,67,65
C. Gutiérrez,Cristián Daniel Gutiérrez Zúñiga,2/18/1997,22,154.94,69.9,LB,Canada,67,78,1100000,1000,Left,1,2,2,Lean,1800000,,,,,66,37,62,65,37,64,50,51,64,62,74,80,70,65,75,57,70,75,72,56,46,62,63,56,47,61,60,65,63
V. Soto,Víctor Hugo Soto Azcárate,11/12/1989,29,190.5,81.2,GK,Colombia,67,69,650000,1000,Right,1,3,1,Normal,959000,,,,,17,10,14,29,13,11,15,25,28,17,45,44,31,67,47,37,51,53,67,19,31,21,16,18,27,27,19,16,12
V. Eicher,Vitus Eicher,11/5/1990,28,190.5,84.8,GK,Germany,67,68,600000,4000,Left,1,2,1,Normal,1000000,,,,,12,15,12,25,20,12,12,15,19,24,46,44,48,56,31,18,67,36,72,14,37,23,12,13,14,43,13,15,12
J. Keita,Jules Keita,7/20/1998,20,167.64,55.8,LW,Guinea,67,78,1300000,3000,Right,1,3,3,Lean,2800000,,,,,52,66,41,55,54,73,57,49,49,67,91,87,90,62,91,60,55,60,35,57,47,29,56,55,60,66,32,31,34
M. Lumb,Michael Lumb,1/9/1988,31,152.4,78.9,LB,Denmark,67,67,550000,4000,Left,1,3,2,Lean,688000,,,,,65,48,60,65,58,62,68,65,63,65,69,70,70,68,72,72,64,74,73,58,80,66,58,55,30,70,65,65,64
M. Alphonse,Mickaël Alphonse,7/12/1989,29,182.88,74.8,RB,France,67,67,600000,5000,Right,1,3,2,Normal,1200000,,,,,66,46,60,64,32,61,31,31,59,60,78,79,57,59,63,55,84,73,61,55,58,65,52,49,43,62,64,65,65
M. Devlin,Mikey Devlin,10/3/1993,25,187.96,78.9,CB,Scotland,67,74,925000,3000,Right,1,3,2,Normal,1800000,,,,,28,23,70,42,24,34,24,30,33,50,45,47,39,53,48,41,76,72,81,24,80,59,25,34,37,52,66,69,68
Y. Leiva,Yerko Leiva,6/14/1998,20,165.1,63,"CAM,RM,RW",Chile,67,77,1200000,3000,Right,1,3,3,Lean,2000000,,,,,66,65,45,64,48,70,49,52,63,67,74,69,75,62,83,68,64,73,57,56,47,59,64,66,53,62,37,53,51
P. Riese,Philipp Riese,11/12/1989,29,175.26,68,"CDM,LWB",Germany,67,67,625000,3000,Left,1,3,2,Normal,969000,,,,,59,49,41,63,43,59,40,47,65,61,71,67,70,64,79,65,82,87,66,57,75,63,49,60,61,62,65,66,64
M. Asiri,Muhannad Asiri,10/14/1986,32,185.42,77.1,ST,Saudi Arabia,67,67,675000,13000,Right,1,3,2,Lean,1100000,,,,,58,71,72,59,61,61,53,52,53,66,66,61,69,64,63,66,83,61,75,61,53,28,65,46,65,70,14,17,13
S. Mielitz,Sebastian Mielitz,7/18/1989,29,187.96,83,GK,Germany,67,68,625000,4000,Right,1,4,1,Normal,828000,,,,,10,12,19,24,11,15,14,11,25,20,43,41,67,65,49,20,67,30,63,13,27,18,13,42,16,65,23,16,12
E. Grezda,Eros Grezda,4/15/1995,23,182.88,77.1,"LW,RW",Albania,67,74,1100000,15000,Right,1,3,3,Lean,2100000,,,,,66,59,42,63,51,72,60,35,58,66,90,87,85,62,73,61,50,61,52,49,57,36,58,59,56,60,31,29,24
Welliton Helmes,Welliton Edson Helmes Junqueira,2/29/1988,31,172.72,68.9,CAM,Brazil,67,67,725000,9000,Right,1,3,3,Lean,1400000,,,,,58,65,40,66,53,72,66,62,51,71,76,72,74,64,71,62,54,64,53,63,51,31,58,61,63,63,20,35,30
Ji Xiang,吉翔,3/1/1990,29,185.42,78,RB,China PR,67,67,600000,7000,Right,1,3,2,Normal,1300000,,,,,68,60,65,60,53,63,76,80,63,61,70,68,62,63,72,70,60,74,79,63,63,66,60,58,50,60,68,67,62
J. Wójcicki,Jakub Wójcicki,7/9/1988,30,190.5,79.8,"RB,RM",Poland,67,67,575000,4000,Right,1,3,3,Normal,776000,,,,,70,57,59,63,61,64,59,38,62,63,75,77,76,62,45,56,77,81,80,61,31,55,59,62,41,56,57,63,70
A. Seydel,Aaron Seydel,2/7/1996,23,198.12,89.8,"ST,LM",Germany,67,76,1200000,9000,Left,1,4,3,Normal,,,,,,58,68,72,58,59,68,43,31,35,70,67,69,55,58,33,66,67,63,77,56,55,19,63,56,55,66,25,28,22
P. McShane,Paul  McShane,1/6/1986,33,182.88,81.2,CB,Republic of Ireland,67,67,450000,10000,Right,1,3,2,Normal,855000,,,,,58,33,64,59,54,39,36,36,62,61,42,44,47,60,57,47,74,53,75,31,82,64,36,48,41,53,65,64,64
Paulo Henrique,Paulo Henrique Pereira da Silva,6/26/1998,20,170.18,62.1,RW,Brazil,67,74,1100000,3000,Right,1,4,3,Lean,2500000,,,,,64,63,31,65,47,71,61,46,68,70,84,82,78,59,86,61,56,68,44,45,47,31,64,57,51,58,17,29,26
Miguel Flaño,Miguel Flaño Bezunartea,8/19/1984,34,152.4,69.9,CB,Spain,67,67,300000,3000,Right,1,3,2,Normal,465000,,,,,40,45,65,60,40,43,43,49,55,58,55,67,65,61,67,52,92,71,80,45,78,64,36,47,52,64,63,61,64
S. May,Stevie May,11/3/1992,26,152.4,67.1,"ST,CAM",Scotland,67,70,975000,3000,Right,1,3,3,Normal,1800000,,,,,59,64,65,62,60,65,59,54,54,66,69,73,72,66,63,65,85,82,67,63,47,29,73,65,62,67,23,24,22
K. Michael,Kingsley Dogo Michael,8/26/1999,19,175.26,69.9,"CM,CAM,CF",Nigeria,67,83,1600000,5000,Right,1,4,3,Lean,,,,,,64,55,44,70,60,72,68,68,65,72,69,69,78,64,78,67,69,68,50,62,44,48,67,65,64,56,51,48,48
T. Bishop,Teddy Bishop,7/15/1996,22,152.4,67.1,CM,England,67,77,1200000,3000,Right,1,3,3,Normal,2500000,,,,,65,62,41,71,51,70,62,57,67,72,69,72,77,62,78,60,52,64,59,54,50,55,63,67,51,68,48,52,54
R. Matthews,Remi Matthews,2/10/1994,25,182.88,78,GK,England,67,72,725000,3000,Right,1,3,1,Lean,1400000,,,,,11,15,15,27,16,22,14,19,32,23,44,37,46,63,39,30,62,29,46,20,24,15,7,40,22,36,12,15,17
F. Rodríguez,Francisco Javier Rodríguez Ibarra,6/24/1987,31,185.42,78,CDM,Colombia,67,67,525000,1000,Right,1,3,2,Normal,709000,,,,,42,32,72,60,33,44,38,37,70,55,49,54,56,68,52,49,52,72,78,35,65,72,39,47,41,61,66,67,66
Yu Rui,于睿,8/11/1992,26,185.42,76.2,CB,China PR,67,71,825000,4000,Right,1,3,2,Normal,1800000,,,,,57,33,70,52,27,52,28,52,51,54,57,69,29,65,54,41,72,69,77,37,54,67,25,32,33,57,69,65,63
S. Becker,Sheraldo Becker,2/9/1995,24,154.94,74.8,RW,Netherlands,67,73,1000000,3000,Right,1,3,3,Stocky,1800000,,,,,60,57,42,60,57,70,62,47,54,67,91,93,74,64,73,72,70,72,70,58,53,31,62,58,64,62,21,32,33
A. Brosque,Alex Brosque,10/12/1983,35,182.88,72.1,"CAM,ST,LM",Australia,67,67,375000,4000,Left,1,3,3,Lean,469000,,,,,59,70,55,64,66,69,70,47,54,63,74,71,74,65,56,65,44,69,61,66,35,23,70,66,71,65,35,28,21
S. Tarashaj,Shani Tarashaj,2/7/1995,24,175.26,82.1,"CAM,CM",Switzerland,67,73,1000000,5000,Right,1,4,3,Normal,1700000,,,,,63,67,56,66,44,67,68,30,51,67,77,75,75,60,80,67,63,59,63,53,56,21,73,66,69,62,30,21,12
H. Mizumoto,水本 裕貴,9/12/1985,33,182.88,73.9,CB,Japan,67,67,450000,4000,Right,1,3,2,Normal,563000,,,,,47,32,67,53,42,38,54,46,48,50,56,55,69,66,60,47,86,52,71,33,63,68,27,48,44,60,68,64,67
J. Tinhan,Jonathan Tinhan,6/1/1989,29,152.4,71.2,"ST,RM",France,67,67,750000,4000,Right,1,3,3,Lean,1300000,,,,,66,68,60,54,53,69,49,54,59,64,72,80,81,59,84,67,72,62,68,54,49,50,74,58,67,60,22,37,21
S. Vasiliadis,Sebastian Vasiliadis,10/4/1997,21,175.26,74.8,"CM,CDM,CAM,ST",Germany,67,78,1300000,3000,Right,1,3,3,Normal,2300000,,,,,60,58,46,68,42,68,40,56,66,67,76,76,77,67,77,65,66,76,62,54,59,55,68,66,49,64,55,58,56
R. Naranjo,Rodrigo Naranjo,8/30/1979,39,193.04,86.2,GK,Chile,67,67,50000,1000,Right,1,3,1,Normal,68000,,,,,14,16,14,31,13,11,12,12,25,20,36,39,35,68,40,16,66,25,79,11,20,19,18,41,21,65,21,12,13
B. Edomwonyi,Bright Edomwonyi,7/24/1994,24,182.88,77.1,ST,Nigeria,67,74,1100000,6000,Right,1,4,3,Normal,1800000,,,,,47,64,63,54,57,71,43,39,39,66,86,90,73,60,63,63,81,77,70,58,53,21,62,56,58,58,29,23,24
N. Dams,Niklas Dams,5/28/1990,28,182.88,77.1,"CB,CDM",Germany,67,68,700000,3000,Right,1,4,2,Normal,1100000,,,,,41,22,61,58,13,46,44,48,54,54,63,58,65,64,61,55,82,68,72,21,69,70,28,39,42,59,62,68,67
S. Pettinari,Stefano Pettinari,1/27/1992,27,185.42,78.9,ST,Italy,67,68,900000,2000,Right,1,4,3,Lean,,,,,,55,66,59,61,58,68,57,52,53,70,74,79,80,66,71,65,87,77,73,57,66,13,66,48,60,68,15,38,26
Fran Gámez,Francisco Gámez López,7/27/1991,27,175.26,71.2,RB,Spain,67,68,725000,3000,Right,1,3,2,Normal,1200000,,,,,63,46,60,63,37,60,62,33,57,65,73,75,61,64,74,57,60,81,65,42,60,62,51,50,41,54,64,66,65
R. Preißinger,Rico Preißinger,7/21/1996,22,185.42,81.2,"CDM,LM,CAM,CM",Germany,67,75,975000,4000,Left,1,3,2,Normal,1700000,,,,,55,54,61,66,41,62,41,38,64,65,66,66,65,63,63,63,66,86,73,58,70,70,46,59,48,63,57,64,60
L. Gutiérrez,Luis Gutiérrez,1/15/1985,34,154.94,86.2,CB,Bolivia,67,67,,,Right,1,3,2,Normal,,,,,,59,39,59,33,37,44,48,40,35,47,64,61,68,68,60,51,72,78,78,47,76,62,49,45,42,54,72,71,64
M. Heider,Marc Heider,5/18/1986,32,187.96,82.1,"ST,RM,LM",Germany,67,67,600000,2000,Right,1,5,3,Normal,870000,,,,,59,65,66,61,55,63,49,55,55,66,69,74,66,65,61,73,75,87,77,61,74,55,64,65,61,77,41,50,40
S. Knežević,Stefan Knežević,10/30/1996,22,187.96,81.2,"CB,CDM",Switzerland,67,80,1300000,4000,Right,1,2,2,Normal,2700000,,,,,29,37,61,59,30,45,28,29,57,48,47,48,52,60,54,34,73,69,73,31,71,67,29,33,33,60,69,68,68
G. Munari,Gianni Munari,6/24/1983,35,190.5,83.9,CM,Italy,67,67,325000,10000,Right,1,3,2,Normal,,,,,,69,61,74,68,71,62,65,46,65,66,37,30,72,65,38,74,76,68,89,74,77,66,65,66,46,71,64,61,61
Ricardinho,Ricardo Cavalcante Mendes,9/4/1989,29,175.26,68.9,ST,Brazil,67,67,800000,3000,Right,1,4,3,Normal,1100000,,,,,57,68,50,66,61,71,51,49,62,67,74,74,72,63,73,66,62,65,65,68,61,46,66,72,62,62,15,64,67
M. Vrousai,Marios Vrousai,7/2/1998,20,152.4,76.2,LW,Greece,67,80,1400000,2000,Right,1,4,3,Lean,3000000,,,,,57,66,57,65,61,72,61,53,62,70,75,72,74,55,67,75,54,62,53,64,46,28,67,58,66,62,43,30,33
Park Dong Jin,박동진 朴东景,12/10/1994,24,182.88,72.1,"CB,RB",Korea Republic,67,73,900000,2000,Right,1,3,2,Lean,1300000,,,,,48,26,63,56,21,42,27,28,52,52,69,68,66,65,65,46,66,67,75,38,80,66,35,37,31,62,65,64,63
D. Vergara,Duván Vergara,9/9/1996,22,172.72,72.1,"RM,LM",Colombia,67,78,1300000,4000,Right,1,3,3,Normal,2200000,,,,,53,67,42,56,52,71,41,27,49,64,75,73,79,65,66,55,54,90,65,61,42,38,70,67,61,63,45,12,17
A. Maxsø,Andreas Maxsø,3/18/1994,24,193.04,88.9,CB,Denmark,67,73,900000,4000,Right,1,4,2,Normal,1500000,,,,,41,68,73,61,31,32,39,30,59,62,44,59,48,61,66,52,83,75,70,31,56,64,44,34,37,61,62,67,71
S. Rodríguez,Sebastián Javier Rodríguez Iriarte,8/16/1992,26,154.94,78,"CM,CAM",Uruguay,67,70,950000,3000,Right,1,3,2,Normal,1600000,,,,,42,40,45,74,42,60,56,52,72,70,64,62,73,60,74,45,51,67,62,36,43,56,68,67,48,51,42,62,45
M. Bravo,Martín Iván Bravo,9/19/1986,32,167.64,72.1,"ST,RM",Argentina,67,67,675000,6000,Left,1,3,3,Normal,979000,,,,,62,61,66,67,62,69,59,53,64,66,70,75,75,60,77,71,77,74,68,66,59,30,63,61,67,77,32,31,27
J. Ruiz,Jean Ruiz,4/6/1998,20,187.96,79.8,"CB,LB,CDM",France,67,79,1200000,2000,Right,1,3,2,Lean,2400000,,,,,58,34,59,62,38,57,41,40,58,65,68,69,61,59,51,58,72,67,76,41,63,67,59,59,49,65,65,67,63
M. Schmerböck,Marc Andre Schmerböck,4/1/1994,24,154.94,73,"ST,CAM,LM",Austria,67,72,1000000,5000,Left,1,3,3,Lean,1600000,,,,,60,67,56,63,62,69,65,34,60,66,77,77,78,63,64,65,63,66,65,66,46,42,64,60,46,58,27,27,30
R. Vasilev,Radoslav Vasilev,10/12/1990,28,185.42,73.9,"ST,CF",Bulgaria,67,67,,,Right,1,2,2,Lean,,,,,,38,67,70,55,67,65,54,50,35,67,66,68,62,51,56,71,63,65,67,66,36,44,66,16,45,47,15,13,14
L. Załuska,Łukasz Załuska,6/16/1982,36,190.5,88,GK,Poland,67,67,100000,1000,Right,1,3,1,Normal,135000,,,,,33,18,14,42,12,29,12,21,38,23,54,41,43,70,46,19,77,28,72,15,22,22,15,19,45,63,19,24,25
D. Zúñiga,Dylan Patricio Zúñiga Valenzuela,7/26/1996,22,170.18,73,LB,Chile,67,77,1100000,6000,Right,1,4,2,Lean,2000000,,,,,65,34,45,65,35,63,48,44,62,62,74,75,65,59,75,59,59,81,68,55,45,61,55,49,38,57,67,68,66
Romário,Romário Pereira Sipião,8/10/1985,33,172.72,72.1,"CM,CF",Brazil,67,67,575000,2000,Right,1,3,3,Normal,719000,,,,,59,67,33,70,68,71,66,63,61,73,75,65,90,70,84,66,78,73,38,67,39,46,70,67,68,70,53,40,34
Marco Soares,Marco Paulo da Silva Soares,6/16/1984,34,182.88,79.8,"CDM,CM",Cape Verde,67,67,230000,4000,Right,2,3,2,Normal,483000,,,,,52,45,56,67,52,64,48,64,69,68,67,65,57,64,58,75,75,51,78,64,89,63,46,66,62,67,55,68,61
Qin Sheng,秦升,11/2/1986,32,182.88,76.2,CDM,China PR,67,67,525000,4000,Right,1,4,2,Normal,1100000,,,,,36,44,60,62,29,52,41,42,69,62,64,60,64,63,70,66,65,85,67,52,90,66,47,59,53,57,54,68,63
B. Mitrev,Bozhidar Konstantinov Mitrev,3/3/1987,32,182.88,73.9,GK,Bulgaria,67,67,,,Right,1,3,1,Normal,,,,,,11,15,19,23,13,16,13,24,21,18,22,19,24,65,53,23,32,29,24,15,21,17,19,31,20,62,21,14,11
J. Hopcutt,Jamie Hopcutt,6/23/1992,26,154.94,73.9,"CF,ST,CAM,LW",England,67,70,975000,3000,Right,1,3,3,Normal,1300000,,,,,48,71,46,59,56,67,55,41,42,69,79,77,80,59,78,64,65,75,62,66,48,33,69,63,52,62,59,37,33
K. Kotsaris,Konstantinos Kotsaris,7/25/1996,22,185.42,74.8,GK,Greece,67,77,950000,1000,Right,1,3,1,Normal,2300000,,,,,17,18,20,25,15,13,16,17,22,19,52,45,69,60,54,46,77,38,66,13,24,11,18,43,32,51,17,16,14
W. Dammers,Wessel Dammers,3/1/1995,24,185.42,81.2,CB,Netherlands,67,70,825000,3000,Right,1,4,2,Normal,1300000,,,,,33,55,70,57,50,60,51,40,48,66,67,71,65,59,63,73,74,64,74,66,66,55,59,49,61,50,69,66,67
Jeong Woo Jae,정우재 郑宇宰,6/28/1992,26,152.4,69.9,LM,Korea Republic,67,68,900000,3000,Right,1,3,4,Normal,1200000,,,,,66,57,58,67,40,67,55,50,61,65,71,75,71,63,73,68,59,73,68,69,63,67,67,60,45,61,64,63,56
C. Arias,César Augusto Arias Moros,4/2/1988,30,175.26,77.1,ST,Colombia,67,67,725000,1000,Right,1,4,3,Normal,979000,,,,,43,65,71,58,66,64,67,67,54,69,69,73,67,66,71,66,75,61,62,62,51,19,66,45,71,65,51,23,19
M. Djuricin,Marco Djuricin,12/12/1992,26,182.88,79.8,ST,Austria,67,70,975000,6000,Right,1,2,3,Normal,1500000,,,,,43,62,60,59,64,66,54,57,54,65,83,80,81,68,73,68,78,60,70,59,46,31,66,60,66,65,24,16,22
O. Kefkir,Oguzhan Kefkir,8/27/1991,27,172.72,72.1,"LM,LW",Germany,67,67,825000,3000,Left,1,4,3,Stocky,1200000,,,,,59,62,42,63,56,71,64,63,44,65,84,76,86,64,81,63,66,67,57,55,47,24,64,62,62,58,43,13,20
Chris Farminhão,Chris Antônio Farminhão Dias,2/29/1984,35,187.96,77.1,"CB,RB",Brazil,67,67,230000,9000,Right,1,3,2,Normal,414000,,,,,54,45,74,66,56,51,72,73,62,55,43,57,44,71,42,71,81,44,82,46,59,66,39,51,57,58,81,50,57
H. Sacko,Hadi Sacko,3/24/1994,24,182.88,82.1,"RM,LM,RW,LW",Mali,67,71,1000000,12000,Right,1,3,3,Normal,,,,,,58,63,49,59,62,72,53,45,47,66,90,91,82,65,52,71,63,62,75,52,67,26,64,54,60,49,24,25,19
E. Akichi,Ogou Edmond Akichi,4/24/1990,28,152.4,74.8,"CDM,CM",Ivory Coast,67,68,700000,3000,Right,1,3,3,Lean,1300000,,,,,56,46,49,65,42,63,53,52,68,63,75,69,71,65,68,59,72,82,59,55,68,69,58,63,47,62,67,64,63
Y. Ramadani,Ylber Ramadani,4/12/1996,22,182.88,69.9,"CDM,CM",Albania,67,75,975000,3000,Right,1,3,2,Normal,1400000,,,,,54,40,60,68,39,61,41,42,66,64,62,68,65,55,62,65,66,81,71,56,62,68,63,66,35,66,67,66,61
D. De Belder,Dylan De Belder,4/3/1992,26,182.88,72.1,"ST,CF",Belgium,67,69,925000,6000,Right,1,3,2,Normal,1500000,,,,,63,71,58,62,63,60,56,53,56,63,72,72,70,64,66,66,74,72,68,62,63,38,68,61,65,57,31,39,20
G. O'Neil,Gary O'Neil,5/18/1983,35,172.72,60.8,"CDM,CM",England,67,67,180000,3000,Right,1,3,3,Lean,333000,,,,,68,62,54,71,65,65,70,66,68,70,51,50,62,67,77,66,67,46,64,67,75,65,58,70,64,67,63,65,58
M. Medina,Miguel Ángel Medina Asprilla,3/5/1995,24,175.26,69.9,CAM,Colombia,67,76,1200000,1000,Left,1,3,3,Lean,1800000,,,,,69,61,25,65,34,74,52,55,59,64,84,85,82,52,73,61,69,72,56,54,33,16,62,67,55,59,50,30,28
E. Zavaleta,Eriq  Zavaleta,8/2/1992,26,185.42,83.9,CB,United States,67,69,775000,3000,Right,1,2,2,Normal,1200000,,,,,29,49,64,67,56,55,38,37,62,61,64,67,45,61,61,68,77,74,78,56,73,63,54,55,48,62,64,65,62
C. Robertson,Clark Robertson,9/5/1993,25,187.96,76.2,CB,Scotland,67,70,825000,9000,Left,1,2,2,Lean,1600000,,,,,48,26,63,57,17,57,51,36,49,59,62,70,61,63,63,35,76,73,75,28,63,68,50,48,33,61,66,65,65
C. Pontius,Chris Pontius,12/12/1987,31,182.88,77.1,"RM,LM",United States,67,67,725000,3000,Right,1,4,3,Normal,1100000,,,,,64,66,72,66,60,67,66,60,61,67,60,64,68,70,68,75,83,74,70,66,67,47,71,66,66,67,54,58,43
K. Anzai,安西 幸輝,5/31/1995,23,172.72,64,"LB,RB,LM",Japan,67,74,900000,4000,Right,1,4,3,Lean,1300000,,,,,70,46,47,61,40,63,67,57,64,67,89,85,65,64,78,55,73,69,48,45,56,60,50,53,48,59,71,61,58
Xisco Campos,Francisco Javier Campos Coll,3/10/1982,36,154.94,73.9,"CB,RB",Spain,67,67,100000,2000,Right,1,3,2,Normal,155000,,,,,57,31,65,63,37,34,44,34,53,58,59,59,69,67,62,54,75,59,71,33,72,70,30,42,46,60,52,68,68
S. Whalley,Shaun James Whalley,8/7/1987,31,175.26,67.1,RM,England,67,67,725000,4000,Right,1,3,3,Normal,1300000,,,,,63,60,35,61,39,67,42,56,56,64,93,91,88,55,77,56,62,68,67,59,41,38,61,60,57,54,41,31,29
L. Kelly,Lloyd Kelly,10/1/1998,20,190.5,69.9,"LB,CB",England,67,83,1500000,5000,Left,1,3,3,Lean,3700000,,,,,63,30,57,64,29,66,41,42,47,67,79,81,68,60,69,40,60,71,74,30,50,63,50,41,44,66,65,68,62
B. Gueye,Babacar Gueye,12/31/1994,24,193.04,83.9,ST,Senegal,67,72,1000000,4000,Right,1,3,2,Normal,1700000,,,,,30,65,71,53,47,59,35,32,33,64,66,67,64,64,57,71,67,32,84,60,59,11,65,46,63,57,17,15,18
L. Domínguez,Lucas Domínguez Irarrázabal,8/27/1989,29,187.96,77.1,CB,Chile,67,68,700000,2000,Left,1,2,2,Normal,998000,,,,,44,29,70,63,31,55,29,23,61,53,46,52,57,62,52,39,77,56,72,32,67,68,24,30,38,63,67,65,65
T. Geyer,Thomas Geyer,3/6/1991,28,152.4,71.2,"CB,RB,LB,CDM",Germany,67,70,775000,1000,Right,1,3,2,Lean,1200000,,,,,25,19,65,64,22,33,22,13,62,58,68,72,65,61,68,37,90,73,68,21,65,66,36,35,30,59,62,66,66
C. Gartner,Christian Gartner,4/3/1994,24,154.94,76.2,"CM,CDM",Austria,67,71,975000,3000,Right,1,3,3,Normal,1600000,,,,,58,40,54,70,57,67,65,58,67,71,68,64,74,65,74,70,59,64,64,66,65,62,54,67,51,61,62,67,64
A. Nouri,Amin Nouri,1/10/1990,29,154.94,77.1,RB,Norway,67,67,600000,2000,Right,1,4,3,Normal,,,,,,58,39,49,62,52,66,59,51,58,63,75,79,66,64,75,69,58,85,71,48,73,67,61,45,50,64,60,65,62
B. De Alba,Brayner Jesús De Alba Castro,1/26/1993,26,167.64,64.9,CAM,Colombia,67,70,950000,1000,Left,1,2,3,Lean,1400000,,,,,62,50,35,68,46,67,67,72,64,66,79,82,79,65,88,64,48,64,39,53,31,24,62,67,52,55,59,22,25
R. Vera,Gonzalo Renzo Vera,6/1/1983,35,182.88,86.2,CB,Argentina,67,67,180000,4000,Right,1,3,2,Normal,261000,,,,,48,30,65,59,38,39,38,58,58,56,38,40,35,54,54,74,59,60,84,59,78,65,31,26,70,49,66,65,68
K. Gjasula,Klaus Gjasula,12/14/1989,29,193.04,83.9,CDM,Albania,67,67,625000,4000,Right,1,4,2,Normal,969000,,,,,40,43,67,72,35,46,38,57,54,61,41,52,49,64,40,67,78,78,87,48,92,62,48,67,68,68,60,65,61
T. Pochettino,Tomás Pochettino,2/1/1996,23,152.4,71.2,"CM,LM,CDM",Argentina,67,75,1100000,7000,Right,1,3,3,Lean,,,,,,70,43,49,67,45,71,72,73,69,68,61,61,63,61,65,53,69,75,67,58,45,51,58,78,54,56,45,58,53
L. Boeder,Lukas Boeder,4/18/1997,21,182.88,81.2,"RB,CB",Germany,67,74,900000,3000,Right,1,3,2,Normal,1600000,,,,,54,23,65,64,30,48,33,35,55,63,66,68,60,68,63,49,85,67,74,27,57,67,38,45,42,63,67,69,68
M. Nalepa,Michał Nalepa,1/22/1993,26,187.96,79.8,CB,Poland,67,72,850000,3000,Right,1,2,2,Normal,1200000,,,,,31,34,65,55,42,65,43,50,65,61,47,58,38,66,39,57,69,69,85,56,75,65,45,26,41,63,63,65,62
A. Al Hafith,Abdullah Fareed Al Hafith,12/25/1992,26,185.42,77.1,CB,Saudi Arabia,67,72,850000,11000,Right,1,3,2,Lean,,,,,,36,34,64,60,40,32,33,34,61,49,52,59,64,61,42,37,73,77,78,39,80,65,30,42,42,55,66,64,63
S. Kroon,Simon Kroon,6/16/1993,25,182.88,73,"RM,RW",Sweden,67,70,950000,2000,Right,1,3,3,Lean,1300000,,,,,60,59,41,58,49,70,61,57,52,64,90,85,81,66,67,64,60,61,57,53,64,44,63,60,58,63,57,33,15
A. Wiegel,Andreas Wiegel,7/21/1991,27,152.4,69.9,"RB,RM,LM",Germany,67,67,650000,3000,Right,1,3,3,Lean,1000000,,,,,62,62,54,65,56,68,55,48,44,67,79,80,82,62,75,66,72,77,69,60,64,67,71,62,58,65,61,62,62
A. Masika,Ayub Timbe Masika,9/10/1992,26,170.18,59.9,LM,Kenya,67,68,900000,5000,Right,1,3,3,Normal,2000000,,,,,60,60,27,62,55,72,50,46,55,67,84,88,89,62,87,63,81,65,32,62,42,29,60,60,45,59,36,27,28
Borja Viguera,Borja Viguera Manzanares,3/26/1987,31,182.88,76.2,"ST,LW,CAM",Spain,67,67,675000,4000,Right,1,3,3,Lean,1100000,,,,,46,66,70,56,62,68,70,69,61,69,69,64,63,58,62,72,74,55,73,67,50,25,65,58,80,61,28,24,17
K. Agard,Kieran Agard,10/10/1989,29,175.26,67.1,"ST,RW",England,67,67,800000,7000,Right,1,3,2,Normal,1400000,,,,,60,65,62,60,61,63,43,31,54,58,80,82,91,69,78,64,89,73,71,61,59,46,69,55,68,54,46,30,22
S. Gnaka,Silas Gnaka,12/18/1998,20,152.4,64,"LB,CB",Ivory Coast,67,78,1100000,2000,Left,1,3,3,Lean,1800000,,,,,65,12,56,64,31,66,27,26,67,66,73,79,79,57,69,60,71,71,65,21,65,61,58,66,36,66,67,67,65
J. Amoroso,Emanuel Joel Amoroso,1/8/1988,31,185.42,69.9,"RM,LM",Argentina,67,67,725000,6000,Right,1,3,3,Lean,1100000,,,,,55,60,60,60,44,70,60,49,60,63,74,76,68,70,50,68,61,70,76,60,40,29,72,65,44,65,33,30,35
Lu Wenjun,吕文君,3/11/1989,29,185.42,71.2,"ST,RW,LW,CF",China PR,67,67,750000,7000,Right,1,4,2,Lean,1700000,,,,,65,66,66,56,58,69,53,36,41,61,73,75,75,60,62,69,70,68,76,59,43,21,63,60,62,48,40,19,18
K. Roos,Kelle Roos,5/31/1992,26,195.58,89.8,GK,Netherlands,67,71,700000,10000,Right,1,4,1,Normal,1400000,,,,,14,18,13,25,19,16,17,15,20,20,45,38,35,59,38,34,60,43,68,18,20,19,14,42,23,44,9,18,21
S. Ruprecht,Steven Ruprecht,6/24/1987,31,195.58,92.1,CB,Germany,67,67,525000,1000,Left,1,3,2,Stocky,761000,,,,,54,47,72,44,37,48,55,48,53,56,48,52,41,62,32,70,46,52,92,48,76,63,52,51,75,65,64,66,64
Basilio,Basilio Sancho Agudo,1/2/1984,35,185.42,83,GK,Spain,67,67,300000,2000,Right,1,3,1,Normal,465000,,,,,15,9,12,26,8,13,13,11,30,16,35,42,50,63,50,25,68,42,65,8,27,13,7,35,19,46,11,12,15
Juande,Juan de Dios Prados López,8/12/1986,32,182.88,74.8,"CDM,CM",Spain,67,67,525000,2000,Right,1,3,2,Lean,656000,,,,,46,32,52,67,48,58,46,55,64,62,66,65,65,58,49,49,64,74,72,47,75,67,60,64,48,58,64,66,64
M. Awad,Mohamed Awad,7/6/1992,26,182.88,63,GK,Egypt,67,68,625000,6000,Right,1,2,1,Normal,1100000,Al Wehda,68,GK,1,10,7,22,19,12,25,24,14,28,20,42,44,42,53,53,23,71,37,47,9,38,16,9,37,14,58,9,10,10
G. Miura,三浦 弦太,3/1/1995,24,182.88,77.1,CB,Japan,67,76,1000000,4000,Right,1,3,2,Normal,1500000,,,,,43,21,68,59,20,35,25,42,52,47,63,62,50,60,64,31,73,71,73,18,64,65,40,23,41,53,66,71,68
Renan Tojeiras,Renan Lorenzo Tojeiras Sampaio,2/29/1984,35,152.4,78,"CDM,CM,CAM",Brazil,67,67,230000,5000,Left,1,2,2,Normal,437000,,,,,43,58,66,55,45,70,56,62,72,73,47,52,81,55,82,77,43,83,70,57,88,50,66,57,54,58,64,75,77
M. Terki,Mehdi Terki,9/27/1991,27,187.96,87.1,"CDM,RM,CAM",Algeria,67,69,775000,5000,Right,1,4,3,Normal,1200000,,,,,59,54,55,67,47,72,48,44,62,67,66,67,66,67,72,56,65,72,75,52,74,68,65,64,53,76,68,62,57
F. Migliore,Francesco Migliore,4/17/1988,30,172.72,74.8,LB,Italy,67,67,550000,2000,Left,1,2,3,Normal,880000,,,,,64,26,60,63,44,63,58,57,56,63,71,70,74,64,84,55,86,85,75,33,66,62,33,56,48,66,61,63,64
C. Schorch,Christopher Schorch,1/30/1989,30,187.96,79.8,"CB,RB",Germany,67,67,600000,3000,Right,1,3,2,Stocky,870000,,,,,54,23,71,60,32,53,34,24,55,56,51,49,59,64,55,52,60,63,80,34,70,66,41,46,44,65,65,67,61
R. Gelmi,Roy Gelmi,3/1/1995,24,187.96,78,"CB,CDM",Switzerland,67,77,1100000,4000,Right,1,3,2,Normal,1800000,,,,,35,49,65,69,60,27,39,27,65,52,73,80,58,67,70,59,71,76,76,24,67,64,36,49,38,62,59,66,68
R. Oxford,Reece Oxford,12/16/1998,20,190.5,78,"CB,CDM,RB",England,67,79,1200000,9000,Right,1,3,2,Lean,,,,,,34,22,64,63,36,52,44,36,57,57,66,72,62,65,53,49,66,65,72,37,68,65,34,53,48,59,66,66,65
R. Würtz,Rasmus Würtz,9/18/1983,35,152.4,72.1,CM,Denmark,67,67,375000,5000,Right,1,4,2,Normal,469000,,,,,37,55,64,67,54,60,48,49,68,66,50,46,64,69,72,66,72,62,69,60,71,74,58,66,66,71,78,70,66
N. Schouterden,Nils Schouterden,12/14/1988,30,175.26,64.9,"LM,LWB",Belgium,67,67,750000,5000,Left,1,3,3,Lean,1100000,,,,,71,45,46,65,54,66,69,67,67,67,74,73,74,64,75,75,73,67,57,65,62,57,64,65,53,65,47,54,52
A. Bencharki,Achraf Bencharki,9/24/1994,24,152.4,69.9,"LM,ST",Morocco,67,73,1000000,11000,Right,1,3,4,Lean,,,,,,62,64,61,63,56,71,70,66,58,65,81,74,73,65,66,66,75,61,63,64,56,37,64,65,64,69,49,42,21
S. Jovanović,Saša Jovanović,12/15/1991,27,175.26,74.8,"RM,LM,ST",Serbia,67,67,825000,10000,Left,1,5,3,Normal,1400000,,,,,71,64,42,69,50,68,55,47,63,67,81,80,67,51,73,63,44,63,61,44,33,27,59,55,66,50,34,31,34
E. Ndoj,Emanuele Ndoj,11/20/1996,22,187.96,73.9,CM,Albania,67,77,1200000,1000,Right,1,3,3,Lean,2200000,,,,,57,47,61,71,47,66,49,51,67,68,70,73,64,67,62,63,62,74,65,57,64,64,52,66,48,65,64,67,66
P. Klewin,Philipp Mickel Klewin,9/30/1993,25,193.04,86.2,GK,Germany,67,73,750000,3000,Right,1,2,1,Normal,1400000,,,,,16,17,15,23,13,17,20,17,19,19,43,40,35,64,55,30,51,30,68,17,24,17,15,18,22,29,21,19,17
S. Raggett,Sean Raggett,1/25/1994,25,195.58,88.9,CB,England,67,73,900000,8000,Right,1,4,2,Normal,,,,,,24,37,70,55,20,37,30,21,54,51,60,66,41,64,33,35,68,67,87,22,66,64,28,40,41,59,66,63,60
J. Gómez,Jefferson José Gómez Genes,6/22/1996,22,182.88,78,CB,Colombia,67,78,1100000,1000,Right,1,3,2,Normal,1800000,,,,,25,18,69,57,40,56,24,26,54,58,51,53,54,59,57,51,78,64,80,31,74,65,35,49,33,65,58,67,62
Claude Gonçalves,Joaquim Claude Gonçalves Araújo,4/9/1994,24,175.26,68.9,"CDM,CM",Portugal,67,71,850000,3000,Right,1,2,2,Normal,1600000,,,,,45,31,49,64,40,62,51,49,61,65,69,65,71,58,78,56,71,69,64,43,73,72,40,59,48,71,71,64,61
M. Lowe,Max Lowe,5/11/1997,21,175.26,73.9,"LB,LWB",England,67,80,1300000,9000,Left,1,2,3,Lean,,,,,,59,41,62,67,41,65,38,38,58,69,76,79,66,64,67,49,71,61,64,36,60,67,56,59,50,63,64,64,64
A. Ludwig,Alexander Ludwig,6/30/1993,25,182.88,84.8,CB,Denmark,67,74,900000,4000,Left,1,3,2,Normal,1300000,,,,,57,35,68,67,32,55,61,62,64,62,62,63,60,64,64,39,72,74,75,34,65,61,60,30,37,59,66,68,64
K. Kratz,Kevin Kratz,1/21/1987,32,172.72,72.1,"CAM,CM,CDM",Germany,67,67,675000,3000,Right,1,5,3,Normal,1000000,,,,,69,54,50,69,62,66,73,76,68,68,63,54,72,66,81,72,41,59,62,69,69,62,62,66,55,70,50,62,63
C. Handke,Christopher Handke,2/14/1989,30,190.5,89.8,CB,Germany,67,67,600000,5000,Right,1,3,2,Normal,930000,,,,,34,25,68,55,24,35,28,30,42,43,38,54,40,64,42,44,54,69,85,21,63,66,23,28,31,62,67,69,64
V. N'Simba,Vital N'Simba,7/8/1993,25,167.64,67.1,"LB,LM",DR Congo,67,70,800000,2000,Left,1,3,3,Normal,1500000,,,,,65,58,40,65,49,67,66,42,59,67,78,80,82,64,88,67,84,73,48,62,74,63,61,61,50,57,64,65,63
L. Robles,Luis Enrique Robles Ramírez,9/22/1986,32,170.18,69.9,"CDM,CM,CB",Mexico,67,67,525000,3000,Right,1,3,2,Normal,893000,,,,,52,34,62,62,29,55,43,62,61,62,69,67,73,63,70,74,91,75,81,63,75,64,60,64,39,62,66,68,68
M. Sauer,Maximilian Sauer,5/15/1994,24,152.4,69.9,"RB,RM,RWB",Germany,67,72,850000,3000,Right,1,3,3,Lean,1400000,,,,,70,40,45,62,30,67,48,30,54,65,78,76,73,58,75,30,64,73,54,39,66,63,57,50,42,53,65,65,67
C. Sepúlveda,Claudio Elías Sepúlveda Castro,6/19/1992,26,175.26,73,"CDM,CM",Chile,67,72,850000,2000,Right,1,3,2,Lean,1200000,,,,,43,43,51,65,33,55,59,44,63,64,69,72,64,63,75,74,37,80,67,42,71,68,51,58,75,54,61,70,64
S. Benyamina,Soufian Benyamina,3/2/1990,29,190.5,78.9,ST,Germany,67,67,800000,3000,Right,1,3,3,Lean,1100000,,,,,34,62,73,54,55,64,41,33,33,67,70,77,64,63,66,66,79,66,79,64,63,19,66,38,71,57,45,28,19
A. El Kaabi,Ayoub El Kaabi,6/25/1993,25,182.88,74.8,ST,Morocco,67,70,975000,6000,Left,1,3,2,Normal,2200000,,,,,31,68,65,60,44,66,36,33,33,62,63,65,65,66,61,70,65,65,68,53,26,14,73,63,64,55,35,12,17
E. Sosa,Eduardo Sosa,6/20/1996,22,170.18,74.8,CAM,Venezuela,67,74,1100000,3000,Right,1,3,3,Normal,1800000,,,,,45,56,37,67,51,72,63,62,56,66,75,71,78,61,79,71,54,65,53,65,63,27,65,66,57,71,49,38,40
J. Justin,James Justin,2/23/1998,21,182.88,71.2,"LB,RB",England,67,81,1500000,3000,Right,1,4,3,Lean,3600000,,,,,66,49,59,64,32,67,34,50,59,65,74,77,70,59,69,45,56,75,63,37,52,62,61,56,38,58,63,66,63
R. Salinas,Rodrigo Salinas,7/4/1986,32,190.5,81.2,ST,Argentina,67,67,675000,6000,Left,1,3,2,Lean,1000000,,,,,34,71,72,57,63,62,39,28,32,63,42,54,53,70,47,71,73,60,74,58,65,26,68,48,66,52,33,32,29
S. Ganz,Simone Andrea Ganz,9/21/1993,25,175.26,68,ST,Italy,67,70,975000,2000,Right,1,2,2,Lean,1600000,,,,,45,69,72,60,54,63,46,43,49,59,78,74,83,64,75,65,73,77,59,61,32,20,67,56,62,64,20,20,16
Oriol Busquets,Oriol Busquets Mas,6/20/1999,19,185.42,77.1,"CDM,CM",Spain,67,82,1500000,14000,Right,1,3,3,Lean,4000000,,,,,56,36,64,70,37,63,46,42,66,67,58,57,56,64,63,56,54,74,69,47,61,65,41,66,42,70,64,63,61
T. Mauricio,Tony Mauricio,3/22/1994,24,170.18,67.1,"RM,CAM",France,67,73,1000000,2000,Left,1,3,3,Lean,2000000,,,,,62,71,43,62,61,70,51,41,60,74,77,75,79,59,91,69,53,51,51,63,43,24,64,62,59,58,30,30,33
J. Bendik,Joe Bendik,4/21/1989,29,190.5,98,GK,United States,67,69,625000,2000,Left,1,3,1,Stocky,984000,,,,,16,10,11,17,13,10,15,19,25,16,38,33,35,62,41,24,43,21,64,12,27,12,12,38,17,50,7,11,6
G. Merebashvili,Giorgi Merebashvili,8/15/1986,32,152.4,74.8,LM,Georgia,67,67,675000,3000,Right,1,3,3,Stocky,911000,,,,,59,60,55,64,55,69,56,56,65,68,70,75,82,64,68,61,56,70,63,51,59,34,58,65,52,60,25,37,38
S. Srnic,Slavoljub Srnic,1/12/1992,27,172.72,67.1,"RM,LM,CAM",Serbia,67,67,825000,4000,Right,1,3,3,Normal,1300000,,,,,65,64,49,70,59,69,65,63,62,67,66,63,62,64,79,66,52,60,46,59,59,44,63,64,60,66,40,39,36
F. Kadioglu,Ferdi Erenay Kadıoğlu,10/7/1999,19,172.72,64,"CAM,RW",Netherlands,67,79,1300000,9000,Right,1,3,3,Lean,2600000,,,,,64,58,42,64,60,72,70,64,57,70,72,72,68,62,81,64,60,66,54,60,39,36,52,72,52,54,35,29,28
B. Jatta,Bakery Jatta,6/6/1998,20,182.88,78.9,"LM,RM",Gambia,67,78,1300000,4000,Right,1,3,3,Normal,2400000,,,,,67,66,44,63,59,73,54,49,48,62,78,85,68,52,60,73,53,68,69,49,49,22,66,54,61,52,29,37,32
R. Manaj,Rey Manaj,2/24/1997,22,182.88,76.2,ST,Albania,67,78,1300000,14000,Right,1,4,3,Normal,,,,,,41,66,64,59,62,63,42,57,39,69,65,64,51,68,78,66,66,60,72,56,43,12,69,49,72,64,46,14,21
Gustavo Pastinho,Gustavo Patrick Pastor Pombo,2/29/1992,27,182.88,74.8,"ST,RM",Brazil,67,67,825000,10000,Right,1,3,3,Lean,1600000,,,,,68,77,46,50,67,74,45,62,49,73,84,82,74,63,71,50,61,72,53,73,50,41,71,52,63,72,18,37,35
E. Lieftink,Elmo Lieftink,2/3/1994,25,185.42,79.8,"CM,CDM",Netherlands,67,72,1000000,3000,Left,1,2,2,Normal,1500000,,,,,58,58,58,69,58,61,64,63,67,68,66,64,59,62,69,67,78,79,75,57,68,65,58,63,56,67,65,65,66
Renê Santos,Renê Ferreira dos Santos,4/21/1992,26,182.88,81.2,"CB,CDM",Brazil,67,68,750000,4000,Right,1,3,2,Normal,1600000,,,,,36,27,62,57,30,40,27,32,40,45,57,59,44,64,58,62,70,56,79,28,76,66,33,32,41,60,64,68,66
Y. Akimoto,秋元 陽太,7/11/1987,31,182.88,83.9,GK,Japan,67,67,500000,1000,Right,1,3,1,Stocky,625000,,,,,11,18,14,28,18,11,11,13,27,20,47,41,40,61,38,17,55,44,65,16,25,25,15,59,12,30,15,11,12
H. Sakhi,Hamza Sakhi,6/7/1996,22,172.72,68,"CAM,RM,CM",Morocco,67,74,1100000,3000,Right,1,3,3,Lean,,,,,,62,65,35,67,55,67,65,66,63,68,69,69,72,65,65,59,57,61,45,58,45,58,67,65,65,67,56,58,57
D. Furman,Dean Furman,6/22/1988,30,182.88,73,"CM,CDM",South Africa,67,67,,,Right,1,3,3,Normal,,,,,,58,60,36,67,58,65,49,57,68,67,68,69,71,59,66,72,72,91,72,69,83,48,41,72,44,65,70,69,68
F. Beijmo,Felix Beijmo,1/31/1998,21,185.42,77.1,RB,Sweden,67,79,1200000,6000,Right,1,3,2,Normal,2300000,,,,,62,23,57,59,27,55,58,37,55,62,76,87,66,59,65,66,62,88,70,41,58,62,40,36,36,64,62,63,64
T. Paredes,Teodoro Paredes,4/1/1993,25,182.88,83,CB,Paraguay,67,72,850000,6000,Right,1,2,2,Normal,1300000,,,,,24,17,69,44,24,25,25,24,26,46,57,59,47,71,53,36,73,63,77,20,55,72,28,32,34,53,64,69,64
Venanzio Meirás,Venanzio Luis Meirás Correia,2/29/1988,31,182.88,77.1,"ST,CAM",Brazil,67,67,725000,6000,Left,1,4,3,Normal,1400000,,,,,56,68,57,69,71,64,73,70,68,72,44,55,53,68,59,62,58,54,59,72,38,47,75,73,72,74,16,37,41
K. Løkberg,Kristoffer  Løkberg,1/22/1992,27,175.26,68.9,CM,Norway,67,68,875000,2000,Right,1,4,3,Normal,1200000,,,,,59,59,54,66,63,63,46,48,63,64,64,65,83,66,84,66,84,87,57,66,68,59,62,67,46,67,54,63,55
F. Serrarens,Fabian Serrarens,2/9/1991,28,187.96,83,ST,Netherlands,67,67,825000,4000,Right,1,3,2,Normal,1200000,,,,,57,67,64,67,60,62,56,39,52,64,73,72,64,65,52,65,68,73,80,62,63,20,66,62,69,70,22,15,14
D. Jones,Derrick Jones,3/3/1997,22,193.04,74.8,CDM,United States,67,76,1000000,2000,Left,1,3,2,Lean,1700000,,,,,47,41,61,67,38,61,42,56,62,64,71,70,56,64,60,69,70,77,84,52,72,67,58,60,66,60,63,61,57
C. Maguire,Chris Maguire,1/16/1989,30,170.18,68,"LM,RM,ST",Scotland,67,67,750000,5000,Right,1,4,3,Stocky,1300000,,,,,64,65,57,62,65,66,67,72,65,67,70,74,70,63,71,73,77,73,67,67,82,41,62,63,75,63,44,35,27
Carlos Abad,Carlos Javier Abad Hernández Trujillo,6/28/1995,23,193.04,88,GK,Spain,67,77,950000,2000,Right,1,3,1,Normal,,,,,,15,19,22,24,15,19,22,18,25,21,46,48,32,65,42,24,65,40,77,16,27,27,16,29,29,47,14,14,18
L. Dos Santos,Laurent Dos Santos,3/21/1993,25,152.4,69.9,"RB,LB,LWB",France,67,70,800000,2000,Right,1,3,3,Normal,1500000,,,,,69,43,57,75,38,65,41,42,71,66,57,63,64,58,73,56,73,59,46,40,68,63,46,48,48,57,69,67,73
Claudio Silbeiro,Claudio Ever Silbeiro Martins,2/29/1984,35,182.88,74.8,ST,Brazil,67,67,400000,6000,Left,1,3,3,Lean,760000,,,,,41,72,66,53,72,68,47,48,49,63,72,76,71,62,61,64,73,75,56,67,66,44,68,53,55,58,16,38,48
K. Hoggas,Kévin Hoggas,11/16/1991,27,182.88,77.1,"CAM,CM,LM,RM",France,67,68,900000,5000,Right,1,2,3,Lean,1400000,,,,,68,64,64,70,55,69,66,62,65,70,63,64,65,50,62,70,62,57,72,66,49,46,65,69,65,63,36,43,46
Xande Silva,Alexandre Costa Silva,3/16/1997,21,152.4,68,"ST,RM,LM",Portugal,67,75,1100000,18000,Right,1,3,3,Normal,2400000,,,,,57,63,54,63,57,74,64,33,45,72,79,77,74,65,69,67,65,59,63,53,55,24,67,65,55,67,25,23,22
N. Rubio,Nicolás Rubio,1/29/1995,24,167.64,66.2,CAM,Colombia,67,73,1000000,1000,Right,1,3,3,Normal,1600000,,,,,64,63,37,65,51,64,50,68,58,63,72,82,81,64,86,59,73,73,36,46,59,27,74,68,48,64,61,27,37
V. Berisha,Veton Berisha,4/13/1994,24,175.26,71.2,"LM,ST,RM",Norway,67,70,975000,6000,Right,1,4,3,Stocky,1500000,,,,,59,60,54,61,59,67,63,44,49,66,83,82,80,67,82,72,89,85,74,62,81,37,66,60,67,63,32,29,24
Carlos Ruiz,Carlos Ruiz Aránega,7/20/1983,35,182.88,79.8,CB,Spain,67,67,230000,4000,Right,1,3,2,Normal,368000,,,,,45,46,72,66,49,50,48,47,61,63,61,63,65,59,70,67,74,73,75,57,72,64,50,52,53,66,67,64,58
M. Bruscagin,Matteo Bruscagin,8/3/1989,29,182.88,69.9,"CB,RB,LB",Italy,67,67,625000,2000,Right,1,3,2,Normal,969000,,,,,50,21,70,62,22,49,35,25,53,55,55,59,73,62,54,27,74,63,73,23,62,62,31,47,22,58,64,69,66
L. Paiva,Leandro Paiva,2/15/1994,25,162.56,55.8,RM,Uruguay,67,70,975000,4000,Left,1,3,3,Lean,1500000,,,,,65,72,52,65,61,71,51,71,63,69,69,66,68,67,59,69,48,46,45,71,31,26,61,62,67,56,27,32,27
Luis Rioja,Luis Jesús Rioja González,10/16/1993,25,172.72,64.9,"LM,RM",Spain,67,70,975000,3000,Left,1,4,3,Normal,1600000,,,,,65,57,32,61,37,69,53,40,49,66,85,81,81,64,84,63,73,73,38,54,27,26,67,57,50,52,41,24,26
P. Papp,Paul Papp,11/11/1989,29,187.96,79.8,"CB,RB,LB",Romania,67,67,625000,5000,Right,1,3,2,Normal,1300000,,,,,59,44,74,67,43,43,52,49,64,49,62,64,59,59,59,68,70,66,72,48,63,65,45,33,51,71,66,64,66
T. Sana,Tobias Sana,7/11/1989,29,175.26,72.1,"ST,LM",Sweden,67,67,800000,6000,Right,1,3,3,Lean,1000000,,,,,60,67,54,65,58,73,69,59,58,71,82,77,92,60,79,61,66,73,62,66,42,27,69,63,57,65,32,29,25
J. Anibaba,Jalil Anibaba,10/19/1988,30,182.88,77.1,"CB,RB,LB",United States,67,67,600000,3000,Right,1,3,2,Lean,900000,,,,,58,29,64,63,39,49,50,45,57,56,59,65,67,66,61,68,75,74,75,56,67,66,36,43,43,58,67,62,65
Rafael de Aseiro,Rafael Simão de Aseiro Vieira,2/29/1992,27,190.5,84.8,GK,Brazil,67,67,525000,4000,Left,1,1,1,Normal,998000,,,,,23,11,17,34,10,14,14,12,28,18,41,44,38,65,40,31,46,62,53,12,34,20,10,38,28,60,15,19,12
J. Perch,James Perch,9/28/1985,33,154.94,79.8,"CDM,RB",England,67,67,450000,4000,Right,1,3,2,Normal,788000,,,,,60,44,66,65,43,58,47,37,61,64,61,54,57,66,65,53,70,72,68,44,75,65,59,60,51,64,67,65,66
Zhang Yuning,张玉宁,1/5/1997,22,182.88,68.9,ST,China PR,67,73,1100000,9000,Right,1,4,3,Lean,,,,,,53,67,73,67,61,61,58,41,63,68,63,65,64,54,65,71,72,61,73,63,47,23,66,56,42,60,20,22,18
S. Dawkins,Simon Dawkins,12/1/1987,31,152.4,69.9,"LM,LW",Jamaica,67,67,725000,4000,Right,1,4,3,Normal,1300000,,,,,55,58,43,70,61,72,49,60,62,70,64,72,78,65,70,66,55,72,59,57,60,49,65,66,67,68,35,33,31
A. Nkaka,Aristote Nkaka,3/27/1996,22,154.94,78.9,"CDM,CB,CM",Belgium,67,74,925000,4000,Right,1,3,2,Normal,1600000,,,,,47,28,62,65,30,59,36,37,62,64,74,68,70,63,78,77,73,71,67,36,74,67,42,58,43,50,67,66,64
C. Espinosa,Carlos Felipe Ignacio Espinosa Contreras,11/22/1982,36,172.72,69.9,CAM,Chile,67,67,325000,1000,Left,1,3,3,Lean,439000,,,,,47,51,32,74,65,66,69,61,73,70,61,48,59,58,75,59,38,33,45,69,43,25,53,75,68,61,21,45,44
A. Niz,Alexis Niz,5/15/1988,30,154.94,81.2,"CB,RB",Argentina,67,67,575000,5000,Right,1,3,2,Normal,863000,,,,,58,39,67,46,30,34,28,27,46,48,57,67,57,61,58,56,91,63,72,46,64,71,30,29,41,58,59,71,68
J. Mena,Jefferson Mena Palacios,6/15/1989,29,182.88,78.9,CB,Colombia,67,68,675000,4000,Right,1,2,2,Normal,1100000,,,,,22,26,64,53,28,47,30,27,49,50,68,76,48,57,51,63,83,56,76,16,79,69,27,32,38,53,62,66,65
D. Vidošić,Dario Vidošić,4/8/1987,31,182.88,73.9,"LM,CAM",Australia,67,67,675000,5000,Right,1,4,3,Normal,844000,,,,,67,62,62,70,68,66,73,65,66,68,68,68,66,60,69,73,67,61,72,66,59,46,67,65,73,66,45,50,51
M. Rutten,Moreno Rutten,4/28/1993,25,152.4,68.9,"RB,CM",Netherlands,67,70,800000,3000,Right,1,3,2,Normal,1200000,,,,,58,49,62,67,43,59,49,44,65,64,69,67,63,61,65,53,77,73,68,48,59,65,45,57,44,64,64,69,70
Jorge Fellipe,Jorge Fellipe de Oliveira Figueiro,10/27/1988,30,195.58,88,CB,Brazil,67,67,600000,4000,Left,1,2,2,Normal,1300000,,,,,32,23,69,55,30,42,35,35,45,51,31,35,32,67,33,39,50,52,78,24,78,68,25,30,40,55,66,68,63
S. Nagasawa,長泽 骏,8/25/1988,30,193.04,82.1,ST,Japan,67,67,750000,3000,Right,1,3,3,Lean,938000,,,,,42,71,67,62,64,66,55,42,32,67,48,52,32,57,31,66,32,56,89,69,30,11,64,41,63,52,33,26,23
A. Gilbey,Alex Gilbey,12/9/1994,24,182.88,73,CM,England,67,74,1100000,5000,Right,1,3,3,Normal,2100000,,,,,51,54,64,68,57,64,57,56,66,63,75,78,77,59,75,70,83,88,79,67,59,63,59,64,56,61,57,66,64
A. Crawford,Ali Crawford,7/30/1991,27,152.4,64,"CM,CAM,LM",Scotland,67,68,875000,4000,Right,1,3,3,Lean,1600000,,,,,66,63,52,68,48,68,50,67,65,67,71,73,78,59,75,70,76,78,62,69,65,57,64,67,56,60,58,59,50
N. Siega,Nicholas Siega,2/25/1991,28,152.4,73,"CAM,CM",Italy,67,67,800000,1000,Left,1,4,3,Normal,1200000,,,,,65,58,60,68,56,73,59,54,62,70,81,77,79,65,74,60,59,64,66,57,63,62,58,61,52,61,59,59,58
Joni Montiel,Jonathan Montiel Caballero,9/3/1998,20,172.72,67.1,"CAM,RM,LM",Spain,67,77,1200000,3000,Left,1,2,3,Lean,,,,,,58,65,45,68,30,67,41,45,69,71,65,61,60,61,68,40,46,46,37,66,59,38,64,63,47,55,56,37,39
Nacho,Ignacio Agustín Sánchez Romo,2/11/1993,26,152.4,69.9,"RM,LM",Spain,67,68,900000,4000,Right,1,3,3,Lean,1500000,,,,,72,67,55,59,63,71,73,46,59,72,77,74,68,53,72,66,65,52,63,60,51,20,58,58,75,55,48,23,21
T. Petsos,Thanos Petsos,6/5/1991,27,182.88,79.8,"CDM,CM",Greece,67,68,725000,8000,Right,1,3,2,Normal,1300000,,,,,41,46,61,68,56,54,61,70,64,68,53,55,67,70,65,78,73,71,75,72,70,60,45,62,58,66,60,68,63
V. Rennella,Vincenzo Rennella,10/8/1988,30,187.96,78,ST,France,67,67,750000,4000,Left,1,3,3,Normal,1200000,,,,,53,66,67,63,70,65,78,69,48,67,56,65,64,62,54,73,67,59,80,66,46,35,64,65,72,65,23,35,31
G. Gotti,Gustavo Gotti,10/20/1993,25,154.94,83,"ST,RW,LW",Argentina,67,72,1000000,3000,Right,1,3,2,Normal,1500000,,,,,48,71,61,61,48,69,54,56,52,68,72,72,61,52,54,68,40,64,60,66,37,16,71,39,70,48,33,22,21
S. Campo,Samuele Campo,7/6/1995,23,152.4,69.9,"CAM,RM",Switzerland,67,76,1200000,8000,Left,1,3,3,Lean,2000000,,,,,67,53,38,70,65,68,71,66,65,69,73,76,71,63,82,67,60,66,53,61,42,25,64,66,48,57,68,30,33
I. Depe,İlhan Depe,9/10/1992,26,172.72,66.2,"RM,LM,CAM",Turkey,67,67,825000,5000,Left,1,3,3,Lean,1700000,,,,,64,39,38,68,49,72,62,62,65,70,79,78,77,62,84,54,68,65,53,44,48,16,61,62,57,56,22,29,37
Q. Westberg,Quentin Westberg,4/25/1986,32,182.88,73,GK,United States,67,67,450000,2000,Right,1,3,1,Normal,675000,,,,,10,9,8,19,15,9,10,10,25,18,34,54,51,63,60,18,78,40,70,9,16,16,6,23,16,54,10,13,12
R. Vloet,Rai Vloet,5/8/1995,23,187.96,74.8,"CAM,CM,LM",Netherlands,67,72,1000000,4000,Right,1,4,3,Lean,1600000,,,,,52,68,66,66,67,65,62,62,65,69,66,60,58,66,63,72,67,74,73,67,72,33,69,65,70,61,44,42,33
S. Sutter,Scott Sutter,5/13/1986,32,154.94,81.2,RB,Switzerland,67,67,425000,3000,Right,1,3,2,Normal,616000,,,,,67,54,58,68,47,59,54,34,62,65,63,63,70,68,67,49,73,89,80,53,67,62,62,62,34,66,64,64,64
J. Opoku,Johnatan Opoku,4/18/1990,28,185.42,82.1,"RW,CAM,LW",Netherlands,67,67,775000,4000,Right,1,3,3,Normal,1100000,,,,,60,63,35,67,51,71,66,66,62,70,68,69,68,66,66,70,84,59,76,66,43,31,60,67,41,65,49,45,38
K. Miyoshi,三好 康児,3/26/1997,21,167.64,64,"LM,CAM,RW,CF",Japan,67,76,1200000,3000,Left,1,4,3,Lean,,,,,,58,57,37,65,61,71,67,50,52,69,92,87,85,64,86,66,83,64,52,64,43,26,42,64,56,57,38,35,44
S. Aytaç,Sakıb Aytaç,11/24/1991,27,187.96,84.8,"LB,LM",Turkey,67,67,650000,5000,Left,1,3,3,Normal,1300000,,,,,59,42,70,67,45,67,63,68,60,66,71,74,68,59,59,58,51,77,72,52,66,66,69,50,55,54,65,64,66
S. Goss,Sean Goss,10/1/1995,23,152.4,71.2,"CM,CDM",Germany,67,75,1100000,3000,Left,1,3,2,Lean,,,,,,58,47,49,72,42,61,77,74,73,68,69,66,65,60,76,51,66,69,63,49,46,54,55,73,47,72,57,54,53
D. Bamba,Daouda Karamoko Bamba,3/5/1995,24,182.88,74.8,ST,Ivory Coast,67,72,1000000,2000,Right,1,4,3,Lean,1400000,,,,,52,66,61,58,57,67,54,33,42,63,87,83,83,61,69,70,76,72,69,59,60,18,66,52,61,60,26,16,18
I. Bandalovski,Ivan Bandalovski,11/23/1986,32,182.88,77.1,RB,Bulgaria,67,67,,,Right,1,3,3,Normal,,,,,,68,34,50,57,49,63,23,40,65,65,71,74,67,67,75,70,66,72,60,44,77,62,66,58,53,60,69,64,67
Y. Koné,Youssouf Koné,7/5/1995,23,175.26,71.2,LB,Mali,67,76,1000000,8000,Left,1,3,3,Normal,2100000,,,,,62,30,53,64,28,70,47,40,50,65,79,76,72,62,74,36,56,67,66,34,67,61,50,39,43,52,64,67,68
M. Delgado,Marky Delgado,5/16/1995,23,175.26,66.2,"CM,CDM",United States,67,69,925000,3000,Right,1,2,3,Normal,1500000,,,,,50,55,59,71,49,64,59,39,65,66,71,70,79,65,76,66,75,86,59,55,72,61,62,63,43,65,62,64,62
T. Rowe,Tommy Rowe,9/24/1988,30,154.94,81.2,"LM,CM",England,67,67,750000,4000,Left,1,3,3,Lean,1300000,,,,,64,56,57,64,43,66,38,53,63,64,73,75,77,65,71,57,66,81,63,52,47,63,67,64,53,63,65,67,65
B. Kopplin,Björn Kopplin,1/7/1989,30,182.88,79.8,"LB,RB",Germany,67,67,575000,5000,Right,1,3,3,Normal,719000,,,,,60,48,61,61,44,63,58,61,56,63,79,79,69,65,67,60,59,77,74,43,56,60,56,52,36,68,60,66,66
A. Muyl,Alex Muyl,9/30/1995,23,154.94,78.9,"RM,LM",United States,67,74,1100000,3000,Right,1,2,3,Normal,1800000,,,,,65,56,70,63,43,65,58,30,55,66,80,78,77,61,70,65,80,86,75,49,80,65,66,50,55,52,71,61,54
G. Honeyman,George Honeyman,9/8/1994,24,172.72,72.1,"CAM,CM",England,67,74,1100000,5000,Right,1,3,3,Normal,2100000,,,,,61,66,48,66,50,73,57,58,62,69,71,74,62,62,66,64,55,72,63,47,72,46,59,66,64,65,66,68,66
J. McCarthy,Jason McCarthy,11/7/1995,23,185.42,79.8,RB,England,67,74,900000,3000,Right,1,3,2,Lean,1800000,,,,,61,47,60,62,37,62,50,37,58,61,74,75,60,61,63,60,78,85,76,45,68,62,56,57,50,58,64,64,63
J. Valencia,Juan David Valencia Hinestroza,1/15/1986,33,182.88,77.1,"LB,LM",Colombia,67,67,425000,2000,Left,1,4,3,Normal,595000,,,,,68,45,53,61,32,66,66,72,65,65,72,75,66,67,67,73,69,63,73,70,59,71,70,58,31,61,64,67,64
M. Mouandilmadji,Marius Mouandilmadji,1/22/1998,21,182.88,74.8,ST,Chad,67,78,1300000,4000,Right,1,3,3,Normal,2900000,,,,,35,69,68,57,65,62,47,34,36,58,74,73,69,63,55,71,73,59,68,58,46,16,67,57,62,53,15,16,22
K. Ota,太田 宏介,7/23/1987,31,152.4,78,"LB,LWB",Japan,67,67,550000,4000,Left,1,2,3,Lean,688000,,,,,75,48,48,70,56,70,79,74,71,67,74,71,72,60,70,68,64,70,68,56,63,66,62,67,63,66,58,64,62
K. Pusch,Kolja Pusch,2/12/1993,26,154.94,76.2,"CAM,ST,CM",Germany,67,70,950000,5000,Left,1,3,2,Lean,,,,,,45,61,56,70,71,61,65,62,62,69,67,68,74,68,71,58,71,78,66,59,51,60,63,67,56,62,52,57,48
Hwang Ki Wook,황기욱 黄起旭,6/10/1996,22,185.42,77.1,"CM,CDM",Korea Republic,67,74,1100000,3000,Right,1,2,2,Normal,1500000,,,,,35,39,58,70,20,62,22,21,67,65,59,61,48,67,57,64,69,75,74,66,67,62,59,68,33,54,57,66,64
José Juan,José Juan Figueiras García,1/25/1979,40,182.88,82.1,GK,Spain,67,67,50000,1000,Left,1,2,1,Normal,78000,,,,,20,11,15,43,14,21,11,11,46,25,46,55,59,65,48,25,71,42,62,20,34,17,12,33,15,49,15,11,12
J. Harvey,Jordan Harvey,1/28/1984,35,154.94,79.8,LB,United States,67,67,220000,3000,Left,1,3,2,Normal,330000,,,,,62,55,54,64,40,57,65,39,55,62,61,65,68,65,66,53,66,82,71,59,61,69,55,52,49,60,63,67,67
Bruno Costa,Bruno Xavier Almeida Costa,4/19/1997,21,175.26,66.2,CM,Portugal,67,77,1200000,3000,Right,1,3,3,Normal,2700000,,,,,63,58,46,73,55,71,67,55,71,73,74,65,75,59,77,65,60,54,49,66,64,45,62,67,57,63,55,48,49
G. Itter,Gian-Luca Itter,1/5/1999,20,185.42,72.1,LB,Germany,67,84,1500000,5000,Left,1,2,3,Lean,3400000,,,,,68,40,65,69,31,70,63,49,63,68,70,68,67,60,62,63,69,67,58,37,58,64,57,49,41,58,67,68,64
S. Cosgrove,Sam Cosgrove,12/2/1996,22,187.96,82.1,ST,England,67,74,1100000,3000,Right,1,3,2,Lean,2100000,,,,,31,69,78,56,52,60,42,38,54,61,62,68,62,51,60,75,85,65,87,51,83,14,64,47,60,65,21,30,29
J. Monreal,Josepablo Monreal,4/1/1996,22,190.5,76.2,ST,Chile,67,76,1200000,1000,Right,1,3,3,Normal,1800000,,,,,39,69,68,64,45,66,29,26,61,67,64,63,64,54,50,68,72,69,73,62,53,32,67,49,56,63,33,27,25
Dani Martín,Daniel Martín Fernández,7/8/1998,20,185.42,76.2,GK,Spain,67,79,1000000,1000,Right,1,3,1,Lean,1900000,,,,,15,13,13,28,14,12,16,13,26,15,48,46,40,63,43,21,61,30,66,11,22,15,9,32,20,46,12,14,11
N. Solís,Nazareno Damián Solís,4/22/1994,24,170.18,69.9,"LM,LW,RM",Argentina,67,73,1000000,7000,Left,1,3,3,Normal,,,,,,66,66,40,63,62,73,56,55,46,67,83,81,88,66,89,64,62,48,39,59,31,18,60,63,48,56,30,36,38
João Silva,João Pedro Pereira Silva,5/21/1990,28,187.96,78.9,ST,Portugal,67,67,800000,5000,Right,1,2,2,Normal,1700000,,,,,34,67,68,40,70,62,38,30,33,70,64,65,59,65,59,70,77,72,68,65,67,11,66,46,65,67,15,20,16
E. Mosquera,Elvis David Mosquera Valdés,1/22/1991,28,182.88,77.1,LB,Colombia,67,67,625000,1000,Left,1,3,2,Normal,844000,,,,,71,36,69,56,34,57,59,34,55,58,68,72,58,60,57,59,74,78,75,47,60,65,51,57,49,59,61,67,68
M. Diagne,Modou Diagne,1/3/1994,25,187.96,73.9,CB,Senegal,67,74,925000,2000,Right,1,2,2,Lean,1800000,,,,,40,23,66,60,33,36,35,31,52,55,69,75,61,56,51,44,82,70,75,27,67,65,22,29,33,61,65,68,63
T. Kløve,Troels Kløve Hallstrom,10/23/1990,28,152.4,76.2,"LM,CM,RM",Denmark,67,67,800000,5000,Right,1,3,3,Normal,1000000,,,,,57,61,45,64,51,69,54,60,59,69,80,76,77,70,84,61,42,80,50,60,43,53,50,67,47,69,58,60,45
J. Whatmough,Jack Whatmough,6/24/1996,22,190.5,78,CB,England,67,80,1300000,4000,Right,1,3,2,Normal,3100000,,,,,27,24,65,57,24,41,26,27,63,56,67,69,68,61,55,34,80,72,78,26,64,62,22,50,25,66,67,69,65
Sin Se Gye,신세계 申西桂,9/16/1990,28,152.4,73,"RB,CDM",Korea Republic,67,67,625000,3000,Right,1,3,2,Normal,781000,,,,,68,53,53,66,52,58,56,50,69,61,78,88,82,64,79,65,69,72,69,63,70,64,71,67,41,60,56,64,62
H. Hansson,Hallur Hansson,7/8/1992,26,182.88,77.1,"LM,ST,CM",Faroe Islands,67,68,900000,4000,Right,1,3,3,Normal,1200000,,,,,59,60,45,66,59,65,64,60,61,65,76,76,76,62,81,72,55,85,62,65,80,46,68,65,54,65,41,40,38
L. Schweers,Lion Schweers,4/1/1996,22,187.96,88.9,CB,Germany,67,73,900000,2000,Right,1,2,2,Normal,1500000,,,,,32,27,67,53,27,34,27,30,54,50,58,61,39,63,48,43,67,62,81,28,67,63,25,46,38,64,62,69,64
R. Arias,Ramon Ginés Arias Quinteros,7/27/1992,26,154.94,83.9,CB,Uruguay,67,68,750000,8000,Right,1,3,2,Normal,1300000,,,,,23,20,66,49,29,45,34,26,35,52,50,61,61,61,61,41,82,62,75,21,71,63,25,35,46,49,64,68,65
A. Mbekile,Asavela Mbekile,11/1/1986,32,172.72,72.1,"RB,CDM,CM",South Africa,67,67,500000,1000,Right,1,3,3,Normal,1100000,,,,,63,29,60,64,41,66,51,53,66,68,68,66,55,58,71,59,61,72,60,54,50,61,51,45,48,66,69,67,69
R. Weil,Richard Weil,2/6/1988,31,182.88,81.2,"CB,RB,CDM",Germany,67,67,575000,5000,Right,1,4,2,Normal,891000,,,,,59,38,62,67,28,56,26,32,56,65,62,55,62,66,67,58,90,70,79,39,69,66,39,58,63,67,62,63,63
M. Vilotić,Milan Vilotić,10/21/1986,32,190.5,83.9,CB,Serbia,67,67,525000,5000,Right,1,3,2,Normal,761000,,,,,43,38,75,58,35,53,34,42,59,57,43,50,55,54,62,62,65,64,77,52,59,63,39,41,61,66,67,69,67
H. Stengel,Herman Sørby Stengel,8/26/1995,23,154.94,73.9,"CM,CDM",Norway,67,75,1100000,2000,Right,1,4,3,Normal,1600000,,,,,64,57,45,68,47,67,70,70,64,68,68,52,71,66,75,68,57,77,69,64,72,64,63,67,65,68,55,62,47
J. Burić,Jasmin Burić,2/18/1987,32,193.04,79.8,GK,Bosnia Herzegovina,67,67,475000,3000,Right,1,2,1,Lean,641000,,,,,11,13,14,23,15,11,13,18,24,22,30,30,46,73,46,12,67,32,59,13,26,21,15,43,15,57,19,12,13
Gonçalo Cardoso,Gonçalo Bento Soares Cardoso,10/21/2000,18,187.96,83,CB,Portugal,67,79,1000000,1000,Left,1,3,2,Lean,2400000,,,,,25,24,66,55,28,44,30,31,36,52,52,53,47,62,46,41,71,61,79,28,73,61,29,28,40,63,64,69,66
T. Casasola,Tiago Casasola,8/11/1995,23,187.96,83.9,"RM,RB,CB",Argentina,67,75,1100000,12000,Right,1,3,2,Normal,,,,,,69,50,66,68,35,66,31,34,65,68,68,67,61,58,50,42,74,75,82,38,70,64,63,66,47,62,62,70,73
Joan Román,Joan Ángel  Román i Ollè,5/18/1993,25,175.26,69.9,"LM,RM,CF",Spain,67,70,950000,2000,Right,1,2,3,Normal,1400000,,,,,59,58,46,68,46,66,62,59,63,68,78,76,78,65,81,62,63,66,52,59,44,51,58,68,55,63,45,48,45
A. Halliday,Andrew Halliday,10/18/1991,27,172.72,67.1,"LB,CDM,CM",Scotland,67,68,725000,15000,Left,1,3,3,Lean,1400000,,,,,63,57,54,71,43,63,54,58,68,65,70,75,75,57,78,59,70,86,68,67,77,59,54,59,63,65,57,68,67
Gonzalo Verdú,Gonzalo Cacicedo Verdú,10/21/1988,30,185.42,79.8,"CB,CDM",Spain,67,67,600000,3000,Right,1,3,2,Normal,930000,,,,,38,45,64,61,38,51,48,49,55,59,57,63,62,62,58,58,72,70,79,49,64,65,39,55,58,56,72,66,58
M. Polster,Matt Polster,6/8/1993,25,182.88,77.1,"RB,CDM",United States,67,72,850000,14000,Right,1,2,3,Normal,1600000,,,,,58,48,62,69,34,67,63,38,66,66,50,62,50,61,52,49,67,90,75,49,78,70,49,66,39,62,66,66,64
G. Dobson,George Dobson,11/15/1997,21,185.42,74.8,CM,England,67,75,1100000,2000,Right,1,3,3,Normal,2200000,,,,,57,50,60,66,43,63,60,56,67,65,65,69,69,64,74,65,69,88,73,52,77,63,58,69,51,70,63,64,62
L. Hyam,Luke Hyam,10/24/1991,27,152.4,72.1,CM,England,67,68,875000,4000,Right,1,3,3,Normal,1600000,,,,,56,51,66,68,40,63,56,55,65,67,75,74,75,69,77,53,73,82,76,50,86,70,55,63,59,60,68,71,70
G. McCleary,Garath McCleary,5/15/1987,31,182.88,76.2,"RM,RW",Jamaica,67,67,675000,11000,Right,1,3,3,Normal,1300000,,,,,63,63,55,63,70,69,68,63,55,68,77,74,67,66,66,78,73,52,70,69,55,38,63,66,67,59,48,50,43
L. Camp,Lee Camp,8/22/1984,34,182.88,73.9,GK,Northern Ireland,67,67,375000,7000,Right,1,3,1,Normal,713000,,,,,13,17,14,25,14,14,16,17,31,22,35,40,62,67,65,22,73,38,70,12,23,25,14,36,20,63,10,12,12
N. Lozano,Neyder Lozano,3/4/1994,25,185.42,77.1,CB,Colombia,67,74,925000,2000,Left,1,3,2,Stocky,1600000,,,,,29,38,65,58,36,51,29,35,55,59,66,74,59,58,61,57,73,66,88,36,70,61,38,45,46,54,63,66,64
K. Karami,Khalid Karami,12/29/1989,29,154.94,73,RB,Morocco,67,67,600000,5000,Right,1,4,3,Lean,,,,,,67,52,51,53,38,70,46,31,58,63,76,76,73,63,74,57,62,71,64,46,72,70,58,52,41,68,68,68,64
D. Thomalla,Denis Thomalla,8/16/1992,26,185.42,74.8,"ST,LM",Germany,67,69,950000,5000,Right,1,3,3,Lean,1600000,,,,,56,68,61,62,66,65,58,57,48,66,68,71,69,68,62,68,52,70,62,58,53,32,68,53,58,58,24,27,30
N. Marsman,Nick Marsman,10/1/1990,28,187.96,88,GK,Netherlands,67,68,600000,5000,Right,1,3,1,Normal,945000,,,,,19,13,11,50,16,11,19,20,22,23,36,41,41,63,38,11,61,30,55,11,28,12,10,58,24,50,15,17,19
D. Srbeny,Dennis Srbeny,5/5/1994,24,190.5,83,ST,Germany,67,71,1000000,9000,Right,1,3,3,Lean,2000000,,,,,49,68,64,64,54,64,25,27,43,66,72,69,64,65,46,63,77,68,78,47,58,30,71,64,59,62,26,28,26
C. Del Grosso,Cristiano Del Grosso,3/24/1983,35,170.18,66.2,"LB,LM",Italy,67,67,160000,1000,Left,1,2,2,Normal,248000,,,,,73,38,56,67,33,61,65,55,68,66,76,69,73,68,77,63,65,48,56,51,68,64,61,48,42,59,65,65,71
L. Geminiani,Lautaro Dante Geminiani,3/2/1991,28,152.4,73.9,"RB,LB",Argentina,67,68,700000,5000,Right,1,3,2,Normal,1100000,,,,,70,30,54,59,28,71,39,22,55,61,73,77,70,59,64,38,58,70,63,30,72,68,57,39,27,53,59,66,67
S. Rapp,Simone Rapp,10/1/1992,26,193.04,81.2,ST,Switzerland,67,70,975000,6000,Right,1,3,3,Normal,1500000,,,,,60,66,68,45,59,64,59,41,40,64,80,64,65,68,57,68,81,73,81,45,55,19,70,66,56,63,35,28,31
J. Hergault,Jérôme Hergault,4/5/1986,32,185.42,79.8,"RB,LB",France,67,67,425000,3000,Right,1,3,3,Normal,744000,,,,,69,40,50,67,28,68,69,48,63,67,55,67,69,64,64,50,43,82,70,50,59,69,55,69,42,63,60,66,65
A. Miljković,Aleksandar Miljković,2/26/1990,29,182.88,74.8,"RB,CB,RM",Serbia,67,67,600000,2000,Right,1,3,2,Normal,810000,,,,,62,44,64,58,44,66,46,36,56,62,70,75,64,65,62,61,72,75,73,48,67,64,51,55,40,57,61,70,69
L. Díaz,Leandro Nicolás Díaz,6/6/1992,26,182.88,78,ST,Argentina,67,70,975000,5000,Right,1,2,3,Normal,1500000,,,,,41,68,68,61,48,65,72,43,42,66,71,62,65,57,53,71,64,68,75,62,43,13,67,45,71,52,25,23,16
A. Chermiti,Mohamed Amine Chermiti,12/26/1987,31,152.4,72.1,"ST,LM",Tunisia,67,67,725000,8000,Left,1,3,4,Lean,1200000,,,,,55,65,58,61,68,70,66,66,49,70,75,78,81,61,76,67,56,61,59,61,67,41,71,63,67,68,38,31,37
F. N'Goma,Ferris N'Goma,6/15/1993,25,175.26,68.9,"LM,CM,RM",France,67,70,950000,3000,Right,1,3,3,Lean,1800000,,,,,60,62,43,66,69,69,52,61,63,64,80,81,74,56,73,70,63,72,51,68,43,54,68,60,63,62,55,52,41
A. Fuchs,Alexander Fuchs,1/5/1997,22,182.88,73.9,"CM,CAM",Germany,67,76,1200000,6000,Right,1,3,3,Lean,2300000,,,,,53,49,51,69,38,68,63,42,64,70,67,53,67,68,68,53,70,78,64,52,49,60,53,68,45,49,59,54,52
M. Bostwick,Michael Bostwick,5/17/1988,30,193.04,88.9,CB,England,67,67,575000,6000,Right,1,3,2,Stocky,1000000,,,,,41,49,68,55,41,46,41,63,52,50,55,48,48,63,33,74,60,85,89,68,90,63,52,42,58,61,61,64,62
L. Wing,Lewis Wing,5/23/1995,23,154.94,74.8,"CM,CAM",England,67,74,1100000,15000,Right,1,3,3,Lean,2200000,,,,,59,54,45,68,44,66,58,50,64,69,69,66,69,66,74,72,67,69,65,62,60,52,60,73,45,66,46,56,48
M. Djetei,Mohamed Djetei,8/18/1994,24,185.42,74.8,CB,Cameroon,67,74,925000,3000,Right,1,3,2,Lean,1600000,,,,,35,29,59,63,35,45,54,33,58,52,68,70,68,59,65,48,82,68,80,35,63,64,33,37,43,57,67,65,66
S. Muroya,室屋 成,4/5/1994,24,175.26,68,"RB,RWB",Japan,67,71,825000,3000,Right,1,4,2,Lean,1100000,,,,,69,57,45,64,25,54,47,33,63,61,79,78,70,61,75,66,60,80,62,59,65,60,59,40,37,52,61,67,63
M. Steinmann,Matti Steinmann,1/8/1995,24,187.96,78.9,"CDM,CM",Germany,66,73,775000,4000,Right,1,4,2,Lean,,,,,,48,42,61,72,48,59,56,50,69,68,51,51,56,62,50,58,54,68,70,42,51,63,49,65,54,66,64,62,63
J. Correa,José Érik Correa Villero,7/20/1992,26,185.42,79.8,ST,Colombia,66,69,825000,1000,Left,1,3,3,Stocky,1200000,,,,,27,63,66,53,63,64,54,50,40,67,76,69,69,60,51,68,84,59,85,52,76,21,64,37,68,65,41,22,20
J. Naismith,Jason Naismith,6/25/1994,24,187.96,83,RB,Scotland,66,72,750000,3000,Right,1,3,2,Normal,1500000,,,,,64,45,62,60,13,62,56,29,59,61,80,79,63,56,58,65,75,82,79,40,72,59,56,58,44,53,54,66,63
K. Opseth,Kristian Fardal Opseth,1/6/1990,29,187.96,89.8,ST,Norway,66,66,675000,5000,Left,1,4,2,Normal,1300000,,,,,59,67,64,59,51,58,65,70,42,62,67,66,56,57,55,75,72,59,83,66,52,16,64,49,59,49,30,21,12
K. Engel,Konstantin Engel,7/27/1988,30,152.4,78.9,"LB,RB,CB",Kazakhstan,66,66,475000,2000,Right,1,3,2,Normal,689000,,,,,59,30,71,64,42,55,48,41,57,63,67,64,69,64,75,55,79,75,68,37,57,68,52,53,43,70,62,64,66
F. Ahmadzadeh,Farshad Ahmadzadeh,9/23/1992,26,175.26,69.9,RM,Iran,66,67,775000,3000,Left,1,3,4,Normal,1100000,,,,,61,67,55,62,61,65,58,43,47,69,80,84,74,57,71,76,49,78,48,61,41,24,61,55,60,55,51,28,23
P. Strand,Petter  Strand,8/24/1994,24,175.26,71.2,"LW,RW,CM,RB",Norway,66,72,875000,2000,Right,1,3,3,Lean,1300000,,,,,64,56,48,64,59,66,67,68,61,63,90,85,87,58,70,71,72,92,64,64,62,64,58,59,56,60,56,60,58
U. Bangura,Umaru Bangura,10/7/1987,31,154.94,74.8,CB,Sierra Leone,66,66,475000,4000,Right,1,3,2,Normal,689000,,,,,50,38,59,63,49,55,46,49,61,54,77,75,71,65,70,57,83,81,77,59,69,62,53,59,51,68,60,65,63
S. Ahannach,Soufyan Ahannach,9/9/1995,23,172.72,66.2,LM,Netherlands,66,74,950000,11000,Left,1,3,3,Lean,2000000,,,,,63,65,51,62,54,71,57,60,55,73,73,71,72,54,79,60,45,54,60,64,41,28,60,67,52,57,35,42,40
K. Jóźwiak,Kamil Jóźwiak,4/22/1998,20,175.26,69.9,"LM,RM",Poland,66,84,1400000,2000,Right,1,3,3,Stocky,2800000,,,,,62,56,41,61,49,64,49,34,57,64,86,92,75,59,75,61,53,70,70,41,62,31,61,61,52,64,47,37,35
B. Straalman,Bart Straalman,8/22/1996,22,193.04,73.9,"CB,RB",Netherlands,66,72,750000,2000,Right,1,2,2,Lean,1200000,,,,,56,23,60,58,31,52,46,29,59,55,52,66,49,55,38,36,65,71,73,30,64,66,39,33,31,58,64,68,65
H. Çinemre,Hakan Çinemre,2/13/1994,25,182.88,77.1,CB,Turkey,66,73,775000,6000,Right,1,2,2,Normal,1700000,,,,,27,24,64,61,33,41,29,28,52,42,69,69,65,64,60,46,74,59,72,27,78,62,25,31,45,52,63,68,59
C. Rivas,Carlos Rivas,4/15/1994,24,172.72,91.2,"ST,LW",Colombia,66,73,925000,2000,Left,1,2,2,Stocky,1500000,,,,,68,61,61,60,64,64,73,59,56,61,76,81,72,60,68,80,54,74,76,59,57,29,59,61,58,60,20,17,19
Neto Borges,Vivaldo Neto,9/13/1996,22,182.88,84.8,LB,Brazil,66,73,775000,3000,Left,1,3,3,Normal,1300000,,,,,64,48,58,64,38,68,46,30,59,66,72,74,70,67,68,54,60,76,73,50,64,62,66,66,32,67,63,63,61
Lucas,Lucas Alves de Araujo,7/22/1992,26,193.04,88.9,CB,Brazil,66,70,700000,4000,Right,1,3,2,Normal,1100000,,,,,25,23,70,45,32,25,33,25,40,52,50,55,42,46,38,40,75,68,82,24,52,64,30,31,37,58,64,72,64
D. Bakker,Danny Bakker,1/16/1995,24,152.4,69.9,"CDM,CM",Netherlands,66,70,700000,2000,Left,1,3,2,Normal,1100000,,,,,58,49,62,67,51,66,56,60,62,60,64,53,69,65,65,70,87,76,62,58,77,64,56,63,47,67,67,63,64
L. Burliga,Łukasz Burliga,5/10/1988,30,185.42,81.2,RB,Poland,66,66,475000,2000,Right,1,3,2,Lean,641000,,,,,62,60,48,62,43,58,59,44,57,62,70,76,72,62,63,52,71,75,82,50,91,70,63,55,53,61,63,66,63
E. Ibargüen,Edis Ibargüen,11/22/1991,27,182.88,77.1,"ST,RW",Colombia,66,67,775000,1000,Right,1,3,2,Lean,1100000,,,,,61,64,73,59,57,72,49,21,43,62,68,78,65,60,50,62,68,81,79,51,54,19,63,55,57,61,18,22,17
J. Emmanuel,Joshua Emmanuel,8/18/1997,21,154.94,69.9,RB,England,66,74,825000,2000,Right,1,3,3,Normal,1700000,,,,,63,30,62,64,29,65,47,28,60,63,77,80,71,58,69,52,65,78,79,33,68,62,53,59,32,60,60,64,63
M. Ajani,Marvin Ajani,10/4/1993,25,187.96,86.2,"RM,RB",Germany,66,69,825000,1000,Right,1,4,3,Normal,1300000,,,,,64,57,57,61,37,66,57,47,52,60,80,88,67,64,57,66,53,78,75,53,73,49,63,57,45,62,53,54,54
K. Paal,Kenneth Paal,6/24/1997,21,152.4,69.9,LB,Netherlands,66,73,775000,3000,Left,1,3,3,Normal,,,,,,63,47,60,66,58,72,67,50,61,70,78,79,74,64,80,62,77,59,66,50,67,68,65,68,45,70,60,62,61
F. Lohkemper,Felix Lohkemper,1/26/1995,24,154.94,76.2,"ST,LW",Germany,66,73,925000,4000,Right,1,3,3,Normal,1600000,,,,,53,60,58,62,60,69,57,40,41,66,79,86,70,62,71,66,84,67,63,52,41,27,68,49,58,56,29,24,20
H. Taniguchi,谷口 博之,6/27/1985,33,182.88,73,CB,Japan,66,66,260000,2000,Right,1,3,2,Lean,325000,,,,,54,62,64,67,65,62,55,60,64,69,55,54,68,56,61,64,74,57,70,55,70,61,58,65,54,60,63,65,63
Valverde,Carlos Valverde Doblado,2/19/1985,34,175.26,67.1,RM,Spain,66,66,400000,2000,Right,1,3,3,Normal,620000,,,,,66,60,32,63,54,67,62,50,60,65,79,81,66,61,60,61,64,62,39,60,53,24,63,50,50,58,18,25,15
N. Maynard,Nicky Maynard,12/11/1986,32,154.94,69.9,ST,England,66,66,575000,5000,Right,1,3,2,Normal,1000000,,,,,55,67,62,61,67,62,70,63,52,65,64,63,77,67,67,66,73,68,66,65,61,34,67,65,63,70,21,20,31
A. Witry,Aslak Fonn Witry,3/10/1996,22,152.4,76.2,RB,Norway,66,71,725000,2000,Right,1,2,2,Lean,961000,,,,,63,27,41,57,32,61,61,62,51,58,76,76,68,61,75,61,64,79,60,48,62,65,44,49,43,52,59,68,65
S. Diaz,Sebastián Díaz Aracena,2/23/1996,23,175.26,78,"CDM,CM",Chile,66,74,825000,1000,Left,1,3,2,Normal,1300000,,,,,51,41,58,70,39,48,46,41,63,61,65,57,62,61,69,59,70,73,72,44,71,70,43,51,47,53,69,61,49
Josimar Feijoo,Josimar Milton Feijoo Chissano,2/29/1992,27,172.72,71.2,CDM,Brazil,66,66,550000,5000,Right,1,2,2,Stocky,1000000,,,,,68,44,55,50,57,48,50,36,62,56,72,62,61,76,73,69,81,86,71,50,77,72,47,42,50,55,63,68,65
Y. Tafer,Yannis Tafer,2/11/1991,28,154.94,67.1,"RW,RM,CAM,ST",Algeria,66,66,675000,5000,Left,1,4,3,Lean,979000,,,,,65,62,52,64,58,68,70,67,58,65,74,79,72,63,72,67,62,64,56,60,44,47,65,64,65,60,41,33,25
D. Saddiki,Dries Saddiki,8/9/1996,22,152.4,77.1,"CDM,CM",Netherlands,66,73,775000,2000,Right,1,3,2,Normal,1300000,,,,,56,50,58,68,46,61,50,55,66,62,55,67,55,64,66,61,64,71,63,60,65,66,47,61,46,64,64,66,62
S. van den Berg,Sepp van den Berg,12/20/2001,17,187.96,78,CB,Netherlands,66,84,1100000,1000,Right,1,3,2,Lean,2400000,,,,,37,24,61,66,27,63,34,26,62,68,69,69,52,64,52,45,66,65,68,23,64,66,48,60,40,64,65,67,59
M. Boyle,Martin Boyle,4/25/1993,25,152.4,69.9,"RM,RWB,ST",Australia,66,69,800000,2000,Right,1,3,3,Lean,1500000,,,,,55,62,56,61,49,65,44,30,49,66,93,93,71,60,56,62,73,64,60,58,36,13,61,58,70,52,39,35,37
T. Chong,Tahith Chong,12/4/1999,19,182.88,69.9,"RW,LW",Netherlands,66,85,1300000,15000,Left,1,4,4,Lean,3300000,,,,,66,61,46,62,59,68,67,62,58,61,78,79,76,53,54,62,60,63,64,62,65,42,66,65,44,60,43,46,42
A. Murillo,Andrés Murillo,1/4/1996,23,182.88,74.8,CB,Colombia,66,73,775000,1000,Left,1,2,2,Lean,1200000,,,,,39,33,67,56,33,30,39,40,50,50,54,55,64,57,59,54,71,66,79,42,58,74,22,30,47,68,57,66,63
A. Jaakkola,Anssi Jaakkola,3/13/1987,31,193.04,88,GK,Finland,66,66,400000,7000,Right,1,1,1,Normal,760000,Finland,70,SUB,20,15,12,10,49,12,11,12,13,45,12,58,59,55,54,30,26,74,19,66,14,41,30,12,55,13,37,15,14,11
K. Larsen,Kristoffer  Knudsen Larsen,1/19/1992,27,182.88,73.9,"LM,RM",Norway,66,66,700000,2000,Right,1,4,3,Lean,875000,,,,,63,61,51,61,62,72,56,63,41,66,76,69,79,61,77,66,54,75,61,61,38,33,64,58,31,67,45,27,25
D. Acosta,Danilo Acosta,11/17/1997,21,154.94,77.1,"LB,RB",United States,66,79,1100000,2000,Left,1,3,3,Lean,,,,,,61,39,58,69,49,65,60,66,58,63,72,77,67,55,63,63,69,74,68,54,70,65,59,51,61,57,65,66,62
Y. Regäsel,Yanni Regäsel,1/13/1996,23,175.26,72.1,"RB,RWB",Germany,66,73,750000,2000,Right,1,3,3,Lean,1400000,,,,,65,31,48,66,26,65,51,31,56,68,71,72,73,62,75,51,63,69,62,30,72,63,52,49,39,56,62,67,67
B. Alnwick,Ben Alnwick,1/1/1987,32,182.88,79.8,GK,England,66,66,400000,3000,Right,1,3,1,Normal,740000,,,,,13,13,14,12,13,12,13,13,15,18,34,46,53,66,41,11,63,31,67,12,34,17,9,33,14,47,13,12,11
G. Korte,Giovanni Korte,8/1/1993,25,170.18,71.2,"RM,LM",Netherlands,66,67,775000,3000,Right,1,3,3,Normal,1200000,,,,,56,63,35,60,59,69,52,40,51,70,84,85,76,58,82,62,58,64,55,62,71,33,63,56,62,60,42,35,23
T. Teniste,Taijo Teniste,1/31/1988,31,172.72,64.9,"RB,RWB",Estonia,66,66,475000,2000,Right,1,3,2,Lean,594000,,,,,64,38,55,62,46,63,51,43,59,64,75,77,75,62,84,62,80,80,59,49,67,60,61,58,41,57,62,64,61
T. Andreu,Tony Andreu,5/22/1988,30,152.4,73,CAM,France,66,66,600000,4000,Right,1,4,3,Normal,,,,,,63,64,61,68,65,66,62,64,65,65,59,60,65,62,73,68,60,64,65,64,59,56,66,68,59,68,46,56,46
A. Martínez,Ariel Elías Martínez Arce,1/10/1994,25,175.26,68.9,"LM,CAM",Chile,66,68,800000,2000,Right,1,4,3,Lean,1100000,,,,,52,61,53,66,32,72,50,59,62,71,68,68,74,57,72,70,70,72,70,66,47,42,56,64,53,57,39,36,43
M. Kennedy,Matthew Kennedy,11/1/1994,24,175.26,64.9,"LM,RM,ST",Scotland,66,72,875000,2000,Right,1,2,3,Normal,1700000,,,,,66,64,45,60,40,67,67,44,53,66,86,82,71,56,82,63,75,66,62,50,57,47,53,61,63,64,43,52,50
F. El Mellali,Farid El Mellali,5/5/1997,21,167.64,59.9,"RW,ST",Algeria,66,74,950000,6000,Right,1,3,3,Normal,2100000,,,,,63,69,41,63,53,78,49,43,54,67,73,72,64,51,90,55,41,45,37,45,30,18,61,63,66,55,25,33,34
S. Moharrami,Sadegh Moharrami,3/1/1996,23,175.26,71.2,RB,Iran,66,71,725000,1000,Right,1,3,3,Normal,1600000,,,,,61,28,58,59,21,65,29,27,41,66,83,82,73,65,80,34,59,69,39,29,49,66,33,32,38,55,58,63,61
S. Stolze,Sebastian Stolze,1/29/1995,24,182.88,69.9,"RM,CAM",Germany,66,72,875000,3000,Right,1,3,3,Lean,1500000,,,,,56,65,55,63,61,73,57,39,47,70,77,78,78,59,71,55,67,61,52,62,39,19,63,53,57,54,36,23,22
R. Åhman Persson,Robert Åhman Persson,3/26/1987,31,187.96,83.9,"CDM,CM,CB",Sweden,66,66,425000,1000,Left,1,3,2,Normal,531000,,,,,50,36,62,66,53,52,59,58,65,62,33,38,43,65,49,70,54,70,78,60,83,63,60,62,47,68,63,65,54
D. Cole,Devante Cole,5/10/1995,23,185.42,73,"ST,LW",England,66,72,900000,14000,Right,1,3,2,Lean,1900000,,,,,31,65,54,58,57,63,49,30,33,61,90,94,78,61,59,64,70,69,65,61,28,23,64,57,55,56,22,23,15
J. Levi,Jonathan Levi,1/23/1996,23,185.42,74.8,"RW,RM",Sweden,66,72,875000,2000,Left,1,3,3,Lean,,,,,,65,68,48,59,61,69,68,69,54,70,76,78,68,54,58,66,53,61,59,69,32,15,56,61,60,53,52,23,25
J. Laursen,Jacob Barrett Laursen,11/17/1994,24,154.94,76.2,LWB,Denmark,66,73,750000,3000,Left,1,3,3,Lean,1100000,,,,,63,42,48,64,30,66,45,37,58,68,74,76,76,55,69,46,67,76,72,36,62,58,68,54,40,50,65,65,63
João Pedro,João Pedro Almeida Machado,4/3/1993,25,152.4,68.9,"CM,CDM",Portugal,66,69,800000,3000,Right,1,3,3,Lean,,,,,,54,58,62,68,55,65,50,40,67,68,66,70,74,61,69,77,73,73,68,68,73,65,59,61,55,64,63,65,62
S. Horvath,Sascha Horvath,8/22/1996,22,165.1,67.1,"RM,CAM,LM",Austria,66,71,875000,4000,Right,1,4,3,Lean,,,,,,63,63,41,62,54,69,61,51,63,72,77,70,90,58,95,59,82,67,32,60,60,52,56,58,53,58,49,52,50
K. Igboananike,Kennedy Igboananike,2/26/1989,30,175.26,69.9,ST,Nigeria,66,66,650000,5000,Right,1,4,3,Normal,1100000,,,,,40,66,58,59,63,66,53,25,36,63,88,90,90,60,79,67,88,73,60,60,58,24,63,48,69,56,28,23,26
Tiago Marques,Tiago Marques Rezende,3/3/1988,31,193.04,78,ST,Brazil,66,66,625000,2000,Right,1,5,2,Normal,781000,,,,,28,67,60,41,52,62,31,31,33,62,68,73,67,65,61,61,68,72,75,60,34,13,76,43,61,57,25,16,19
F. Diarra,Fantamady Diarra,2/11/1992,27,175.26,69.9,ST,Mali,66,67,775000,2000,Right,1,3,2,Normal,1400000,,,,,55,70,59,58,66,64,59,61,43,62,75,78,81,60,74,67,72,71,72,64,62,41,62,49,63,60,41,24,25
G. Rodríguez,Gonzalo Emanuel Rodríguez,9/18/1990,28,152.4,68.9,"RW,ST,RM",Argentina,66,66,675000,4000,Right,1,3,3,Normal,979000,,,,,60,63,42,64,55,70,40,38,35,67,71,72,67,66,69,67,37,76,51,55,34,15,67,58,48,65,40,24,27
L. Argudo,Luis Argudo,12/13/1995,23,175.26,68,"LM,CAM,RM,CDM",United States,66,73,900000,2000,Right,1,4,3,Normal,1500000,,,,,62,55,44,67,50,65,66,64,58,66,71,75,75,63,82,62,62,69,59,51,58,58,64,62,60,65,60,52,52
M. Angha,Martin Angha,1/22/1994,25,187.96,78.9,"CB,LB,RB",Switzerland,66,72,750000,7000,Right,1,3,2,Normal,1200000,,,,,65,30,67,62,33,62,55,33,52,66,70,72,66,58,51,45,74,76,82,36,66,55,54,35,38,64,65,64,64
R. Clark,Ricardo  Clark,2/10/1983,36,152.4,74.8,"CDM,CM",United States,66,66,150000,2000,Right,2,3,2,Lean,225000,,,,,49,57,69,70,59,60,55,48,60,65,61,67,63,63,68,77,74,73,72,62,75,62,63,57,63,68,66,64,63
O. Ribera,Oscar Ribera,2/11/1992,27,175.26,69.9,RB,Bolivia,66,67,,,Right,1,2,2,Lean,,,,,,62,30,48,66,27,60,29,30,63,62,69,73,65,54,75,46,58,81,47,22,57,67,42,39,44,51,63,66,64
F. Cosenza,Francesco Cosenza,2/5/1986,33,187.96,87.1,CB,Italy,66,66,375000,1000,Right,1,2,2,Normal,581000,,,,,25,26,60,44,24,35,11,23,44,45,49,50,32,60,38,56,82,67,90,38,70,62,20,28,27,69,72,66,54
F. Del Sole,Ferdinando Del Sole,1/17/1998,21,152.4,68,RW,Italy,66,76,1000000,19000,Left,1,3,3,Lean,,,,,,64,56,33,68,41,72,68,66,60,72,72,68,70,57,48,65,47,53,32,70,32,47,61,64,41,57,41,36,14
A. Dembélé,Alliou Dembélé,2/1/1988,31,167.64,64.9,"CM,CDM",France,66,66,600000,2000,Right,1,2,3,Normal,1100000,,,,,54,57,56,67,48,72,53,51,61,66,80,77,91,66,91,52,68,90,68,50,84,68,53,60,40,72,34,70,57
M. Solís,Miguel Ángel Solís Lerma,4/7/1983,35,185.42,83,GK,Colombia,66,66,150000,1000,Right,1,2,1,Normal,210000,,,,,10,5,13,27,9,13,14,11,17,17,26,40,29,67,48,21,62,28,59,8,21,6,8,27,15,40,15,12,12
D. Barinov,Dmitriy Barinov,9/11/1996,22,152.4,72.1,"CDM,CB",Russia,66,76,925000,1000,Right,1,4,2,Normal,2100000,,,,,44,54,54,68,46,42,41,49,71,51,63,67,62,66,69,62,60,60,61,47,63,67,59,62,46,54,65,70,66
J. Tverskov,Jeppe Tverskov,3/12/1993,25,185.42,84.8,"CB,CM",Denmark,66,71,725000,4000,Right,1,3,2,Normal,961000,,,,,36,44,62,67,35,49,38,33,62,62,52,61,57,61,55,48,70,70,72,40,59,59,35,41,38,58,66,69,68
D. Balanta,Deivy Alexander Balanta Abonía,9/2/1993,25,185.42,81.2,CB,Colombia,66,72,750000,1000,Right,1,3,2,Lean,1200000,,,,,54,17,64,58,28,54,26,26,49,63,66,68,45,58,46,40,66,75,79,24,50,67,38,34,32,54,58,66,72
M. Lampson,Matt Lampson,9/6/1989,29,190.5,91.2,GK,United States,66,68,550000,2000,Right,1,2,1,Normal,866000,,,,,18,17,22,33,15,13,13,17,38,38,48,43,39,57,43,20,60,23,77,14,35,27,20,53,16,47,11,11,14
L. Isgrove,Lloyd Isgrove,1/12/1993,26,172.72,72.1,"RM,LM",Wales,66,67,775000,4000,Right,1,3,3,Normal,,,,,,62,52,46,59,47,67,53,43,56,65,90,87,79,60,79,52,75,69,59,47,51,24,60,60,49,52,37,40,16
C. Forrester,Chris Forrester,12/17/1992,26,154.94,68,"CM,CDM,CAM,LM",Republic of Ireland,66,69,800000,1000,Right,1,4,3,Lean,1300000,,,,,59,61,62,66,55,63,60,55,65,64,67,65,70,62,67,60,69,85,61,61,58,63,60,68,55,69,63,62,63
O. Kiteishvili,Otar Kiteishvili,3/26/1996,22,172.72,64.9,"CM,CAM",Georgia,66,77,1100000,5000,Right,1,4,3,Lean,1800000,,,,,56,66,57,66,57,71,50,44,68,69,75,73,64,69,77,71,77,75,46,68,37,33,67,66,49,72,38,40,40
F. Proia,Federico Proia,2/4/1996,23,185.42,76.2,"CM,CDM",Italy,66,74,925000,1000,Right,1,3,3,Normal,1600000,,,,,62,55,67,69,51,64,57,55,67,68,69,72,64,66,61,67,65,68,74,59,67,64,58,63,45,61,61,63,62
A. Pinamonti,Andrea Pinamonti,5/19/1999,19,187.96,72.1,ST,Italy,66,81,1400000,8000,Right,1,3,3,Lean,,,,,,40,70,69,53,62,64,43,43,36,70,54,53,64,59,64,65,65,55,66,60,52,16,66,45,66,60,15,19,19
Ham Seok Min,함석민 咸胜明,2/14/1994,25,190.5,79.8,GK,Korea Republic,66,71,625000,1000,Right,1,3,1,Normal,828000,,,,,18,19,15,26,16,13,16,12,33,25,42,44,70,59,48,16,55,23,67,11,17,18,11,28,16,36,27,15,13
B. Valette,Baptiste Valette,9/1/1992,26,185.42,78,GK,France,66,67,525000,4000,Right,1,3,1,Stocky,1100000,,,,,12,13,13,27,16,20,9,19,19,19,37,45,33,53,32,27,58,37,62,14,25,21,16,31,25,49,11,18,15
J. Bøge,Jesper Bøge Pedersen,2/22/1990,29,154.94,69.9,"RB,CB",Denmark,66,66,500000,3000,Right,1,2,2,Normal,625000,,,,,66,35,54,60,26,56,37,25,56,61,65,71,65,61,68,49,64,77,69,35,60,63,53,52,35,63,60,67,66
I. Erquiaga,Iván Erquiaga,3/26/1998,20,175.26,72.1,LB,Argentina,66,76,900000,3000,Left,1,3,3,Normal,1500000,,,,,62,48,61,65,42,68,38,32,63,67,78,76,72,61,75,43,65,69,51,39,55,59,67,41,47,56,58,65,64
D. Cappelletti,Daniel Cappelletti,10/9/1991,27,182.88,76.2,"CB,RB,CM",Italy,66,67,625000,1000,Right,1,3,2,Lean,1000000,,,,,55,36,62,60,35,59,41,44,55,58,61,62,68,65,61,55,69,74,74,47,70,65,45,53,40,66,65,64,64
T. Wada,和田 拓也,7/28/1990,28,170.18,63,"RB,LB",Japan,66,66,525000,4000,Left,1,4,2,Normal,656000,,,,,76,31,54,70,32,58,29,43,66,66,62,65,70,61,85,51,74,72,54,40,46,64,42,47,38,55,69,59,62
F. Perucchini,Filippo Perucchini,10/6/1991,27,190.5,88.9,GK,Italy,66,70,575000,3000,Left,1,2,1,Normal,1100000,,,,,18,18,11,28,11,18,11,11,26,20,48,42,34,54,42,22,69,27,76,18,18,23,13,16,22,53,15,18,14
K. Arkivuo,Kari Arkivuo,6/23/1983,35,175.26,72.1,LB,Finland,66,66,140000,1000,Right,1,4,3,Normal,175000,,,,,69,40,41,59,53,64,62,56,58,64,74,66,79,69,77,68,83,77,67,54,81,67,49,56,50,66,60,65,64
A. Bernal,Alejandro Bernal Ríos,6/3/1988,30,182.88,79.8,"CDM,CM",Colombia,66,66,475000,2000,Right,1,2,2,Normal,,,,,,53,26,55,66,27,58,54,57,62,64,50,64,58,65,51,59,52,91,83,54,70,58,59,62,46,61,63,61,60
S. Miangue,Senna Miangue,2/5/1997,22,193.04,81.2,"LB,LM",Belgium,66,74,825000,6000,Left,1,3,2,Lean,,,,,,65,25,65,65,47,59,61,43,58,67,59,67,54,60,55,66,65,64,67,56,58,60,47,37,48,60,61,70,68
A. Jacobsen,Anders K. Jacobsen,10/27/1989,29,182.88,76.2,ST,Denmark,66,66,675000,5000,Right,1,3,3,Normal,844000,,,,,24,65,62,65,60,66,53,50,60,66,83,80,77,59,74,64,78,68,64,63,30,33,61,54,62,63,52,20,22
Alfred,Alfred Planas Moyà,2/15/1996,23,154.94,74.8,"RM,LM",Spain,66,73,900000,3000,Right,1,3,3,Lean,,,,,,64,65,47,66,62,70,70,55,64,70,70,72,61,46,65,66,51,66,59,59,35,30,60,56,56,50,36,42,42
R. Boguski,Rafał Boguski,6/9/1984,34,172.72,69.9,RM,Poland,66,66,325000,3000,Right,1,4,2,Lean,439000,,,,,55,67,62,65,74,62,57,59,66,57,75,55,80,75,80,50,55,71,50,58,53,46,75,72,67,62,30,25,26
J. Asoro,Joel Asoro,4/27/1999,19,175.26,74.8,"ST,RW",Sweden,66,81,1400000,5000,Right,1,3,3,Lean,3500000,,,,,41,63,56,60,54,73,51,39,47,66,90,87,75,59,78,65,56,58,58,55,36,18,62,57,60,52,14,17,20
C. Depres,Clément Depres,11/25/1994,24,187.96,79.8,ST,France,66,70,850000,5000,Right,1,3,3,Lean,1800000,,,,,42,69,71,63,61,64,45,50,41,66,52,46,40,60,52,69,72,54,78,62,36,14,64,43,67,54,34,26,22
M. Konczkowski,Martin Konczkowski,9/14/1993,25,154.94,73.9,RB,Poland,66,69,675000,2000,Right,1,2,3,Normal,962000,,,,,69,40,58,65,25,63,64,32,60,65,73,80,70,59,76,34,75,77,61,30,60,59,58,62,31,63,62,62,62
T. Hadebe,Teenage Hadebe,9/17/1995,23,154.94,83.9,"CB,LB",Zimbabwe,66,76,900000,1000,Left,1,3,2,Lean,2200000,,,,,33,25,70,38,32,35,36,31,35,33,73,70,48,56,67,41,76,63,77,24,66,53,30,36,39,50,69,73,70
G. Lloris,Gautier Lloris,7/18/1995,23,190.5,83,CB,France,66,72,750000,7000,Left,1,3,2,Lean,1600000,,,,,44,29,70,64,34,45,36,28,54,56,53,52,50,60,51,49,67,60,76,35,54,64,34,32,40,61,60,70,68
J. Meekings,Josh Meekings,9/2/1992,26,182.88,78,"CB,RB",England,66,69,675000,2000,Right,1,3,2,Normal,1200000,,,,,25,34,68,53,25,44,25,25,44,52,71,77,61,51,48,34,82,71,82,25,65,61,29,29,38,46,61,65,63
S. Braken,Sven Braken,6/12/1993,25,187.96,84.8,ST,Netherlands,66,70,850000,3000,Left,1,4,2,Normal,1300000,,,,,33,69,70,62,54,65,46,39,51,62,62,75,70,53,68,66,66,63,75,64,55,22,61,48,60,51,31,15,22
Bruno Leite,Bruno Miguel Santos Leite,3/26/1995,23,182.88,74.8,CM,Cape Verde,66,75,975000,2000,Right,1,3,3,Lean,1400000,,,,,54,45,42,67,48,68,62,43,64,66,73,70,74,63,65,58,48,78,65,55,53,66,57,63,44,59,60,62,62
D. Widgren,Dennis Widgren,3/28/1994,24,154.94,74.8,"LB,CB,LM",Sweden,66,70,700000,2000,Left,1,1,2,Lean,928000,,,,,68,35,58,68,36,61,66,52,64,64,69,68,71,67,62,69,71,75,60,49,62,63,46,70,38,63,63,63,59
N. Bärkroth,Nicklas Bärkroth,1/19/1992,27,172.72,74.8,RM,Sweden,66,66,700000,2000,Right,1,4,3,Normal,875000,,,,,65,53,30,63,51,66,66,64,60,64,86,84,84,58,86,65,78,65,59,59,65,25,60,59,58,59,47,26,38
M. Kobras,Martin Kobras,6/19/1986,32,182.88,79.8,GK,Austria,66,66,375000,3000,Right,1,3,1,Stocky,544000,,,,,10,9,19,23,9,8,9,10,18,22,49,54,40,62,48,22,66,33,65,10,24,29,13,35,20,25,12,18,18
N. Madonna,Nicola Madonna,10/31/1986,32,182.88,72.1,"RB,RM,RWB",Italy,66,66,425000,1000,Right,1,3,2,Normal,659000,,,,,69,47,59,59,52,64,69,61,57,59,70,73,72,64,62,68,50,70,65,69,56,65,50,54,57,65,65,65,65
T. Černý,Tomáš Černý,4/10/1985,33,182.88,83,GK,Czech Republic,66,66,325000,2000,Left,1,1,1,Stocky,569000,,,,,23,12,17,35,14,22,17,11,34,12,53,33,63,72,49,23,74,39,67,13,44,24,16,49,11,46,18,11,17
L. Martinelli,Luca Martinelli,12/20/1988,30,185.42,73,"CB,RB",Italy,66,66,500000,1000,Right,1,3,2,Lean,775000,,,,,26,19,60,40,21,25,23,23,40,45,49,54,57,60,61,40,86,60,79,25,65,65,17,25,31,65,69,68,64
J. Jones,Jamie Jones,2/18/1989,30,190.5,91.2,GK,England,66,66,425000,11000,Right,1,2,1,Normal,808000,,,,,13,13,11,32,12,15,12,18,22,23,32,36,48,60,42,22,45,30,51,15,22,12,7,27,19,35,8,13,13
J. Balkovec,Jure Balkovec,9/9/1994,24,185.42,73.9,LB,Slovenia,66,72,750000,1000,Left,1,3,2,Normal,1400000,Slovenia,75,SUB,3,72,37,51,62,44,58,74,79,61,66,79,68,55,63,55,72,58,70,70,58,66,61,56,48,43,55,60,68,64
P. Herrmann,Patrick Herrmann,3/16/1988,30,152.4,83.9,RB,Germany,66,66,475000,5000,Right,1,2,2,Normal,760000,,,,,60,19,47,57,23,51,59,28,56,56,69,64,65,60,68,35,77,73,69,20,70,67,28,31,20,52,64,70,75
Renato,Renato Augusto Santos Júnior,9/21/1992,26,185.42,78,"CDM,CM",Brazil,66,71,725000,1000,Right,1,3,2,Lean,961000,,,,,66,49,66,65,59,61,53,48,59,66,68,68,65,62,58,65,70,63,71,44,73,68,60,56,55,55,66,64,68
S. Moyano,Sebastián Moyano,8/26/1990,28,187.96,78,GK,Argentina,66,69,550000,3000,Right,1,2,1,Normal,866000,,,,,19,20,12,24,16,21,20,19,24,25,49,44,36,56,50,20,59,36,67,17,19,27,14,20,22,41,23,13,15
L. Königshofer,Lukas Königshofer,3/16/1989,29,193.04,88.9,GK,Austria,66,66,425000,2000,Right,1,2,1,Normal,616000,,,,,15,7,10,19,6,13,14,10,18,23,52,49,53,64,50,23,67,32,69,13,35,21,14,40,11,36,8,13,12
Juan Rodríguez,Juan Rodríguez Martínez,5/8/1995,23,182.88,83,"CB,RB",Spain,66,72,750000,3000,Right,1,3,2,Normal,1400000,,,,,41,16,63,59,15,40,22,29,42,56,57,59,56,54,74,50,80,64,82,31,63,64,21,27,40,50,60,69,65
D. Martin,David Edward Martin,1/22/1986,33,187.96,86.2,GK,England,66,66,375000,3000,Right,1,3,1,Normal,713000,,,,,18,15,18,33,14,16,13,19,27,30,42,36,59,66,40,23,60,38,70,14,28,15,13,44,15,60,15,12,12
Mateus Anderson,Mateus Anderson Veloso Sousa,3/6/1994,25,170.18,67.1,RM,Brazil,66,69,825000,3000,Right,1,3,3,Normal,1800000,,,,,68,42,31,67,37,69,62,41,66,65,78,79,68,60,76,52,37,63,37,41,38,29,67,51,36,60,17,24,27
Tiago Castro,Tiago Augusto Oliveira Castro,1/31/1996,23,175.26,68.9,"RW,CM",Portugal,66,72,875000,2000,Left,1,2,3,Normal,2000000,,,,,70,54,53,72,48,69,72,67,69,70,66,65,69,67,74,67,54,52,46,56,44,38,57,70,65,59,36,48,45
A. Plizzari,Alessandro Plizzari,3/11/2000,18,187.96,73,GK,Italy,66,84,1100000,4000,Right,1,1,1,Lean,2500000,,,,,13,5,20,36,17,21,15,19,26,23,45,37,57,47,33,37,63,25,54,19,16,13,6,35,15,53,16,20,13
D. Gissi,Dylan Gissi,4/27/1991,27,193.04,86.2,"CB,RB",Switzerland,66,69,650000,4000,Right,1,3,2,Normal,991000,,,,,63,42,65,62,42,51,51,61,57,64,44,40,59,69,38,58,58,68,76,49,71,65,50,50,42,55,64,62,61
J. Bogle,Jayden Bogle,7/27/2000,18,152.4,68.9,RB,England,66,83,1100000,5000,Right,1,3,3,Normal,2900000,,,,,52,39,50,67,31,73,51,35,55,66,83,77,72,61,72,49,58,67,53,40,67,64,64,51,34,61,64,69,62
F. Ortega,Francisco Ortega,3/19/1999,19,152.4,74.8,LB,Argentina,66,80,1200000,2000,Left,1,2,3,Lean,2600000,,,,,66,50,55,65,53,69,51,47,49,67,79,81,75,56,74,64,60,76,62,52,46,59,58,48,57,54,57,63,61
L. Bergsma,Léon Bergsma,1/25/1997,22,185.42,72.1,CB,Netherlands,66,75,875000,3000,Right,1,4,2,Normal,1500000,,,,,34,23,66,65,34,48,33,29,66,64,64,67,63,64,63,50,78,66,70,25,60,61,36,58,56,64,69,65,60
Emílio Trevões,Emílio Dener Trevões Teixeira,2/29/1988,31,152.4,72.1,"ST,LW",Brazil,66,66,625000,5000,Left,1,4,3,Lean,1200000,,,,,51,65,56,61,67,77,41,43,52,64,88,91,78,56,81,62,47,51,57,59,41,23,61,44,77,55,18,17,22
M. Migliorini,Marco Migliorini,1/3/1992,27,193.04,86.2,CB,Italy,66,68,650000,2000,Right,1,2,2,Normal,1100000,,,,,18,26,69,37,25,31,34,31,35,46,51,32,34,56,35,36,72,55,87,19,67,64,25,39,50,65,66,68,65
H. Jele,Happy Jele,1/1/1987,32,154.94,69.9,"CB,RB",South Africa,66,66,425000,1000,Right,1,3,3,Lean,914000,,,,,60,49,68,62,63,73,63,43,77,75,68,65,63,50,50,64,58,73,53,60,54,64,60,61,46,66,71,69,73
H. Alpsoy,Harun Alpsoy,3/3/1997,22,185.42,78,"CDM,CM",Turkey,66,77,975000,4000,Right,1,3,2,Normal,2100000,,,,,45,31,59,72,41,52,36,40,66,63,70,71,63,54,59,72,55,68,72,70,71,65,51,60,46,55,66,63,56
M. Halsti,Markus Halsti,3/19/1984,34,185.42,83.9,"CB,CM",Finland,66,66,200000,3000,Right,1,3,2,Normal,250000,,,,,54,40,67,66,52,47,50,59,68,62,31,47,30,64,51,67,73,52,75,52,68,65,48,60,58,69,59,61,64
S. Bidaoui,Soufiane Bidaoui,4/20/1990,28,167.64,63,"LW,LM",Morocco,66,66,650000,2000,Right,1,4,3,Lean,1000000,,,,,56,50,48,61,54,75,62,56,55,72,82,73,84,61,83,62,47,73,40,57,49,30,62,57,55,62,18,21,24
N. Ravaglia,Nicola Ravaglia,12/12/1988,30,182.88,83.9,GK,Italy,66,67,500000,1000,Right,1,1,1,Normal,838000,,,,,14,10,11,35,12,16,11,16,42,21,29,31,39,64,28,42,33,18,52,11,19,14,6,48,32,49,16,9,10
T. Szántó,Tamás Szántó,2/18/1996,23,152.4,73,"CAM,CDM,CM",Hungary,66,74,950000,5000,Right,1,3,3,Lean,1600000,,,,,59,65,55,64,51,67,53,62,62,68,68,71,72,62,71,61,71,79,68,64,58,64,59,64,50,60,59,61,62
Danilo Sacrio,Danilo Manuel Sacrio Dano,2/29/1992,27,175.26,72.1,ST,Brazil,66,66,700000,7000,Right,1,3,3,Normal,1300000,,,,,43,66,60,52,68,67,43,46,38,64,85,87,86,61,78,70,75,50,64,58,56,25,57,41,58,62,18,28,26
Higinio,Higinio Marín Escavy,10/19/1993,25,182.88,78.9,"ST,CAM",Spain,66,70,850000,3000,Right,1,2,2,Normal,1400000,,,,,49,62,68,65,62,63,46,40,40,66,61,67,63,67,57,64,67,57,65,70,36,26,64,48,61,49,38,33,31
J. Rafferty,Joe Rafferty,10/6/1993,25,182.88,74.8,"RB,RWB",Republic of Ireland,66,70,700000,4000,Right,1,3,2,Lean,1400000,,,,,67,27,53,59,28,62,63,55,55,61,75,77,64,54,65,37,71,71,70,40,62,57,62,53,39,58,65,68,71
N. Bakker,Nick Bakker,7/21/1992,26,187.96,81.2,"CB,LB",Netherlands,66,69,675000,2000,Left,1,2,2,Normal,1000000,,,,,51,32,68,63,29,52,35,29,60,56,69,67,45,55,59,42,75,49,75,32,59,63,22,39,45,52,61,68,65
P. Becker,Pablo Ignacio Becker,4/29/1993,25,172.72,72.1,"RM,CAM,CM,LM",Argentina,66,69,800000,5000,Right,1,3,3,Lean,1300000,,,,,65,49,50,66,34,65,68,69,65,66,82,83,77,61,77,69,82,46,64,67,58,48,60,68,55,55,20,23,21
F. Holthaus,Fabian Holthaus,1/17/1995,24,154.94,76.2,"LB,LM,LW",Germany,66,72,750000,1000,Left,1,2,3,Normal,1200000,,,,,64,33,57,67,35,64,38,35,65,67,70,78,68,63,75,58,75,80,69,36,73,59,39,59,39,59,56,65,64
K. Sadlier,Kieran Sadlier,9/14/1994,24,182.88,66.2,LM,Republic of Ireland,66,72,875000,3000,Right,1,4,3,Lean,1700000,,,,,62,64,51,63,65,69,66,68,59,66,73,75,73,52,65,70,63,74,64,72,58,44,61,65,67,62,33,36,34
S. Guri,Sindrit Guri,10/23/1993,25,187.96,86.2,"ST,CF,RM",Albania,66,69,825000,5000,Right,1,3,2,Normal,1300000,,,,,46,67,69,61,67,59,67,77,47,63,61,61,58,55,53,68,62,66,75,71,46,43,65,60,67,64,25,21,17
M. Lieder,Mart Lieder,5/1/1990,28,187.96,84.8,ST,Netherlands,66,66,675000,5000,Right,1,4,3,Normal,844000,,,,,42,62,64,59,48,66,40,42,44,67,74,66,73,63,67,67,67,67,75,58,69,18,69,52,68,68,20,17,14
I. Openda,Ikoma Loïs Openda,2/16/2000,19,175.26,74.8,ST,Belgium,66,80,1300000,4000,Right,1,3,3,Normal,2700000,,,,,32,62,56,63,54,64,44,30,33,63,89,86,65,64,77,68,54,58,69,47,33,16,66,56,61,50,30,19,15
G. Rojas,Gabriel Rojas,6/22/1997,21,172.72,68,LB,Argentina,66,78,1000000,4000,Left,1,3,3,Lean,1700000,,,,,66,45,41,60,49,68,56,51,51,65,72,80,78,63,72,56,64,75,61,59,61,63,62,55,50,64,62,66,64
N. Molina,Nahuel Molina,4/6/1998,20,175.26,69.9,"RB,RWB",Argentina,66,76,900000,4000,Right,1,3,2,Lean,,,,,,65,24,47,64,30,60,52,32,58,64,79,70,72,62,74,53,76,78,65,38,60,70,56,50,38,63,60,65,58
S. Adekugbe,Sam Adekugbe,1/16/1995,24,175.26,74.8,LB,Canada,66,73,750000,1000,Left,1,2,3,Lean,1100000,,,,,60,47,58,65,22,63,49,23,56,65,80,82,74,57,74,49,82,85,69,22,66,60,54,45,32,59,59,65,59
M. Gouaida,Mohamed Gouaida,5/15/1993,25,152.4,72.1,"LM,RM,CAM",Tunisia,66,68,775000,2000,Left,1,3,3,Lean,1300000,,,,,65,51,40,64,45,71,53,41,50,68,79,75,79,60,76,51,69,65,59,46,39,24,62,63,48,53,29,34,36
D. Bachmann,Daniel Bachmann,7/9/1994,24,190.5,81.2,GK,Austria,66,74,700000,8000,Right,1,3,1,Normal,,,,,,14,17,12,37,16,14,18,20,39,27,50,37,40,72,44,35,57,36,61,15,31,26,13,20,31,51,14,11,11
Z. Alomerović,Zlatan Alomerović,6/15/1991,27,187.96,84.8,GK,Serbia,66,69,550000,2000,Right,1,2,1,Stocky,784000,,,,,16,11,13,31,11,14,16,12,22,21,36,38,39,60,42,19,65,24,70,12,31,12,8,30,20,52,9,14,11
A. Tembeng,Abenego Tembeng,9/13/1991,27,187.96,84.8,CDM,Cameroon,66,69,675000,2000,Left,1,3,2,Normal,1500000,,,,,41,41,63,63,33,59,41,39,64,62,58,56,47,62,43,70,62,48,83,38,84,66,39,47,49,69,67,68,65
D. Zeefuik,Deyovaisio Zeefuik,3/11/1998,20,152.4,76.2,RB,Netherlands,66,74,825000,2000,Right,1,3,2,Normal,1400000,,,,,60,35,62,64,38,58,43,39,57,62,78,79,72,62,76,55,90,70,75,29,81,63,56,52,46,60,60,66,65
C. Kerr,Cameron Kerr,9/10/1995,23,175.26,74.8,"RB,LB",Scotland,66,71,725000,2000,Right,1,3,3,Lean,1300000,,,,,61,24,43,60,23,64,31,30,48,63,81,79,75,61,66,34,55,84,73,28,69,56,53,52,38,50,59,65,65
R. Yates,Ryan Yates,11/21/1997,21,190.5,77.1,CM,England,66,79,1200000,10000,Right,1,3,2,Lean,3100000,,,,,47,56,64,69,41,60,43,34,66,66,62,69,68,64,58,58,68,90,77,48,79,66,60,57,55,59,64,67,64
C. Aneke,Chukwuemeka Ademola Amachi Aneke,7/3/1993,25,190.5,83,"ST,CAM",England,66,71,875000,5000,Right,1,3,3,Normal,1600000,,,,,61,65,68,66,59,66,58,59,67,68,45,54,52,60,61,69,87,63,86,65,51,53,66,65,60,69,45,54,51
K. Koizumi,小泉 庆,4/19/1995,23,172.72,68.9,"RB,CM,CDM",Japan,66,72,750000,3000,Right,1,3,2,Normal,1100000,,,,,57,35,53,63,34,47,32,38,56,63,76,79,64,56,72,64,73,83,61,69,57,62,49,45,35,52,64,66,64
J. Wilson,James Wilson,12/1/1995,23,182.88,73,ST,England,66,73,925000,25000,Left,1,4,3,Lean,,,,,,53,65,62,59,65,63,68,42,52,65,74,73,69,66,70,67,58,62,65,63,34,24,65,60,73,60,20,23,24
N. Manfredini,Niccolò Manfredini,5/1/1988,30,190.5,79.8,GK,Italy,66,66,425000,1000,Right,1,2,1,Lean,659000,,,,,18,12,16,25,11,11,12,13,24,22,49,40,37,55,44,18,51,32,71,12,17,27,14,22,23,57,7,16,16
K. Mayi,Kévin Mayi,1/14/1993,26,182.88,78,"ST,LW",France,66,69,825000,3000,Right,1,3,3,Normal,1500000,,,,,61,64,61,59,62,66,43,40,34,65,82,85,79,65,72,61,62,66,67,52,54,18,64,53,59,50,24,19,14
M. Laínez,Mauro Alberto Laínez Leyva,5/9/1996,22,170.18,66.2,"RM,LM",Mexico,66,72,875000,2000,Left,1,3,3,Normal,1600000,,,,,61,57,58,65,46,73,57,43,61,66,78,76,77,60,78,70,60,63,54,56,72,62,57,55,51,60,52,52,53
M. Ballmert,Markus Ballmert,11/27/1993,25,172.72,68,"RB,CDM",Germany,66,69,675000,1000,Right,1,3,2,Normal,1000000,,,,,49,40,47,63,30,54,31,28,59,64,75,67,82,67,83,41,91,86,59,35,63,65,32,39,39,56,72,62,64
F. Brillant,Frédéric Brillant,6/26/1985,33,187.96,82.1,CB,France,66,66,260000,2000,Right,1,3,2,Normal,390000,,,,,32,24,65,64,22,37,23,35,52,47,34,31,45,62,36,58,69,72,71,25,70,66,39,48,58,63,68,66,65
S. Diarra,Souleymane Diarra,1/30/1995,24,172.72,62.1,"RM,CM",Mali,66,72,875000,3000,Right,1,3,3,Lean,1700000,,,,,58,55,48,66,40,67,56,39,64,68,65,66,75,68,80,60,76,80,57,59,74,67,58,65,44,66,69,66,65
Raphael Doninho,Raphael William Doninho Oliveira,2/29/1988,31,167.64,64,"CAM,LW",Brazil,66,66,600000,8000,Right,1,3,3,Lean,1100000,,,,,67,54,69,64,49,67,58,60,54,64,74,68,80,72,70,68,67,67,61,54,61,54,60,68,68,70,25,36,40
Li Lei,李磊,5/30/1992,26,182.88,66.2,"LB,LM",China PR,66,68,625000,5000,Left,1,3,2,Normal,1400000,,,,,62,26,59,63,48,54,51,47,61,57,72,74,65,65,64,57,67,70,69,32,74,62,62,61,44,51,60,66,65
K. Conboy,Kevin Conboy,10/15/1987,31,185.42,77.1,LB,Denmark,66,66,475000,4000,Left,1,3,2,Normal,594000,,,,,67,40,60,62,42,59,65,62,56,61,67,67,69,65,64,69,75,70,69,53,72,63,56,55,38,65,66,63,64
O. Bouy,Ouasim Bouy,6/11/1993,25,154.94,78.9,"CB,CM",Netherlands,66,72,750000,10000,Left,1,4,3,Stocky,,,,,,65,50,66,65,58,67,63,61,63,68,64,54,61,62,55,68,57,62,66,68,66,65,60,64,49,58,63,67,64
S. Mantom,Sam Mantom,2/20/1992,27,175.26,69.9,CM,England,66,67,750000,3000,Right,1,3,2,Normal,1400000,,,,,56,58,55,67,46,60,63,62,65,66,64,60,66,64,70,69,64,74,67,65,60,59,58,66,59,67,57,58,56
C. Cercado,César Eduardo Cercado Luna,3/23/1989,29,170.18,69.9,CB,Mexico,66,66,500000,3000,Left,1,3,2,Normal,825000,,,,,58,32,65,65,12,32,34,46,54,58,58,50,54,60,64,60,66,65,74,55,78,62,33,60,60,57,60,65,65
G. Nijholt,Gianluca Nijholt,2/14/1990,29,182.88,78.9,CDM,Netherlands,66,66,525000,3000,Left,1,3,3,Normal,761000,,,,,59,63,54,68,52,65,69,69,68,69,53,49,64,61,72,70,78,69,71,67,66,63,54,72,65,65,60,56,59
A. El-Abd,Adam Mohamad El-Abd,9/11/1984,34,154.94,88,CB,Egypt,66,66,260000,3000,Right,1,3,2,Stocky,455000,,,,,39,37,63,51,35,43,34,26,48,47,39,45,49,55,62,54,82,74,84,35,84,61,25,43,38,57,64,64,63
E. Babayan,Edgar Babayan,10/28/1995,23,154.94,73,"LM,ST",Armenia,66,72,875000,3000,Right,1,4,3,Normal,1300000,,,,,60,59,57,63,52,65,57,50,60,63,85,76,75,57,77,66,57,67,61,58,65,52,67,62,59,61,52,55,42
Kim Yong Dae,김용대 金大勇,10/11/1979,39,187.96,81.2,GK,Korea Republic,66,66,40000,1000,Right,2,3,1,Normal,52000,,,,,13,11,14,36,14,11,10,12,32,24,50,51,52,58,58,23,67,22,70,12,21,23,12,58,19,65,19,15,14
Trujillo,Ángel Trujillo Canorea,9/8/1987,31,152.4,78.9,CB,Spain,66,66,475000,3000,Right,1,3,2,Stocky,736000,,,,,34,27,65,58,32,38,38,40,51,57,55,57,64,62,57,55,80,60,73,42,77,64,37,45,34,58,62,66,61
T. Adarabioyo,Oluwatosin Adarabioyo,9/24/1997,21,195.58,79.8,"CB,RB",England,66,76,925000,6000,Right,1,3,2,Lean,1900000,,,,,38,30,65,60,25,47,26,22,49,62,52,58,58,57,52,31,70,68,76,22,53,63,28,33,35,70,68,67,64
M. Heylen,Michaël Heylen,1/3/1994,25,187.96,82.1,"CB,CDM",Belgium,66,70,700000,4000,Right,1,3,2,Normal,1100000,,,,,46,29,70,63,30,36,32,35,61,58,47,55,53,58,48,54,51,65,78,36,68,62,48,56,42,61,62,68,66
L. Caballero,Luis Nery Caballero Chamorro,4/22/1990,28,185.42,83,ST,Paraguay,66,66,675000,2000,Right,1,3,3,Normal,945000,,,,,51,65,69,59,47,64,41,53,54,65,52,55,50,59,55,68,61,60,83,62,56,32,70,57,65,61,39,46,44
J. Tamm,Joonas Tamm,2/2/1992,27,193.04,97.1,CB,Estonia,66,69,675000,2000,Left,1,2,2,Stocky,962000,,,,,31,50,69,48,47,51,54,49,49,56,55,64,35,62,45,56,56,62,91,51,71,69,47,38,55,57,62,58,56
J. Bothroyd,Jay Bothroyd,5/7/1982,36,190.5,88.9,ST,England,66,66,230000,1000,Left,2,2,3,Normal,288000,,,,,61,69,74,65,68,65,61,69,51,70,32,33,37,60,31,72,55,52,84,61,67,19,64,58,65,72,28,21,22
S. Gryn,Sergiy Gryn,6/6/1994,24,152.4,72.1,"RW,ST",Ukraine,66,72,875000,4000,Right,1,3,3,Normal,1300000,,,,,51,65,60,64,59,67,63,57,51,71,82,83,78,59,73,70,75,69,65,65,42,36,58,54,60,57,18,38,29
M. Thiede,Marco Thiede,5/20/1992,26,152.4,74.8,"RB,LM,RM",Germany,66,67,625000,3000,Right,1,3,3,Lean,953000,,,,,64,43,48,65,48,64,61,49,62,63,75,69,77,66,77,57,59,75,57,41,63,59,51,59,49,65,64,62,65
Zhang Lu,张鹭,9/6/1987,31,193.04,84.8,GK,China PR,66,66,425000,5000,Right,1,1,1,Normal,914000,,,,,15,12,17,13,12,17,12,15,34,22,62,45,56,68,23,20,61,37,65,11,32,13,13,50,19,65,20,17,24
R. Lundqvist,Ramon Pascal Lundqvist,5/10/1997,21,152.4,73.9,CAM,Sweden,66,75,1000000,2000,Right,1,3,3,Normal,1700000,,,,,53,62,47,62,52,67,63,54,62,71,74,73,71,60,68,60,61,63,64,64,38,31,61,65,55,62,30,28,30
A. Maisonnial,Anthony Maisonnial,3/23/1998,20,187.96,73.9,GK,France,66,79,1000000,4000,Right,1,3,1,Normal,2100000,,,,,15,16,20,24,18,18,19,16,20,17,62,63,32,52,61,18,58,41,65,16,22,19,19,29,12,57,7,18,20
M. Jankowski,Maciej Jankowski,1/4/1990,29,154.94,68,"LM,ST",Poland,66,66,650000,2000,Right,1,3,3,Lean,878000,,,,,50,65,65,63,64,64,49,57,61,64,73,77,76,67,75,63,84,76,70,56,50,49,68,59,55,64,54,44,33
S. Camille,Samuel Geoffroy Camille,2/2/1986,33,175.26,68.9,"LB,LWB",France,66,66,350000,3000,Left,1,3,2,Normal,560000,,,,,59,37,49,65,34,62,51,43,52,61,81,84,85,65,74,61,86,76,72,41,71,61,54,58,52,60,62,63,64
J. Norwood,James Norwood,9/5/1990,28,175.26,73,ST,England,66,66,675000,5000,Right,1,3,2,Normal,1200000,,,,,61,68,69,64,32,58,41,60,55,66,70,71,68,51,58,69,76,75,62,62,65,44,68,40,47,53,40,25,16
Lucas,Lucas de Souza Cunha,1/23/1997,22,185.42,77.1,CB,Brazil,66,76,925000,3000,Right,1,3,2,Normal,2000000,,,,,28,28,64,53,29,41,29,35,37,47,55,62,61,61,57,46,69,60,72,29,70,65,28,32,42,57,66,69,66
P. Konate,Pa Konate,4/25/1994,24,152.4,72.1,"LB,LM",Guinea,66,71,725000,3000,Left,1,2,2,Lean,1400000,,,,,64,35,45,64,30,63,53,42,60,58,72,71,76,56,70,49,73,74,56,42,37,64,48,50,36,60,64,62,71
K. Ilsø,Ken Ilsø Larsen,12/2/1986,32,182.88,77.1,"ST,CAM",Denmark,66,66,575000,2000,Right,1,3,3,Normal,719000,,,,,52,65,54,66,65,71,68,64,56,67,74,63,75,66,72,67,69,56,59,65,39,23,65,62,71,67,20,33,32
K. Yonekura,米仓 恒貴,5/17/1988,30,175.26,68,RB,Japan,66,66,475000,4000,Right,1,3,2,Normal,594000,,,,,68,29,73,67,30,50,30,33,30,55,44,51,67,74,67,32,71,61,63,35,71,72,46,30,35,47,65,68,65
A. Taylor,Andrew Taylor,8/1/1986,32,152.4,68.9,"LB,LWB",England,66,66,425000,3000,Left,1,3,3,Normal,786000,,,,,67,41,58,66,42,67,54,41,63,66,53,53,61,65,74,54,71,68,67,40,67,62,48,51,39,64,69,70,70
C. Tanner,Craig Tanner,10/27/1994,24,175.26,66.2,"RM,CAM",England,66,69,825000,2000,Left,1,3,3,Normal,1500000,,,,,62,60,52,62,55,68,66,68,56,66,79,77,85,63,90,60,61,67,56,57,50,37,58,64,58,52,25,27,24
G. Roberts,Gary Roberts,3/18/1984,34,152.4,73.9,"LM,CAM",England,66,66,325000,15000,Left,1,3,3,Normal,618000,,,,,68,63,48,67,66,69,70,69,62,68,52,52,67,62,71,64,45,57,61,65,65,33,66,72,72,70,38,33,30
M. Rossmann,Maximilian Rossmann,5/6/1995,23,193.04,89.8,CB,Germany,66,74,825000,2000,Right,1,3,2,Normal,1400000,,,,,25,25,66,42,35,27,26,23,36,46,44,48,46,58,35,43,35,64,90,27,68,58,28,33,34,48,68,69,66
L. Saldaña,Leonardo Enrique Saldaña Carvajal,12/8/1989,29,170.18,66.2,LB,Colombia,66,66,500000,1000,Left,1,3,2,Normal,675000,,,,,66,35,48,58,40,59,66,70,50,58,84,83,73,71,85,68,80,69,38,62,61,64,52,54,38,53,65,60,63
J. Karacan,Jem Karacan,2/21/1989,30,175.26,67.1,CM,Turkey,66,66,625000,1000,Right,1,3,3,Lean,781000,,,,,60,54,60,68,56,65,54,48,62,64,73,72,73,67,75,70,79,78,65,60,71,65,60,64,58,61,64,64,64
Alex Sola,Alex Sola López-Ocaña,6/9/1999,19,152.4,74.8,RB,Spain,66,81,1200000,3000,Right,1,3,2,Normal,3400000,,,,,65,40,45,65,33,62,56,31,59,64,71,72,55,64,67,48,60,75,65,43,61,64,64,45,37,60,62,64,65
U. Cardona,Ulises Cardona,11/13/1998,20,152.4,67.1,LM,Mexico,66,76,1000000,3000,Left,1,3,2,Lean,1900000,,,,,62,62,58,64,58,69,64,61,59,67,79,77,72,55,76,59,64,72,44,57,22,27,59,55,63,49,42,45,44
J. Segura,Jorge Segura,1/18/1997,22,187.96,79.8,CB,Colombia,66,79,1100000,9000,Right,1,3,2,Lean,,,,,,25,25,71,49,30,30,32,24,30,41,45,55,46,59,48,41,68,67,81,20,58,61,37,43,42,59,66,72,64
J. Vela,Juan Camilo Vela Ospina,2/18/1993,26,175.26,68.9,"CAM,RM",Colombia,66,69,800000,1000,Left,1,4,3,Normal,1100000,,,,,69,49,48,64,47,68,66,64,61,66,77,72,71,58,72,54,73,67,42,59,28,18,65,71,60,61,26,19,24
S. Scherder,Simon Scherder,4/2/1993,25,187.96,86.2,"CB,CDM",Germany,66,68,650000,2000,Right,1,4,2,Normal,991000,,,,,27,40,65,61,32,35,26,27,59,48,54,67,37,60,51,43,62,39,80,38,66,63,28,49,37,60,63,66,66
E. Ómarsson,Elías Már Ómarsson,1/18/1995,24,182.88,73,ST,Iceland,66,70,850000,2000,Right,1,3,3,Normal,1300000,,,,,56,67,53,58,58,65,45,32,47,65,85,80,75,59,62,64,67,79,67,55,73,24,67,56,50,54,40,38,24
A. Brunst,Alexander Brunst-Zöllner,7/7/1995,23,195.58,88,GK,Germany,66,75,750000,3000,Right,1,3,1,Normal,1300000,,,,,13,14,21,23,13,15,16,15,21,23,40,42,26,61,31,27,57,45,65,13,27,13,9,12,26,26,12,16,13
J. Abarca,Juan René Abarca Fuentes,12/7/1988,30,175.26,78,"CB,RB,LB",Chile,66,66,500000,1000,Right,1,3,2,Normal,675000,,,,,68,32,65,51,29,53,31,29,45,59,69,71,61,59,65,26,71,76,77,39,64,68,24,37,45,52,65,64,63
B. Kessel,Benjamin Kessel,10/1/1987,31,190.5,83,"RB,CB",Germany,66,66,475000,2000,Right,1,3,2,Normal,689000,,,,,61,54,72,63,40,58,50,48,59,60,60,62,54,64,56,65,57,69,81,42,77,64,56,52,67,65,67,69,66
H. Ibusuki,指宿 洋史,2/27/1991,28,195.58,88.9,ST,Japan,66,66,675000,2000,Right,1,4,2,Normal,844000,,,,,44,69,73,57,71,58,47,38,34,65,64,61,30,63,32,63,32,54,91,53,26,13,60,32,58,52,31,21,17
J. Ojala,Juhani Ojala,6/19/1989,29,190.5,84.8,CB,Finland,66,67,575000,2000,Right,1,2,2,Normal,762000,Finland,70,SUB,5,41,17,72,58,28,42,25,23,54,60,52,45,49,64,49,39,28,60,91,27,58,65,40,36,41,70,60,69,54
F. Götze,Felix Götze,2/11/1998,21,185.42,78,"CB,CDM",Germany,66,79,1100000,5000,Right,1,2,3,Lean,2700000,,,,,36,28,67,65,34,56,30,28,57,59,55,60,68,58,64,42,63,59,70,29,55,59,28,50,30,49,64,70,69
R. Guitane,Rafik Guitane,5/26/1999,19,165.1,59.9,CAM,France,66,84,1400000,4000,Left,1,3,3,Lean,3500000,,,,,59,55,39,65,40,72,65,52,59,69,77,79,81,62,92,56,56,53,45,52,47,26,55,62,53,62,28,29,33
C. Itten,Cedric Itten,12/27/1996,22,187.96,81.2,ST,Switzerland,66,77,1100000,4000,Right,1,3,2,Normal,1900000,,,,,64,66,68,61,51,60,38,34,55,67,73,61,58,63,63,64,67,70,67,57,46,29,66,55,66,59,28,35,34
J. Drolè,Jean Armel Drolè,8/18/1997,21,185.42,69.9,"RM,CAM,LM",Ivory Coast,66,79,1200000,4000,Right,1,2,3,Lean,3300000,,,,,62,60,44,54,45,67,44,40,47,65,91,92,89,51,68,65,60,79,57,44,52,30,60,60,55,57,38,23,29
J. Espericueta,Jorge Jonathan Espericueta Escamilla,8/9/1994,24,152.4,77.1,CM,Mexico,66,72,875000,12000,Left,1,3,3,Lean,,,,,,73,54,49,73,58,70,75,70,71,70,66,64,70,55,62,72,66,48,64,72,32,45,64,67,69,75,58,48,41
H. El Mokeddem,Hakim El Mokeddem,2/15/1999,20,170.18,64.9,"RW,LM,CAM",France,66,76,1000000,5000,Left,1,5,3,Lean,2200000,,,,,61,63,41,59,51,73,56,60,57,70,75,72,66,58,68,59,51,61,52,60,52,35,61,62,61,61,29,41,44
Iñigo Muñoz,Iñigo Muñoz Cuevas,12/16/1996,22,167.64,59.9,RW,Spain,66,78,1200000,5000,Right,1,3,3,Lean,2600000,,,,,63,52,45,60,53,73,64,44,54,70,90,88,90,55,92,66,61,55,33,50,42,35,57,57,55,64,45,31,32
P. Kurzweg,Peter Kurzweg,2/10/1994,25,154.94,77.1,"LB,LM",Germany,66,70,700000,7000,Left,1,3,2,Normal,,,,,,72,49,44,67,33,66,71,49,60,62,82,82,80,62,71,50,80,77,64,40,74,53,54,55,48,49,53,64,66
Li Ang,李昂,9/15/1993,25,187.96,88,CB,China PR,66,71,725000,5000,Right,1,2,2,Normal,1600000,,,,,53,51,65,61,53,57,72,78,60,59,57,53,55,62,62,66,75,74,83,61,65,61,52,42,56,60,65,61,61
Jou Silva,Jorge Santos Silva,4/23/1987,31,154.94,69.9,"LM,ST,LW",Brazil,66,66,575000,6000,Right,1,3,3,Normal,949000,,,,,58,69,64,61,59,65,61,63,53,67,75,75,63,63,52,65,61,69,72,65,49,26,65,57,65,56,34,25,29
O. Bozanic,Oliver Bozanić,1/8/1989,30,152.4,74.8,"CM,CDM",Australia,66,66,625000,3000,Left,1,3,2,Lean,1100000,,,,,64,59,60,67,60,64,66,66,62,70,76,69,76,61,69,69,62,78,64,68,56,65,67,63,61,49,73,55,45
D. Frattesi,Davide Frattesi,9/22/1999,19,182.88,73.9,"CM,CAM",Italy,66,81,1300000,6000,Right,1,4,3,Normal,,,,,,57,42,58,70,51,66,53,47,67,69,65,55,60,62,67,69,67,68,55,59,65,50,64,63,53,58,62,63,65
C. McCann,Chris McCann,7/21/1987,31,185.42,74.8,"LB,CB,LM,CM",Republic of Ireland,66,66,475000,2000,Left,1,3,3,Lean,713000,,,,,65,55,65,70,51,64,66,60,67,68,57,55,62,68,64,68,51,65,77,59,78,67,55,66,59,67,60,65,65
S. Mpontshane,Siyabonga Mpontshane,4/17/1986,32,182.88,78.9,GK,South Africa,66,66,375000,1000,Left,1,3,1,Stocky,806000,,,,,19,14,29,32,20,24,20,22,41,22,48,45,33,52,55,17,61,31,69,20,22,23,15,45,22,39,26,15,23
G. Sandoval,Gabriel Eduardo Sandoval Alarcón,3/13/1984,34,170.18,68,"CDM,CM",Chile,66,66,200000,1000,Right,1,3,3,Normal,270000,,,,,39,40,51,67,29,65,41,45,69,66,44,49,61,72,77,44,90,78,58,47,65,78,32,51,49,67,63,50,53
A. Traoré,Adama Traoré,6/5/1995,23,152.4,69.9,"LW,RW",Mali,66,72,875000,2000,Left,1,2,3,Lean,,,,,,58,55,51,60,48,71,51,31,47,67,84,84,76,63,72,74,56,61,60,61,33,12,68,57,51,63,12,14,18
J. Juelsgård,Jesper Juelsgård Kristensen,1/26/1989,30,182.88,81.2,CB,Denmark,66,66,500000,4000,Left,1,2,2,Normal,625000,,,,,67,30,55,63,45,60,62,55,55,62,62,70,67,66,71,56,76,82,75,58,74,60,42,41,44,61,66,63,62
S. Traut,Sascha Traut,5/21/1985,33,182.88,79.8,"RB,RM,CB",Germany,66,66,250000,1000,Right,1,2,2,Lean,363000,,,,,65,37,55,64,57,60,67,47,57,66,70,73,60,65,66,66,72,68,72,43,65,64,52,48,40,62,67,67,60
D. Thopola,Diamond Thopola,3/23/1990,28,152.4,72.1,"RB,CB",South Africa,66,66,500000,1000,Right,1,4,2,Lean,1100000,,,,,59,24,68,61,28,61,44,34,63,64,69,67,66,54,63,56,67,71,65,28,72,66,37,35,38,49,69,65,71
T. Takagi,髙木 俊幸,5/25/1991,27,170.18,64,"LM,CF",Japan,66,66,675000,3000,Right,1,4,4,Lean,844000,,,,,69,68,49,56,52,64,73,66,52,62,87,72,76,60,83,70,47,75,55,62,51,26,64,58,67,59,43,26,24
G. Plet,Glynor Plet,1/30/1987,32,193.04,83.9,ST,Netherlands,66,66,575000,5000,Right,1,3,3,Lean,1200000,,,,,53,65,69,59,67,64,43,47,51,66,43,58,61,62,35,70,34,54,71,61,55,22,66,54,64,67,24,27,25
R. Taylor,Ryan Taylor,5/4/1988,30,187.96,68,ST,England,66,66,625000,4000,Left,1,3,2,Lean,1100000,,,,,52,62,68,62,64,60,55,45,54,68,51,58,66,57,61,65,77,76,80,59,66,49,73,63,66,77,30,28,24
J. Rothwell,Joe Rothwell,1/11/1995,24,185.42,77.1,"LM,CM,RM",England,66,72,875000,10000,Right,1,3,3,Lean,1800000,,,,,58,55,55,69,48,75,48,52,65,68,68,73,69,59,66,60,64,63,61,59,50,50,55,60,50,60,56,60,53
L. Hufnagel,Lucas Hufnagel,1/29/1994,25,182.88,73,"CM,RM,LM",Georgia,66,71,850000,2000,Right,1,3,3,Lean,1300000,,,,,60,54,49,67,49,71,58,39,63,68,75,72,79,65,74,59,53,72,56,57,39,54,62,65,48,56,47,54,49
Jonatan Lucca,Jonatan Lucca,6/2/1994,24,185.42,76.2,"CM,CDM",Brazil,66,71,850000,2000,Right,1,3,2,Lean,1800000,,,,,47,42,61,67,51,67,49,52,63,71,55,55,43,65,58,63,56,68,75,52,70,63,56,65,47,46,63,67,55
E. Nketiah,Eddie Nketiah,5/30/1999,19,175.26,69.9,ST,England,66,85,1400000,13000,Right,1,3,3,Lean,3500000,,,,,33,66,51,60,56,68,43,38,46,66,87,82,76,68,72,60,73,62,58,59,52,16,66,52,57,60,14,19,15
E. Apeh,Emmanuel Apeh,10/25/1996,22,154.94,69.9,ST,Nigeria,66,76,1100000,5000,Right,1,3,2,Normal,2400000,,,,,48,65,66,63,65,67,54,36,38,60,72,76,70,59,65,69,55,69,72,62,35,17,60,55,62,52,30,16,15
T. Renault,Thomas Renault,3/5/1984,35,182.88,79.8,GK,France,66,66,260000,2000,Right,1,2,1,Normal,455000,,,,,20,14,15,30,18,19,17,16,14,26,45,43,46,62,60,26,56,28,60,15,26,27,19,12,33,53,14,21,17
V. Prodell,Viktor Prodell,2/29/1988,31,190.5,86.2,ST,Sweden,66,66,625000,2000,Right,1,2,2,Normal,781000,,,,,40,70,66,52,55,56,45,45,38,60,71,71,57,66,53,55,71,61,82,53,40,23,70,57,60,66,25,24,29
Arturo Molina,Arturo Molina Tornero,8/16/1995,23,182.88,74.8,"CAM,RM",Spain,66,74,950000,6000,Right,1,3,3,Normal,2200000,,,,,63,60,52,70,57,71,49,52,60,71,72,66,54,58,70,70,52,55,61,62,54,56,61,62,61,75,49,59,57
S. Hertner,Sebastian Hertner,5/2/1991,27,154.94,74.8,"LB,LM",Germany,66,67,600000,5000,Left,1,3,2,Lean,1000000,,,,,65,31,52,64,45,61,68,49,61,65,73,74,70,64,73,52,72,67,67,50,62,60,50,48,65,56,68,66,64
C. Lykogiannis,Charalampos Lykogiannis,10/22/1993,25,185.42,78,"LB,CB",Greece,66,71,725000,7000,Left,1,3,3,Normal,1300000,,,,,66,62,52,66,55,65,69,70,65,65,74,69,43,60,53,80,63,68,76,74,56,66,63,58,58,50,51,68,67
L. Michel,Luis Ernesto Michel Vergara,7/21/1979,39,182.88,73.9,GK,Mexico,66,66,40000,3000,Right,1,3,1,Lean,68000,,,,,18,13,14,29,14,14,18,14,31,23,50,52,70,71,53,23,70,21,65,13,26,24,17,42,21,46,21,13,14
A. Loba,Aké Loba,4/1/1998,20,154.94,76.2,ST,Ivory Coast,66,77,1100000,3000,Right,1,3,3,Lean,2100000,,,,,42,69,61,65,51,66,45,41,53,63,75,72,57,60,64,65,68,67,69,57,29,15,62,53,72,59,20,14,16
S. Kurtuluş,Fatih Serkan Kurtuluş,1/1/1990,29,154.94,73.9,RB,Turkey,66,66,500000,4000,Right,1,2,2,Normal,975000,,,,,66,49,67,63,47,67,47,54,65,63,68,69,61,64,66,53,66,66,70,36,64,57,50,58,49,47,55,69,69
T. Werner,Tobias Werner,7/19/1985,33,175.26,69.9,LM,Germany,66,66,500000,9000,Left,2,2,3,Lean,850000,,,,,65,66,65,68,67,65,68,67,66,65,63,62,68,63,72,72,82,65,52,69,61,59,68,68,56,66,33,49,40
S. McQueen,Sam McQueen,2/6/1995,24,154.94,69.9,"LB,LM",England,66,72,750000,10000,Left,1,3,3,Normal,,,,,,72,47,53,60,42,71,67,47,57,69,69,70,70,62,71,48,60,67,71,51,55,62,47,57,52,57,66,67,61
S. Kikuchi,菊地 俊介,10/4/1991,27,154.94,74.8,"CF,RW,CM",Japan,66,67,775000,2000,Right,1,3,3,Normal,1000000,,,,,61,65,60,68,34,62,42,42,68,66,72,76,70,65,61,66,68,90,71,63,55,62,66,60,45,65,43,50,51
H. Pell,Harry Pell,10/21/1991,27,193.04,84.8,"CDM,CM",England,66,67,625000,5000,Right,1,3,2,Lean,1100000,,,,,49,58,63,65,55,62,52,57,62,64,69,66,57,65,54,70,58,88,78,59,78,59,63,62,65,61,62,60,56
M. Coulibaly,Mamadou Coulibaly,2/3/1999,20,182.88,77.1,CM,Senegal,66,81,1400000,4000,Right,1,3,3,Lean,,,,,,50,49,63,72,43,66,47,45,67,65,69,66,69,65,75,62,69,72,74,52,67,61,60,62,51,63,63,57,59
Quim Araujo,Joaquim Araújo Delgado,3/10/1988,30,187.96,81.2,"CM,CAM",Spain,66,66,600000,3000,Right,1,4,3,Normal,930000,,,,,63,70,53,71,59,68,63,58,70,63,55,41,54,61,41,70,34,60,76,66,45,53,68,69,70,58,41,49,41
K. Mets,Karol Mets,5/16/1993,25,190.5,79.8,CB,Estonia,66,69,675000,3000,Left,1,3,2,Normal,1000000,,,,,55,50,60,63,34,55,60,31,63,63,54,47,57,63,50,58,69,74,83,50,67,61,50,55,51,62,68,64,61
T. Zhamaletdinov,Timur Zhamaletdinov,5/21/1997,21,182.88,73,ST,Russia,66,77,1100000,3000,Right,1,3,3,Lean,1700000,,,,,42,66,62,57,50,63,52,33,42,67,78,72,72,58,68,72,68,69,66,45,61,33,65,58,62,58,31,27,29
Abdón,Abdón Prats Bastidas,12/17/1992,26,154.94,78.9,"ST,LW",Spain,66,69,825000,3000,Left,1,3,2,Normal,1300000,,,,,56,65,57,56,64,57,68,69,53,65,70,68,78,61,69,77,74,63,64,70,42,25,65,45,58,49,29,23,18
K. Scherpen,Kjell Scherpen,1/23/2000,19,203.2,84.8,GK,Netherlands,66,80,1100000,1000,Right,1,5,1,Normal,2300000,,,,,11,9,10,26,8,12,12,13,25,17,37,46,37,60,42,19,42,37,69,8,25,7,8,31,12,51,14,11,10
A. Donnarumma,Antonio Donnarumma,7/7/1990,28,193.04,96.2,GK,Italy,66,67,500000,15000,Right,1,2,1,Normal,888000,,,,,13,10,10,11,11,19,16,12,11,23,13,22,30,62,35,22,54,19,75,13,17,10,10,33,21,63,18,19,11
L. Gugganig,Lukas Gugganig,2/14/1995,24,190.5,83,"CDM,CB",Austria,66,73,775000,3000,Right,1,2,2,Normal,1400000,,,,,31,48,57,62,32,51,72,73,54,58,56,62,56,67,48,72,55,72,79,51,69,69,47,48,41,53,68,73,62
Jung Seung Yong,정승용 郑胜永,3/25/1991,27,182.88,83,"LB,LM,RB",Korea Republic,66,67,600000,2000,Left,1,3,2,Normal,795000,,,,,62,36,52,57,24,60,66,46,50,62,72,73,78,66,65,56,64,74,74,41,54,64,53,45,35,58,62,66,63
L. Novak,Lee Novak,9/28/1988,30,182.88,78,ST,England,66,66,650000,4000,Right,1,4,2,Normal,1100000,,,,,58,66,65,59,63,56,61,57,51,66,55,63,62,62,66,70,75,73,78,65,70,45,65,65,67,67,35,40,30
M. Abdellaoue,Mustafa Abdellaoue,8/1/1988,30,154.94,73.9,ST,Norway,66,66,650000,2000,Right,1,3,3,Lean,813000,,,,,53,66,60,56,67,64,52,55,35,64,65,68,78,68,78,65,73,80,60,58,48,42,71,43,70,68,29,21,13
R. Cierzniak,Radosław Cierzniak,4/24/1983,35,187.96,81.2,GK,Poland,66,66,150000,2000,Right,1,2,1,Normal,210000,,,,,12,13,17,41,8,30,13,14,35,22,36,42,58,58,44,22,64,28,56,14,33,23,15,44,22,57,12,24,25
C. Lobos,Carlos Lobos,2/21/1997,22,172.72,69.9,"CM,CDM",Chile,66,76,1000000,2000,Right,1,3,3,Normal,1600000,,,,,52,58,57,72,38,64,45,46,66,66,71,70,68,62,69,66,64,73,71,57,55,60,59,61,61,65,64,66,63
R. Gartler,René Gartler,10/21/1985,33,182.88,78,ST,Austria,66,66,525000,6000,Right,1,4,3,Normal,761000,,,,,51,69,65,58,62,63,58,43,49,65,63,53,65,59,59,66,62,59,74,60,65,28,68,53,58,58,15,19,13
T. Akindele,Tesho Akindele,8/30/1991,27,185.42,78.9,"ST,LM",Canada,66,67,775000,3000,Right,1,2,3,Normal,1200000,Canada,70,SUB,8,45,63,64,58,55,64,44,28,41,63,81,87,74,60,63,69,69,60,76,56,62,18,62,58,66,62,36,15,20
M. Restrepo,Andrés Mauricio Restrepo Gómez,5/7/1981,37,175.26,69.9,CDM,Colombia,66,66,90000,1000,Right,1,3,3,Normal,122000,,,,,56,40,49,69,40,65,58,45,66,64,56,55,69,68,72,47,70,57,71,52,61,63,59,59,51,61,68,66,60
F. Bong,Frédéric Bong,7/27/1987,31,187.96,91.2,CB,Cameroon,66,66,475000,2000,Right,1,2,2,Stocky,831000,,,,,38,18,66,60,30,34,24,29,55,40,53,48,45,57,52,35,71,70,92,18,49,62,30,31,35,55,68,65,66
P. Joosten,Patrick Joosten,4/14/1996,22,154.94,66.2,"ST,CAM",Netherlands,66,72,900000,5000,Right,1,3,3,Lean,,,,,,63,62,56,62,63,72,70,56,55,69,80,85,82,63,70,74,71,68,58,69,50,41,58,60,55,60,34,42,38
Yun Il Lok,윤일록 尹日录,3/7/1992,27,152.4,64.9,"LM,LW",Korea Republic,66,66,700000,2000,Right,1,3,3,Normal,,,,,,61,56,49,69,58,60,64,56,62,62,72,70,74,66,70,60,66,71,69,54,58,60,69,68,51,55,45,44,23
L. Slagveer,Luciano Slagveer,10/5/1993,25,152.4,73.9,RM,Netherlands,66,69,825000,4000,Right,1,3,3,Lean,,,,,,53,59,57,57,58,65,64,42,54,66,88,91,81,61,71,59,73,64,63,58,48,42,66,63,53,68,31,40,42
A. Acosta,Alan Jesús Acosta Montañez,12/19/1996,22,175.26,73,RM,Mexico,66,78,1200000,5000,Right,1,3,3,Normal,,,,,,66,58,54,64,46,64,57,45,59,63,80,81,70,56,72,66,66,62,58,43,60,31,60,64,53,58,32,53,56
Sergio Gil,Sergio Gil Latorre,5/10/1996,22,182.88,68,"CDM,CM,CAM",Spain,66,74,825000,2000,Left,1,2,3,Lean,1500000,,,,,72,45,60,73,47,66,59,47,70,71,66,61,69,60,68,59,63,60,58,51,66,63,62,67,57,61,45,67,65
S. Stevens,Sonny Stevens,6/22/1992,26,193.04,92.1,GK,Netherlands,66,70,575000,2000,Right,1,4,1,Normal,877000,,,,,15,14,18,27,13,12,18,18,18,27,38,36,42,71,40,21,55,30,65,16,29,11,8,39,26,55,11,14,14
Z. Clark,Zander Clark,6/26/1992,26,190.5,84.8,GK,Scotland,66,71,600000,2000,Right,1,2,1,Normal,1100000,,,,,10,11,20,24,13,12,13,12,19,24,31,31,57,55,51,15,50,24,62,13,33,19,13,32,24,42,15,14,11
Lee Jong Ho,이종호 李俊浩,2/24/1992,27,154.94,78,ST,Korea Republic,66,67,775000,3000,Left,1,4,2,Stocky,1100000,,,,,52,60,62,55,62,62,58,56,63,65,72,73,72,65,76,67,76,63,76,66,73,56,72,67,64,60,34,38,32
M. Oesterhelweg,Maximilian Oesterhelweg,7/21/1990,28,154.94,73,"LM,LW",Germany,66,66,675000,1000,Left,1,4,3,Normal,979000,,,,,65,61,49,64,45,64,70,72,52,65,84,87,70,60,69,78,56,70,58,64,40,32,57,52,55,54,48,50,47
D. Rose,Danny Rose,12/10/1993,25,172.72,72.1,ST,England,66,69,825000,6000,Right,1,3,2,Lean,1500000,,,,,47,65,66,58,66,63,54,39,49,60,77,80,86,62,72,64,91,76,64,61,71,41,64,57,59,59,46,25,32
Ryu Won Woo,류원우 刘源佑,8/5/1990,28,185.42,78,GK,Korea Republic,66,67,500000,2000,Left,1,3,1,Normal,663000,,,,,9,12,11,26,9,10,13,13,23,22,35,60,33,57,56,21,54,43,55,17,23,26,13,57,19,57,25,14,12
Paolo Fernandes,Paolo Fernándes Cantin,8/19/1998,20,170.18,60.8,"RM,CAM",Spain,66,76,1000000,2000,Left,1,3,4,Normal,1700000,,,,,56,61,38,65,62,73,74,55,49,74,78,73,84,55,79,68,45,66,37,70,42,33,58,62,60,68,39,34,26
F. Vanzo,Floriano Vanzo,4/28/1994,24,152.4,79.8,"CAM,RM,LM,CM",Belgium,66,70,850000,3000,Right,1,2,3,Stocky,1300000,,,,,62,58,58,64,63,71,66,63,58,70,67,61,68,64,70,74,67,57,69,71,73,56,63,61,56,69,41,51,53
K. Finnbogason,Kjartan Henry Finnbogason,7/9/1986,32,187.96,83,ST,Iceland,66,66,575000,4000,Right,1,2,2,Normal,719000,,,,,42,67,66,57,55,57,30,52,38,62,65,66,54,64,55,66,72,67,79,59,76,26,68,54,65,62,38,23,18
Óscar Pinchi,Óscar Francisco García Quintela,6/17/1996,22,172.72,62.1,"LM,ST",Spain,66,77,1100000,11000,Right,1,3,3,Normal,2500000,,,,,67,66,44,65,55,69,61,44,63,70,69,69,73,62,80,65,55,48,51,70,39,44,61,59,47,63,50,39,34
F. Forte,Francesco Forte,5/1/1993,25,187.96,74.8,ST,Italy,66,69,825000,4000,Left,1,3,2,Lean,1300000,,,,,35,68,65,60,56,60,33,29,35,62,56,62,59,60,65,68,65,59,72,58,57,20,69,52,75,63,21,23,20
F. Evangelista,Fernando Evangelista Iglesias,10/21/1991,27,185.42,82.1,LB,Argentina,66,67,625000,5000,Left,1,3,2,Normal,,,,,,65,45,70,63,43,65,32,44,59,60,65,68,64,62,56,63,85,70,76,57,62,63,52,58,51,53,59,70,68
L. Palmer,Liam Palmer,9/19/1991,27,187.96,81.2,"RB,RWB",Scotland,66,66,550000,8000,Right,1,2,3,Normal,1000000,,,,,63,54,59,64,52,63,58,60,63,64,74,78,76,64,67,64,61,73,71,62,69,63,56,63,58,64,50,66,62
Dyjan Azevedo,Dyjan Carlos de Azevedo,6/23/1991,27,170.18,64.9,"LW,CF",Brazil,66,66,675000,3000,Right,1,5,3,Normal,1200000,,,,,61,63,48,71,59,68,59,59,59,69,71,70,64,53,85,75,47,62,58,51,34,19,67,66,56,64,28,25,28
M. Døhr Thychosen,Mads Døhr Thychosen,6/27/1997,21,152.4,64.9,"RWB,RB",Denmark,66,74,825000,4000,Right,1,3,3,Normal,1200000,,,,,64,58,57,66,56,66,60,51,55,68,79,84,72,64,75,64,73,79,70,57,62,49,63,57,40,63,60,63,61
T. Loska,Tomasz Loska,1/26/1996,23,187.96,78.9,GK,Poland,66,73,675000,1000,Right,1,2,1,Normal,1000000,,,,,19,19,16,32,20,17,11,21,28,24,36,38,35,61,48,20,70,23,62,17,17,22,11,38,27,59,21,16,13
D. Anderson,Djavan  Anderson,4/21/1995,23,154.94,72.1,RB,Netherlands,66,75,850000,9000,Right,1,3,3,Normal,,,,,,62,30,63,59,35,67,48,37,53,64,74,82,70,57,78,56,63,72,62,31,76,63,67,53,41,50,59,61,65
R. Tafazolli,Ryan Tafazolli,9/28/1991,27,195.58,93,CB,England,66,67,625000,4000,Left,1,2,2,Normal,1100000,,,,,38,18,68,54,35,41,22,40,46,54,60,61,54,64,60,37,68,69,83,39,54,64,21,31,32,60,65,66,65
G. Burke,Graham Burke,9/21/1993,25,175.26,72.1,"CAM,LM",Republic of Ireland,66,71,850000,4000,Left,1,3,3,Lean,,,,,,60,68,45,62,66,65,72,60,60,67,63,61,71,60,75,73,47,63,58,74,62,26,63,70,68,62,33,19,14
I. Camará,Ibrahima Camará,1/25/1999,20,190.5,78,CDM,Guinea,66,76,875000,1000,Right,1,2,2,Normal,2000000,,,,,34,38,62,68,31,61,48,36,67,66,61,63,51,59,62,64,70,66,78,48,63,69,29,48,48,52,58,68,64
M. Lekven,Magnus Lekven,1/13/1988,31,152.4,72.1,"CM,CDM",Norway,66,66,600000,2000,Right,1,4,3,Normal,750000,,,,,64,48,60,68,67,63,70,62,67,66,71,67,81,61,81,71,74,76,70,61,72,63,63,71,41,72,54,51,43
E. Yao Guy,Eloge Koffi Yao Guy,1/20/1996,23,182.88,76.2,CB,Ivory Coast,66,74,825000,2000,Right,1,3,2,Lean,1400000,,,,,38,23,60,53,30,53,38,36,38,54,69,71,61,59,47,48,81,68,73,30,68,65,30,36,44,64,58,70,68
M. Könnecke,Mike Könnecke,8/23/1988,30,175.26,69.9,"CAM,RM,CM",Germany,66,66,625000,1000,Right,1,4,3,Lean,906000,,,,,65,62,52,58,62,67,62,52,57,67,90,90,81,63,80,68,74,78,45,63,58,48,61,64,50,63,39,21,13
S. Skålevik,Steffen Lie Skålevik,1/31/1993,26,154.94,74.8,ST,Norway,66,69,825000,2000,Right,1,3,2,Lean,1100000,,,,,52,69,63,53,49,62,58,32,43,60,72,75,58,62,64,67,68,66,61,59,50,18,69,54,66,62,22,21,20
H. Nakagawa,中川 寛斗,11/3/1994,24,154.94,57.2,"CAM,ST",Japan,66,70,850000,3000,Right,1,4,3,Normal,,,,,,45,56,38,64,66,66,72,40,46,71,92,84,94,68,93,61,90,82,27,66,43,25,62,54,42,59,41,43,29
L. Vignali,Luca Vignali,1/11/1996,23,182.88,74.8,"RB,CM",Italy,66,72,750000,1000,Right,1,3,3,Lean,1300000,,,,,65,52,62,65,54,64,57,50,63,66,68,73,61,63,66,63,64,74,58,62,64,63,60,63,57,59,66,61,61
D. Lachman,Darryl Lachman,11/11/1989,29,187.96,74.8,CB,Curacao,66,66,525000,3000,Right,1,3,2,Stocky,761000,,,,,36,43,62,63,39,58,33,60,66,58,50,64,43,57,40,67,71,70,79,55,70,65,32,57,44,62,62,63,65
A. Ligi,Alessandro Ligi,11/7/1989,29,190.5,83,CB,Italy,66,66,525000,1000,Right,1,3,2,Lean,,,,,,25,22,64,50,12,40,17,19,47,52,54,58,60,61,32,20,70,68,84,16,67,65,13,19,15,61,62,68,63
C. Rismark,Christian Eggen Rismark,8/1/1991,27,193.04,87.1,CB,Norway,66,68,650000,2000,Left,1,3,2,Normal,861000,,,,,42,21,56,60,26,57,35,49,64,62,59,56,48,64,60,37,68,66,83,26,75,62,50,53,27,68,66,65,60
S. Dembele,Siriki Dembele,9/7/1996,22,172.72,67.1,"LM,RM",Scotland,66,76,1000000,3000,Right,1,3,4,Lean,2000000,,,,,60,57,36,61,37,67,48,55,54,68,85,82,71,53,86,56,37,60,42,45,33,30,58,68,53,56,19,38,32
B. Çamoğlu,Burak Çamoğlu,10/5/1996,22,172.72,67.1,"RM,RB",Turkey,65,72,775000,2000,Right,1,3,3,Lean,1300000,,,,,60,36,37,65,28,67,31,33,56,70,86,80,84,64,85,36,77,76,43,30,50,60,47,58,40,55,52,55,59
C. Colkett,Charlie Colkett,9/4/1996,22,175.26,73.9,"CM,CAM",England,65,74,825000,1000,Left,1,3,3,Normal,1200000,,,,,68,47,58,69,37,65,67,66,67,68,64,61,58,57,74,61,63,63,62,53,61,42,56,69,58,67,47,64,68
H. Toffolo,Harry Toffolo,8/19/1995,23,182.88,71.2,LB,England,65,70,600000,4000,Left,1,2,2,Lean,1100000,,,,,65,39,58,62,38,61,62,58,57,62,76,76,68,61,70,58,76,76,64,51,58,59,53,54,53,58,62,62,61
A. Petre,Adrian Petre,2/11/1998,21,187.96,82.1,ST,Romania,65,75,875000,2000,Right,1,3,2,Normal,1300000,,,,,30,64,62,57,57,53,50,42,50,61,63,71,67,66,59,68,65,70,80,49,58,20,67,59,62,67,22,19,17
P. Clement,Pelle Clement,5/19/1996,22,152.4,67.1,"CAM,CM",Netherlands,65,71,750000,3000,Right,1,3,3,Normal,1200000,,,,,59,58,54,66,55,64,50,44,65,63,73,66,78,64,75,57,66,66,49,60,48,51,57,62,57,61,57,53,52
N. Topor-Stanley,Nikolai Topor-Stanley,3/11/1985,33,190.5,89.8,CB,Australia,65,65,220000,1000,Left,1,2,2,Normal,275000,,,,,54,31,64,59,29,45,26,20,61,49,45,49,40,56,42,59,82,82,88,45,67,62,26,51,41,61,62,60,57
A. Bussaglia,Andrea Bussaglia,5/28/1997,21,172.72,68.9,"CAM,CM,LW",Italy,65,75,875000,1000,Right,1,3,3,Normal,1500000,,,,,59,61,41,62,55,70,64,60,55,65,81,68,85,63,77,62,71,58,49,55,53,47,59,63,59,54,64,38,40
Benjamin Muscato,Benjamin Chris Muscato Selva,2/29/1992,27,182.88,71.2,CB,Brazil,65,65,475000,4000,Right,1,1,2,Normal,903000,,,,,41,33,72,62,51,41,23,31,51,51,61,62,52,48,58,45,71,67,71,34,61,51,23,34,66,42,74,66,66
No Dong Geon,노동건 卢东件,10/4/1991,27,193.04,88,GK,Korea Republic,65,68,475000,2000,Right,1,3,1,Normal,629000,,,,,17,16,15,28,18,12,15,18,43,16,43,41,48,59,45,22,61,24,72,14,26,16,11,23,25,67,16,16,13
C. Menz,Christoph Menz,12/22/1988,30,185.42,78,"CB,CDM,RB",Germany,65,65,425000,2000,Right,1,3,2,Lean,616000,,,,,62,39,60,66,36,61,55,46,61,63,66,69,68,62,66,49,70,74,71,42,67,59,38,53,43,70,65,66,63
Hugo,Hugo Claudio Vallejo Avilés,2/15/2000,19,154.94,77.1,RM,Spain,65,79,1100000,1000,Right,1,3,3,Normal,2500000,,,,,63,62,41,62,61,74,63,70,61,67,61,61,59,59,59,60,49,60,58,59,31,29,64,58,59,60,39,36,35
Avilés,Javier Avilés Cortés,8/17/1997,21,154.94,74.8,"RM,LM,CAM",Spain,65,74,850000,5000,Right,1,4,4,Lean,2000000,,,,,64,61,44,65,35,68,40,42,61,70,68,70,52,58,58,52,48,54,55,32,25,19,62,60,51,57,20,21,22
T. Kanamori,金森 健志,4/4/1994,24,170.18,73.9,"ST,LM,LW",Japan,65,70,725000,3000,Right,1,3,3,Lean,961000,,,,,53,60,59,61,54,71,51,40,43,65,90,90,88,57,79,63,75,74,62,49,59,19,61,48,63,60,36,22,33
J. Ríos,Juan David Ríos Henao,10/7/1991,27,175.26,67.1,CDM,Colombia,65,67,550000,1000,Right,1,2,2,Lean,784000,,,,,59,62,55,67,36,58,41,31,65,65,74,65,68,62,74,64,66,77,64,33,70,58,60,64,47,64,66,62,57
J. Ryerson,Julian Ryerson,11/17/1997,21,182.88,82.1,"RB,CDM",Norway,65,73,675000,5000,Right,1,3,2,Normal,1200000,,,,,61,54,57,61,52,61,58,28,58,63,69,69,78,58,79,59,82,78,70,55,79,62,57,55,49,62,62,65,63
J. Vitale,Julián Vitale,7/21/1995,23,182.88,81.2,"CDM,CM",Argentina,65,74,725000,4000,Right,1,2,2,Normal,,,,,,42,38,72,68,40,55,43,42,68,74,50,37,53,52,72,65,75,71,77,55,60,52,41,50,51,59,55,71,61
Óscar Whalley,Óscar Alexander Whalley Guardado,3/29/1994,24,190.5,79.8,GK,Spain,65,70,525000,2000,Left,1,3,1,Lean,696000,,,,,24,17,13,32,14,16,14,13,30,18,42,43,36,57,40,24,64,42,73,10,24,19,13,49,24,51,23,18,16
S. Mauk,Stefan Mauk,10/12/1995,23,175.26,64,"CAM,RM",Australia,65,73,800000,2000,Right,1,3,3,Normal,1200000,,,,,60,64,55,65,56,65,59,46,64,65,69,68,72,61,80,62,62,76,69,55,47,52,65,63,44,64,51,58,51
J. Haugaard,Jakob Haugaard,5/1/1992,26,198.12,87.1,GK,Denmark,65,70,500000,8000,Left,1,3,1,Normal,988000,,,,,13,10,15,30,12,13,15,14,30,20,44,42,38,64,36,22,60,33,69,11,25,24,12,31,18,32,28,13,11
M. Ospitalieri,Marco Ospitalieri,4/6/1992,26,154.94,71.2,"LB,CM",Belgium,65,67,525000,2000,Left,1,3,3,Normal,801000,,,,,68,56,62,66,32,65,42,42,61,69,61,69,56,54,61,59,57,63,69,60,59,60,33,43,50,50,63,66,64
Steven Vitória,Steven de Sousa Vitória,1/11/1987,32,195.58,86.2,CB,Canada,65,65,375000,2000,Right,1,3,2,Normal,506000,,,,,37,47,65,59,41,42,66,66,54,58,33,47,32,68,35,74,30,55,91,63,76,62,21,43,68,70,52,63,61
André Silva,André Oliveira Silva,6/3/1997,21,152.4,72.1,LW,Brazil,65,74,850000,2000,Left,1,3,3,Lean,2000000,,,,,63,62,57,55,53,70,47,34,39,67,76,74,80,63,77,59,63,59,63,54,40,20,61,60,59,45,52,17,17
M. Khubrani,Mohammed Abdu Khubrani,10/14/1993,25,154.94,68,CB,Saudi Arabia,65,68,575000,4000,Right,1,3,2,Lean,992000,,,,,23,24,58,51,21,34,21,21,42,52,55,57,53,58,68,31,78,60,70,16,68,67,25,29,33,45,64,65,64
O. Berber,Oğuzhan Berber,4/10/1992,26,175.26,67.1,LB,Turkey,65,68,550000,4000,Left,1,2,2,Normal,1100000,,,,,55,28,60,60,25,54,49,35,49,61,76,69,66,61,66,56,63,68,67,43,62,59,49,40,38,47,62,66,70
M. Gollner,Manfred Gollner,12/22/1990,28,185.42,79.8,CB,Austria,65,66,500000,4000,Left,1,3,2,Lean,763000,,,,,46,18,57,53,10,50,13,21,40,48,60,63,56,55,59,28,68,70,72,29,69,60,47,37,17,71,68,68,65
M. Naamani,Mohamed Naamani,9/21/1990,28,195.58,93.9,CB,Algeria,65,67,525000,7000,Right,1,3,2,Normal,906000,,,,,28,20,67,49,27,36,30,30,38,62,44,33,49,65,32,35,54,66,90,18,67,58,24,28,38,55,61,64,58
R. Williams,Randell Williams,12/30/1996,22,172.72,76.2,LW,England,65,73,800000,3000,Left,1,3,3,Lean,1600000,,,,,64,62,47,63,53,67,65,47,58,66,83,79,83,52,75,63,70,72,65,58,38,20,58,59,55,59,28,30,27
Choi Hyo Jin,최효진 崔孝镇,8/18/1983,35,172.72,69.9,"RB,RM",Korea Republic,65,65,150000,2000,Right,2,3,3,Lean,188000,,,,,65,54,49,67,57,65,57,49,63,65,64,62,72,70,75,62,65,60,62,60,66,73,68,57,51,60,65,62,60
C. Duvall,Chris Duvall,9/10/1991,27,152.4,72.1,"RB,LB",United States,65,66,525000,2000,Right,1,2,2,Normal,827000,,,,,62,34,55,64,45,58,57,33,55,60,74,78,68,59,74,62,69,69,69,48,70,60,56,57,38,52,64,63,62
Song Jin Hyung,송진형 宋金亨,8/13/1987,31,175.26,64.9,"CM,CAM,CDM",Korea Republic,65,65,500000,2000,Right,1,4,3,Lean,625000,,,,,65,59,56,66,58,64,64,71,63,65,75,79,78,63,79,63,38,66,52,59,67,52,63,72,67,63,55,60,63
Z. Kozulj,Zvonimir Kozulj,11/15/1993,25,154.94,76.2,CM,Bosnia Herzegovina,65,69,700000,2000,Right,1,3,3,Lean,998000,,,,,64,60,52,71,61,66,62,70,66,67,71,68,70,62,66,68,61,70,63,70,53,42,64,62,52,64,53,52,51
J. Bijol,Jaka Bijol,2/5/1999,20,190.5,84.8,"CDM,CM",Slovenia,65,78,900000,1000,Right,1,3,2,Stocky,2500000,,,,,45,49,68,65,52,56,45,47,58,58,57,69,53,58,45,58,72,65,75,46,66,68,41,66,49,54,64,64,65
M. Kopczyński,Michał Kopczyński,6/15/1992,26,154.94,69.9,"CB,CDM,CM",Poland,65,68,550000,3000,Right,1,3,2,Lean,,,,,,53,48,62,64,32,58,29,33,63,64,62,60,70,66,75,53,77,74,59,52,73,66,33,62,48,64,59,64,65
E. Ataseven,Eray Ataseven,6/29/1993,25,154.94,69.9,"CDM,CM",Turkey,65,70,600000,4000,Right,1,2,2,Normal,1200000,,,,,52,39,61,73,47,66,46,49,65,60,63,66,51,59,66,63,61,74,74,67,65,61,51,51,56,48,55,69,62
M. Bolly,Mathis Gazoa  Kippersund Bolly,11/14/1990,28,185.42,77.1,"RW,LW,ST",Ivory Coast,65,65,575000,2000,Right,1,4,3,Lean,719000,,,,,58,62,50,58,62,65,56,29,34,63,94,94,71,60,61,64,68,52,57,51,42,36,63,56,56,57,24,16,18
Willy,Luis Alfonso Ledesma Galán,1/23/1989,30,185.42,77.1,"ST,LM",Spain,65,65,550000,2000,Right,1,3,2,Normal,853000,,,,,55,66,64,59,58,61,43,36,40,58,68,69,57,63,59,63,69,64,70,61,79,13,65,50,69,59,26,15,22
A. Krešić,Anton Krešić,1/29/1996,23,198.12,83,CB,Croatia,65,73,675000,5000,Right,1,3,2,Lean,,,,,,28,41,64,43,35,31,35,30,29,42,59,56,46,52,31,41,73,65,82,28,64,65,34,32,43,58,61,70,65
D. Castillo,Daniel Castillo,10/23/1990,28,154.94,78,GK,Chile,65,68,450000,1000,Right,1,2,1,Normal,641000,,,,,25,20,17,45,17,22,16,18,38,15,45,51,38,52,66,18,58,44,63,20,34,29,15,38,21,41,14,18,17
F. Milo,Federico Milo,1/10/1992,27,154.94,74.8,"LB,LM,ST",Argentina,65,66,525000,4000,Left,1,3,3,Normal,801000,,,,,64,30,59,48,34,73,28,36,59,64,71,69,63,61,65,40,72,74,71,29,54,66,44,42,42,55,64,66,62
B. Adjei-Boateng,Bismark Adjei-Boateng,5/10/1994,24,154.94,73,"CM,CDM,RB,RWB",Ghana,65,71,725000,2000,Right,1,3,2,Lean,1200000,,,,,43,58,49,65,43,59,40,23,61,66,71,77,71,60,75,73,71,81,78,69,72,66,64,57,40,58,62,66,63
S. Brandy,Sören Brandy,5/6/1985,33,182.88,78.9,"ST,RM",Germany,65,65,350000,4000,Right,1,3,2,Normal,560000,,,,,66,62,60,64,58,62,60,55,56,65,65,70,72,63,68,71,84,68,73,59,70,22,62,59,49,68,28,31,31
A. Smárason,Arnór Smárason,9/7/1988,30,182.88,76.2,"CAM,RM",Iceland,65,65,525000,2000,Right,1,4,2,Normal,656000,,,,,62,60,55,64,63,62,65,62,61,66,62,68,66,67,72,74,75,74,76,68,68,55,64,61,68,62,43,53,49
R. Massimo,Roberto Massimo,10/12/2000,18,185.42,74.8,RM,Germany,65,82,1100000,4000,Right,1,5,3,Normal,,,,,,51,62,55,63,40,70,38,32,52,68,85,88,78,58,67,62,65,56,60,55,52,26,55,53,58,48,46,24,20
T. Bu Haymid,Tawfiq Bu Haymid,10/29/1987,31,170.18,68,"LB,RWB,LWB",Saudi Arabia,65,65,400000,5000,Left,1,3,2,Normal,660000,,,,,64,54,55,63,56,62,63,63,62,61,74,73,77,65,67,65,76,89,68,67,61,58,66,65,60,48,56,59,56
H. Acosta,Héctor Acosta Quintero,11/24/1991,27,152.4,76.2,RB,Mexico,65,65,450000,6000,Right,1,3,2,Lean,765000,,,,,59,33,56,56,23,55,43,43,55,61,69,73,59,63,65,35,57,61,64,28,55,66,45,32,36,50,62,67,67
Edu Espiau,Eduardo David Espiau Hernández,12/19/1994,24,185.42,78.9,ST,Spain,65,70,725000,3000,Right,1,3,2,Normal,1200000,,,,,42,65,70,59,55,62,47,39,53,61,62,63,56,64,55,62,70,60,62,63,38,22,65,53,59,51,21,18,19
T. Mpati,Tracy Mpati,3/21/1992,26,175.26,69.9,"RB,LB",Belgium,65,67,525000,4000,Right,1,3,2,Lean,801000,,,,,59,39,56,61,41,64,30,34,54,61,75,81,74,66,72,46,75,71,61,24,71,61,41,52,31,60,63,67,59
M. Lund Nielsen,Matti Lund Nielsen,5/8/1988,30,182.88,73.9,CM,Denmark,65,65,500000,2000,Right,1,3,2,Normal,625000,,,,,62,58,57,66,48,54,60,58,65,64,60,62,71,67,66,72,63,91,73,65,54,63,58,54,48,64,60,59,54
Allef,Allef de Andrade Rodrigues,11/4/1994,24,175.26,72.1,ST,Brazil,65,69,725000,2000,Right,1,2,3,Normal,1600000,,,,,32,66,67,50,64,68,54,41,39,65,69,68,75,60,78,67,71,67,65,58,30,17,63,57,68,57,19,20,20
S. Golbourne,Scott Golbourne,2/29/1988,31,172.72,77.1,LB,England,65,65,400000,3000,Left,1,3,2,Normal,700000,,,,,59,33,63,59,24,61,39,43,61,61,69,72,75,59,69,29,80,83,76,25,55,59,55,56,42,63,64,62,63
T. Božić,Tomislav Božić,11/1/1987,31,182.88,77.1,CB,Croatia,65,65,400000,1000,Right,1,3,2,Normal,540000,,,,,25,27,66,46,32,44,25,27,42,46,68,66,74,58,60,34,72,63,71,20,60,65,29,34,37,47,66,65,67
N. Sonko Sundberg,Noah Sonko Sundberg,6/6/1996,22,187.96,83.9,CB,Sweden,65,72,650000,1000,Right,1,3,2,Normal,943000,,,,,34,41,66,53,44,43,35,30,57,56,66,73,56,57,57,55,77,66,80,46,66,62,33,44,39,53,62,62,60
A. Stolz,Alexander Stolz,10/13/1983,35,187.96,88.9,GK,Germany,65,65,220000,6000,Right,1,2,1,Normal,374000,,,,,12,15,11,23,14,14,9,14,38,22,44,46,50,56,32,23,67,41,64,14,37,19,12,25,21,50,14,19,10
M. Orozco,Michael Orozco Fiscal,2/7/1986,33,175.26,76.2,CB,United States,65,65,300000,2000,Right,1,4,2,Normal,495000,,,,,57,35,65,67,19,54,48,49,60,54,61,57,57,63,65,58,84,61,75,56,67,62,42,53,59,60,60,63,63
K. Świderski,Karol Świderski,1/23/1997,22,182.88,78,"ST,CAM",Poland,65,75,875000,1000,Left,1,3,3,Lean,2000000,,,,,50,65,54,57,58,64,61,35,54,64,66,63,74,62,57,70,56,74,78,68,44,33,62,54,69,55,31,21,19
J. Bjørdal,Johan Lædre Bjørdal,5/5/1986,32,187.96,83,CB,Norway,65,65,300000,2000,Right,1,2,2,Lean,375000,,,,,44,32,65,60,31,40,25,27,61,57,60,55,61,58,56,67,67,69,83,52,68,60,44,57,34,69,61,63,63
H. Matynia,Hubert Matynia,11/4/1995,23,154.94,69.9,"LB,LM",Poland,65,72,650000,2000,Right,1,4,2,Lean,1000000,Poland,77,SUB,3,60,45,55,58,42,53,53,36,37,59,79,79,79,63,75,51,82,74,44,40,59,62,31,45,46,54,59,63,62
R. Kirilov,Radoslav Kirilov,6/29/1992,26,170.18,59.9,"LW,CAM",Bulgaria,65,66,,,Right,1,3,3,Lean,,,,,,65,53,59,65,51,71,56,39,59,71,79,79,89,53,89,53,55,68,33,50,29,18,55,51,58,53,36,23,14
K. Appiah,Kwesi Appiah,8/12/1990,28,154.94,79.8,ST,Ghana,65,65,575000,3000,Right,1,4,2,Lean,1000000,,,,,55,64,51,53,51,58,50,47,43,63,87,84,80,68,82,58,68,69,71,56,56,40,70,45,58,66,32,31,25
Loureiro,Miguel Loureiro Ameijenda,11/21/1996,22,154.94,76.2,RB,Spain,65,73,675000,2000,Right,1,3,3,Normal,1200000,,,,,59,33,62,59,36,63,38,37,31,65,63,62,49,65,81,32,58,68,69,28,54,62,51,37,44,50,58,73,69
J. Pérez,Joshua Pérez,1/21/1998,21,165.1,64,RW,United States,65,79,1200000,2000,Left,1,3,3,Stocky,2500000,,,,,65,58,53,65,59,69,58,56,52,67,69,66,71,57,84,67,45,34,44,62,39,29,61,64,68,58,58,35,36
R. McArdle,Rory McArdle,5/1/1987,31,185.42,73,CB,Northern Ireland,65,65,375000,3000,Right,1,3,2,Normal,656000,,,,,37,22,66,53,13,27,19,20,38,47,44,48,62,58,54,50,80,69,76,18,68,61,25,46,28,58,62,64,64
L. Grozurek,Lukas Grozurek,12/22/1991,27,187.96,83,"LM,ST",Austria,65,65,575000,5000,Right,1,4,3,Normal,834000,,,,,62,63,61,60,61,65,63,31,51,64,74,78,72,58,44,64,71,82,80,62,46,25,57,55,56,59,37,33,25
Kim Jin Ya,김진야 金真冶,6/30/1998,20,152.4,63,"RM,RB,LB",Korea Republic,65,77,975000,1000,Right,1,4,2,Lean,1400000,,,,,62,55,47,56,53,67,63,64,53,60,81,82,79,62,74,55,57,87,53,48,70,47,59,61,49,57,62,58,54
I. Šehić,Ibrahim Šehić,9/2/1988,30,190.5,78.9,GK,Bosnia Herzegovina,65,65,375000,3000,Right,1,1,1,Normal,731000,,,,,22,7,4,16,8,5,14,11,14,21,30,35,26,48,26,2,30,32,35,5,34,30,14,44,13,41,9,2,4
G. Gunning,Gavin Gunning,1/26/1991,28,187.96,79.8,"CB,LB",Republic of Ireland,65,65,450000,4000,Left,1,2,2,Normal,788000,,,,,55,39,65,51,33,50,50,56,49,55,62,67,69,54,62,60,80,70,78,48,79,58,44,48,44,55,62,64,62
K. Ford,Kortne Ford,1/26/1996,23,187.96,83.9,"CB,RB",United States,65,74,725000,2000,Right,1,2,2,Lean,1200000,,,,,25,29,60,50,26,39,18,23,27,43,64,71,59,62,58,30,77,68,84,16,77,60,27,34,38,48,62,65,61
W. Ponce,Walter Ponce,3/4/1998,21,154.94,68,ST,Chile,65,78,1100000,1000,Right,1,3,3,Lean,2100000,,,,,37,69,66,54,48,67,33,24,49,68,68,68,65,46,60,65,73,60,69,53,53,18,65,37,62,57,35,18,14
P. Jerez,Patricio Felipe Jerez Aguayo,6/29/1987,31,154.94,79.8,"RB,RM",Chile,65,65,350000,1000,Right,1,3,2,Normal,473000,,,,,68,21,57,62,27,55,28,28,52,58,60,60,57,59,53,59,70,82,70,20,48,64,35,37,43,53,60,65,64
J. Guthrie,Jon Guthrie,7/29/1992,26,193.04,82.1,CB,England,65,66,525000,2000,Left,1,3,2,Normal,958000,,,,,45,28,64,55,19,52,48,38,56,54,64,63,45,58,58,37,70,82,80,18,66,63,35,51,40,62,63,64,62
K. Hemmings,Kane Hemmings,4/8/1992,26,185.42,78,"ST,RM",England,65,66,650000,6000,Right,1,3,3,Normal,1200000,,,,,38,61,63,57,53,63,37,37,43,66,75,71,74,57,64,68,63,76,75,61,27,43,65,63,63,57,20,20,19
Henrique,Henrique de Andrade Silva,5/9/1985,33,165.1,59.9,"LW,RW,ST",Brazil,65,65,325000,2000,Right,1,3,3,Normal,406000,,,,,57,67,21,63,59,66,58,33,39,64,76,73,84,54,92,67,56,59,29,63,30,27,70,50,72,68,31,35,23
P. Haglund,Philip Haglund,3/22/1987,31,187.96,88,"CM,CDM,CAM",Sweden,65,65,475000,1000,Right,1,3,2,Normal,594000,,,,,40,61,75,67,45,57,48,42,62,62,47,53,50,68,51,68,64,78,79,62,81,60,69,62,58,64,58,61,53
F. Feuillassier,Francisco Feuillassier,5/12/1998,20,172.72,68.9,"LW,RW",Argentina,65,80,1200000,23000,Right,1,4,3,Normal,3200000,,,,,64,72,49,62,55,70,44,45,45,65,68,68,67,53,78,72,47,62,61,71,45,22,58,56,50,54,35,23,20
J. Deschamps,Jorge Luis Deschamps,5/13/1984,34,182.88,77.1,GK,Chile,65,65,220000,1000,Right,1,2,1,Lean,297000,,,,,28,20,30,25,20,7,12,23,45,23,41,48,69,68,57,42,56,25,55,20,25,16,15,62,29,55,12,11,13
Y. M'Bone,Yannick M'Bone,4/16/1993,25,185.42,82.1,CB,Cameroon,65,70,600000,2000,Right,1,3,2,Normal,1100000,,,,,55,49,68,62,50,57,50,46,55,58,52,51,57,62,55,57,64,83,75,42,68,64,42,50,53,64,60,61,60
Omar Santana,Omar Santana Cabrera,4/14/1991,27,175.26,64.9,"CAM,CM",Spain,65,66,625000,1000,Right,1,3,3,Lean,891000,,,,,46,57,44,63,52,67,53,59,57,71,69,69,71,69,69,45,60,63,52,49,49,39,64,60,48,53,44,55,51
S. Gomez,Sebastián Gómez Londoño,6/3/1996,22,170.18,67.1,"CM,CDM",Colombia,65,75,850000,1000,Left,1,3,3,Normal,1400000,,,,,40,51,43,72,34,63,38,38,66,66,64,60,57,62,70,56,58,79,65,54,52,60,52,58,54,63,71,60,54
J. Lozano,Jorge Lozano,1/14/1991,28,185.42,78.9,CB,Colombia,65,67,525000,1000,Left,1,3,2,Normal,748000,,,,,31,29,72,32,23,38,26,29,28,44,48,52,49,70,72,40,51,47,87,24,56,69,35,35,64,65,60,69,60
L. Amos,Luke Amos,2/23/1997,22,152.4,72.1,"CM,CDM",England,65,76,925000,13000,Left,1,4,3,Lean,1900000,,,,,57,44,44,70,36,61,54,48,67,62,58,63,66,60,71,57,65,68,61,62,66,57,48,70,45,63,62,66,61
M. Langer,Michael Langer,1/6/1985,34,195.58,93,GK,Austria,65,65,270000,5000,Right,1,1,1,Normal,459000,,,,,13,14,14,29,11,11,12,12,25,21,31,32,22,62,34,15,50,32,83,13,35,15,15,44,13,41,19,12,13
E. Hajri,Enis Hajri,3/6/1983,36,187.96,73.9,"RB,CDM,CB,LB",Tunisia,65,65,120000,2000,Right,1,4,2,Lean,192000,,,,,61,52,64,62,42,62,37,34,60,61,63,55,59,67,59,57,70,70,78,45,80,68,55,57,59,61,64,66,63
G. Bigirimana,Gael Bigirimana,10/22/1993,25,172.72,71.2,"CM,CDM",England,65,70,700000,2000,Right,1,3,2,Normal,1300000,,,,,58,49,35,66,40,63,70,74,67,62,72,72,86,65,78,53,66,75,65,62,74,60,53,62,53,74,61,64,60
Z. Arsenić,Zoran Arsenić,6/2/1994,24,187.96,74.8,"CB,RB",Croatia,65,72,650000,2000,Right,1,3,2,Lean,1000000,,,,,57,32,56,55,42,53,41,37,46,58,60,64,47,48,56,58,73,63,72,35,61,66,38,37,36,62,64,68,69
R. Scheu,Robin Scheu,2/16/1995,24,152.4,73.9,"RM,LM",Germany,65,71,750000,1000,Right,1,4,3,Normal,1200000,,,,,59,56,46,59,38,59,45,44,55,58,84,85,70,62,74,54,70,91,61,51,75,48,65,57,55,60,51,44,42
H. Da Campo,Hernán Da Campo,8/6/1994,24,175.26,69.9,"LM,RM,CM,CDM",Argentina,65,71,750000,4000,Right,1,3,2,Lean,1200000,,,,,64,64,41,62,39,63,57,54,53,65,69,73,65,61,64,62,64,72,69,56,58,48,58,66,55,49,44,55,45
Juan Cámara,Juan del Cármen Cámara Mesa,2/13/1994,25,154.94,66.2,"CM,LM,RM",Spain,65,69,700000,1000,Left,1,3,3,Lean,998000,,,,,66,63,59,69,56,66,68,55,68,67,73,73,80,58,70,61,66,58,42,66,43,52,64,61,66,61,65,52,43
J. Clarke-Harris,Jonson Clarke-Harris,7/21/1994,24,182.88,71.2,ST,England,65,70,725000,3000,Left,1,3,2,Normal,1300000,,,,,44,63,63,33,39,61,40,27,29,60,77,78,68,57,63,79,72,58,84,63,64,18,59,34,64,45,24,15,12
M. Oktay,Muhayer Oktay,4/28/1999,19,175.26,74.8,"CAM,CM",Turkey,65,78,1000000,5000,Right,1,3,3,Normal,2600000,,,,,60,50,40,68,60,70,69,58,67,68,73,67,77,47,75,68,52,52,52,59,50,31,55,69,50,55,45,38,33
D. Bergqvist,Douglas Bergqvist,3/29/1993,25,185.42,87.1,"CB,CM",Sweden,65,69,600000,2000,Right,1,4,2,Stocky,795000,,,,,39,23,69,56,24,53,27,27,64,56,50,59,51,55,57,50,72,70,88,31,88,53,33,53,35,55,56,62,54
J. Arias,Jafar Arias,6/16/1995,23,190.5,79.8,ST,Curacao,65,69,725000,2000,Right,1,2,2,Normal,1100000,,,,,31,67,66,57,52,62,38,34,32,58,55,67,43,59,52,72,62,60,83,62,53,18,60,50,51,54,25,23,26
C. Dikamona,Clévid Dikamona,6/23/1990,28,187.96,86.2,"CB,RB",Congo,65,66,500000,2000,Right,1,3,2,Normal,913000,,,,,22,15,59,60,17,52,24,21,65,50,60,63,57,55,42,38,62,60,90,21,67,59,12,39,31,68,58,66,64
José González,José Antonio González Estrada,12/20/1995,23,182.88,71.2,"CM,CAM",Spain,65,74,825000,2000,Right,1,3,2,Normal,1500000,,,,,57,45,58,77,43,60,48,45,75,59,64,61,60,64,62,64,57,56,60,48,61,50,64,59,52,45,46,59,55
J. Carranza,Julián Carranza,5/20/2000,18,182.88,74.8,ST,Argentina,65,83,1100000,2000,Right,1,3,3,Lean,2400000,,,,,44,65,57,62,45,63,48,44,40,66,71,73,66,65,69,61,60,56,63,57,42,26,68,55,67,59,33,23,21
F. Beltrán,Fernando Beltrán Cruz,5/8/1998,20,165.1,66.2,CM,Mexico,65,75,875000,7000,Right,1,4,3,Lean,1700000,,,,,53,51,50,68,52,65,58,53,66,69,70,74,75,63,91,62,51,59,65,60,57,56,53,67,56,66,61,57,55
C. Cropper,Cody Cropper,2/16/1993,26,193.04,91.2,GK,United States,65,69,500000,2000,Right,1,3,1,Normal,788000,,,,,11,13,11,15,11,11,12,16,17,23,34,37,40,58,38,17,54,28,57,14,25,16,10,43,21,41,17,13,15
P. Sohm,Pascal Sohm,11/2/1991,27,185.42,77.1,"ST,RM",Germany,65,66,650000,2000,Right,1,3,2,Normal,991000,,,,,62,62,48,60,57,62,66,37,54,63,76,77,73,66,61,72,54,85,75,56,48,17,67,59,54,68,24,23,25
Carlos Cordero,Carlos Cordero Pérez,9/26/1996,22,154.94,76.2,LB,Spain,65,74,725000,2000,Left,1,3,2,Lean,1300000,,,,,58,35,54,65,33,49,47,40,58,55,71,73,74,60,62,48,67,73,57,31,59,62,54,40,43,56,65,64,66
A. Hadžiahmetović,Amir Hadžiahmetović,3/8/1997,22,152.4,69.9,"LM,CAM,CDM",Bosnia Herzegovina,65,78,1000000,3000,Right,1,3,2,Lean,2700000,,,,,42,46,54,71,43,70,54,61,68,70,68,69,58,53,69,72,54,73,68,66,69,63,65,64,55,48,41,65,62
C. Halkett,Craig Halkett,5/29/1995,23,182.88,74.8,"CB,RB",Scotland,65,74,725000,2000,Left,1,3,2,Stocky,1400000,,,,,31,26,66,43,29,38,34,25,40,45,63,61,57,55,61,39,69,63,75,27,70,61,27,27,39,50,64,68,62
H. Bjørdal,Henrik Rørvik Bjørdal,2/4/1997,22,187.96,88.9,"RM,LM,CF,CAM",Norway,65,72,775000,3000,Right,1,3,3,Normal,1300000,,,,,57,60,54,67,53,67,58,43,64,67,69,65,68,59,71,60,71,67,65,59,58,50,59,66,48,61,37,57,53
J. Derstroff,Julian-Maurice Derstroff,1/5/1992,27,182.88,74.8,"LM,RM,ST",Germany,65,65,575000,3000,Left,1,3,3,Normal,891000,,,,,56,61,58,61,67,69,57,45,48,67,76,81,75,65,69,66,60,61,60,61,44,22,61,62,67,56,36,18,17
Han Peng,韩鹏,9/13/1983,35,187.96,84.8,ST,China PR,65,65,280000,4000,Right,1,4,2,Normal,602000,,,,,44,66,76,55,58,58,52,58,57,56,52,39,56,66,50,68,65,43,84,59,76,13,68,61,65,64,26,22,15
K. Ceesay,Kebba Ceesay,11/14/1987,31,154.94,73.9,"CB,RB",Gambia,65,65,400000,1000,Right,1,2,2,Normal,500000,,,,,58,49,55,56,43,59,49,36,59,63,77,85,72,60,69,51,81,83,76,48,75,62,57,48,59,54,60,63,64
A. Duarte,Alejandro Duarte,4/5/1994,24,152.4,76.2,GK,Peru,65,70,525000,2000,Right,1,2,1,Lean,906000,,,,,14,9,10,29,8,13,11,12,24,17,25,25,23,53,42,18,59,22,64,6,16,10,4,37,17,43,15,13,21
T. Röttger,Timo Röttger,7/12/1985,33,175.26,76.2,"ST,RM",Germany,65,65,425000,2000,Right,1,4,3,Normal,616000,,,,,60,62,57,55,61,67,61,39,34,67,70,70,79,63,80,70,69,81,61,63,74,35,66,51,52,67,32,39,31
M. Leitsch,Maxim Leitsch,5/16/1998,20,187.96,74.8,"CB,LB",Germany,65,78,925000,3000,Left,1,2,2,Lean,2100000,,,,,57,29,64,62,30,55,41,35,52,61,66,71,49,56,56,56,53,69,74,35,61,58,44,40,39,53,62,69,65
J. Leiva,Juan Andrés Leiva Mieres,11/11/1993,25,154.94,77.1,"LW,CAM",Chile,65,67,675000,1000,Left,1,3,2,Normal,962000,,,,,55,62,42,67,44,61,66,48,59,72,69,75,72,56,61,62,57,72,56,51,45,45,72,68,52,56,42,41,28
S. Torrizales,Silvano Torrizales,2/29/1992,27,152.4,74.8,CM,Paraguay,65,68,,,Right,1,3,3,Normal,,,,,,59,48,48,67,55,68,55,42,65,67,69,68,78,68,79,65,52,67,38,63,49,50,65,67,68,62,57,45,35
Gabriel Rodrigues,Gabriel Rodrigues da Silva,2/15/1996,23,193.04,86.2,ST,Brazil,65,72,775000,3000,Right,1,3,2,Lean,1800000,,,,,24,65,68,57,59,61,70,45,25,64,46,53,33,62,32,66,49,53,90,57,62,19,65,52,58,53,16,23,16
R. Gojani,Robert Gojani,10/19/1992,26,175.26,71.2,"CM,CDM",Sweden,65,67,650000,2000,Right,1,3,3,Lean,861000,,,,,54,39,42,69,44,65,57,53,69,64,74,66,85,66,82,53,77,79,58,49,58,48,60,69,55,68,58,43,43
C. Palomeque,Cristian Andrés Palomeque Valoyes,4/2/1994,24,170.18,72.1,LM,Colombia,65,68,675000,1000,Left,1,2,3,Stocky,962000,,,,,61,59,49,60,61,70,66,69,55,65,85,82,86,58,79,66,92,62,66,58,63,32,54,59,62,63,58,24,23
P. Madden,Paddy Madden,3/4/1990,29,182.88,76.2,ST,Republic of Ireland,65,65,550000,3000,Right,1,3,2,Lean,963000,,,,,43,66,59,56,63,59,52,47,49,61,73,69,70,68,62,67,71,82,67,58,56,29,65,52,67,59,32,32,26
R. Edwards,Ryan Edwards,10/7/1993,25,187.96,76.2,CB,England,65,69,600000,3000,Right,1,3,2,Normal,1100000,,,,,33,30,65,52,32,32,33,41,41,42,65,52,69,58,70,49,77,68,71,24,55,65,34,38,50,48,67,67,68
A. Marciniak,Adam Marciniak,9/28/1988,30,185.42,78,LB,Poland,65,65,400000,2000,Left,1,2,2,Normal,540000,,,,,51,48,60,61,22,62,58,61,57,65,71,73,64,64,63,75,67,73,75,60,73,69,40,46,47,55,63,64,62
G. Poussin,Gaëtan Poussin,1/13/1999,20,182.88,82.1,GK,France,65,79,950000,2000,Right,1,2,1,Normal,2500000,,,,,12,7,14,29,9,13,13,11,22,17,17,25,22,55,46,19,58,22,59,6,21,10,7,24,16,51,7,12,14
Viti,Víctor Álvarez Rozada,9/16/1997,21,170.18,64,RM,Spain,65,77,975000,2000,Right,1,2,3,Lean,1800000,,,,,61,57,37,59,48,64,53,41,54,62,82,88,82,61,81,53,32,70,35,46,68,41,62,53,53,55,29,31,32
Damià,Damià Sabater Tous,2/3/1996,23,152.4,73.9,"CDM,RM,CM",Spain,65,71,625000,5000,Right,1,3,2,Lean,1400000,,,,,48,54,58,67,46,61,51,43,65,68,70,61,58,63,67,49,65,72,49,59,70,62,32,73,70,60,66,60,57
Mauro Cerqueira,Mauro Rafael Geral Cerqueira,8/20/1992,26,152.4,78.9,LB,Portugal,65,67,550000,3000,Left,1,2,3,Normal,1200000,,,,,63,47,51,62,33,65,60,56,58,64,70,73,71,66,75,60,75,72,68,58,65,60,62,47,45,60,62,64,65
M. Pinto,Marcos Pinto,1/25/1994,25,172.72,73.9,LB,Argentina,65,69,575000,4000,Left,1,3,2,Normal,906000,,,,,68,33,50,53,35,63,69,60,50,58,74,72,71,61,68,58,67,73,63,38,63,62,43,50,40,58,64,62,67
L. Berry,Luke Berry,7/12/1992,26,152.4,72.1,CM,England,65,68,675000,3000,Right,1,3,3,Lean,1200000,,,,,57,61,66,67,53,63,45,57,63,64,68,69,77,63,74,56,78,70,67,57,61,58,62,66,56,57,55,55,48
Raphael Silva,Raphael da Silva Arruda,4/20/1992,26,190.5,83,CB,Brazil,65,69,575000,2000,Right,1,2,2,Normal,1300000,,,,,28,30,69,34,31,31,35,36,28,41,52,51,40,51,46,45,72,61,72,30,67,63,31,30,44,48,67,68,66
M. Dauda,Mohammed Dauda,2/20/1998,21,175.26,68.9,ST,Ghana,65,76,950000,4000,Right,1,3,3,Lean,,,,,,46,66,58,59,66,67,56,46,51,68,86,85,82,53,71,65,75,60,56,63,37,18,58,52,65,58,15,23,21
R. Kerschbaum,Roman Kerschbaum,1/19/1994,25,154.94,74.8,"CDM,CM",Austria,65,69,600000,3000,Right,1,3,2,Lean,915000,,,,,48,50,48,68,46,56,49,54,62,63,67,68,63,64,65,64,58,73,64,62,63,60,58,63,58,56,55,66,63
A. Batsula,Andriy Batsula,2/6/1992,27,185.42,78.9,"LB,LM",Ukraine,65,66,525000,4000,Left,1,3,2,Normal,827000,,,,,65,37,62,62,34,57,42,42,60,62,60,65,57,63,52,50,60,72,74,40,70,64,57,59,38,52,62,65,65
B. Innocent,Bonke Innocent,1/20/1996,23,154.94,69.9,"CDM,CM",Nigeria,65,74,725000,2000,Right,1,3,3,Normal,1100000,,,,,41,42,46,60,38,63,47,35,66,64,79,72,77,52,71,47,73,74,83,43,91,62,42,51,47,63,57,66,65
G. Esparza,Cristian Gabriel Esparza,1/30/1993,26,167.64,68.9,"LM,CAM",Argentina,65,66,650000,3000,Left,1,3,3,Normal,1000000,,,,,56,49,50,65,49,63,61,46,58,64,88,83,82,59,85,65,58,72,44,58,44,25,56,61,55,67,46,54,58
O. García,Olmes García,10/21/1992,26,182.88,73.9,"ST,LM",Colombia,65,66,650000,1000,Right,1,3,3,Lean,926000,,,,,49,61,56,64,56,70,57,34,43,65,90,88,84,60,57,65,65,71,69,48,60,14,59,48,60,65,24,40,26
J. Hanson,Jamie Hanson,11/10/1995,23,152.4,78.9,"RB,CDM,CM",England,65,73,675000,3000,Right,1,3,2,Normal,1300000,,,,,59,45,65,65,27,43,62,73,61,59,55,62,60,62,62,54,71,63,73,54,78,61,50,60,40,64,69,67,69
H. Zuck,Hendrick Zuck,7/21/1990,28,175.26,68.9,"LM,RM",Germany,65,65,575000,2000,Left,1,3,3,Lean,834000,,,,,67,34,49,68,60,67,53,39,53,67,73,71,80,64,80,65,63,59,43,58,41,27,64,70,56,58,25,31,36
M. Kirkeskov,Mikkel Kirkeskov,9/5/1991,27,185.42,79.8,LB,Denmark,65,66,525000,2000,Left,1,3,2,Normal,748000,,,,,65,40,48,65,37,61,65,69,62,63,72,70,69,62,62,62,60,74,72,55,69,62,55,55,52,60,61,65,63
M. Giannikoglou,Makis Giannikoglou,3/25/1993,25,187.96,84.8,GK,Greece,65,69,500000,1000,Right,1,2,1,Lean,1100000,,,,,11,6,13,15,6,10,11,10,23,11,27,33,60,56,46,24,70,44,66,5,41,8,8,30,19,54,18,11,11
Pedro Silva,Pedro José Moreira da Silva,2/13/1997,22,187.96,76.2,GK,Portugal,65,77,775000,2000,Right,1,3,1,Normal,,,,,,12,9,14,29,9,5,10,12,15,16,29,30,30,68,38,25,64,19,53,5,28,8,8,50,13,34,14,14,12
Choi Kyu Baek,최규백 崔圭伯,1/23/1994,25,187.96,76.2,CB,Korea Republic,65,71,625000,1000,Right,1,3,2,Normal,906000,,,,,40,21,68,57,26,38,27,28,59,45,66,70,58,61,58,40,66,64,76,22,43,69,32,50,36,65,64,67,66
Erik Expósito,Erik Alexander Expósito Hernández,6/23/1996,22,182.88,78,ST,Spain,65,75,875000,3000,Left,1,3,2,Normal,1600000,,,,,28,69,67,66,50,62,41,30,35,65,61,63,62,60,55,58,69,61,70,57,25,29,66,45,64,56,22,26,23
N. Aankour,Nabil Aankour,8/9/1993,25,172.72,69.9,"CAM,RM",Morocco,65,68,675000,2000,Right,1,3,3,Normal,962000,,,,,64,52,46,59,39,65,43,58,58,68,80,82,80,65,82,55,77,77,61,56,52,48,61,64,59,62,45,52,55
G. Paquiez,Gaëtan Paquiez,2/15/1994,25,182.88,72.1,"LB,RB",France,65,69,575000,4000,Left,1,2,2,Normal,1200000,,,,,58,34,57,68,47,57,51,43,59,54,69,74,64,59,66,58,60,78,64,44,60,66,54,54,51,58,62,60,65
T. Hołota,Tomasz Hołota,1/27/1991,28,182.88,83.9,CDM,Poland,65,66,500000,2000,Right,1,3,2,Normal,713000,,,,,54,51,67,65,40,60,34,48,62,62,62,59,54,56,56,66,32,72,80,62,66,63,52,59,55,55,62,62,62
Raul Asencio,Raúl José Asencio Moraes,5/20/1998,20,187.96,78,ST,Spain,65,78,1100000,4000,Right,1,3,2,Lean,,,,,,39,66,68,63,47,60,44,36,43,63,70,73,69,59,52,60,69,61,68,55,42,25,64,52,61,65,19,18,15
E. Pinnock,Ethan Pinnock,5/29/1993,25,193.04,78.9,CB,England,65,72,650000,3000,Left,1,3,2,Lean,1300000,,,,,42,20,62,58,21,52,33,24,46,55,65,68,59,52,49,42,65,65,73,30,61,66,36,45,31,55,64,65,62
S. O'Neill,Shane O'Neill,9/2/1993,25,187.96,86.2,CB,United States,65,70,625000,2000,Right,1,2,2,Normal,953000,,,,,46,48,49,64,42,60,59,43,60,62,59,67,53,70,49,62,63,58,80,51,67,62,53,54,42,59,62,63,63
J. Jervis,Jake Jervis,9/17/1991,27,190.5,82.1,"ST,RM",England,65,65,600000,3000,Right,1,3,2,Lean,,,,,,57,61,61,62,35,63,30,29,42,62,85,83,69,66,54,62,59,80,71,58,55,24,60,54,68,61,33,38,22
R. Wallace,Rodney Wallace,6/17/1988,30,182.88,74.8,"LM,LW",Costa Rica,65,65,500000,2000,Left,1,2,2,Normal,750000,,,,,62,60,63,63,56,63,67,49,56,58,77,74,72,61,70,64,73,85,64,60,66,60,59,60,59,60,30,55,55
Jaquité,João Lamine Jaquité,2/22/1996,23,172.72,64.9,CDM,Guinea Bissau,65,73,675000,1000,Right,1,2,2,Lean,1600000,,,,,48,32,56,64,34,62,47,46,60,63,68,67,82,60,85,63,80,83,44,54,79,66,41,49,46,55,69,66,60
T. Børven,Torgeir Børven,12/3/1991,27,185.42,72.1,ST,Norway,65,66,650000,2000,Right,1,4,2,Lean,861000,,,,,56,64,63,52,66,61,44,64,33,65,73,69,74,61,58,68,78,63,70,61,34,22,63,58,59,62,34,26,23
A. Leautey,Antoine Leautey,4/14/1996,22,172.72,68,LM,France,65,73,800000,2000,Right,1,2,2,Normal,1600000,,,,,62,59,28,63,59,64,62,60,56,61,84,87,83,54,83,50,56,62,43,41,42,18,62,61,58,52,41,24,30
N. Landgraf,Niklas Landgraf,3/1/1996,23,154.94,68,"CB,LWB,LM",Germany,65,73,675000,1000,Left,1,2,2,Lean,1100000,,,,,61,29,55,61,31,59,49,27,49,58,76,67,78,65,76,36,75,70,65,31,70,62,49,48,36,60,64,65,64
H. Piedra,Hamilton Piedra,2/20/1993,26,182.88,78,GK,Ecuador,65,69,,,Right,1,3,1,Lean,,,,,,15,14,19,31,14,17,20,13,18,24,42,41,59,55,53,21,59,42,54,13,25,24,20,12,28,34,10,20,13
B. Saka,Bukayo Saka,9/5/2001,17,152.4,69.9,"LW,RW",England,65,86,1200000,9000,Left,1,4,3,Normal,3400000,,,,,63,61,45,60,55,66,60,44,44,63,86,83,83,52,78,64,50,65,56,61,64,40,59,63,58,70,39,34,29
S. Al Jaman,Saleh Al Jaman,10/14/1993,25,175.26,64.9,"LM,ST,CAM",Saudi Arabia,65,68,675000,6000,Right,1,3,2,Lean,1200000,,,,,58,62,57,61,36,67,63,48,58,65,79,81,76,58,78,66,74,65,62,58,33,17,62,53,56,45,28,14,20
W. Marinus,Wouter Marinus,2/18/1995,24,152.4,73,"LM,CAM",Netherlands,65,70,725000,2000,Right,1,4,3,Normal,1100000,,,,,52,67,58,63,52,66,66,62,62,62,74,71,69,58,63,59,58,73,56,61,44,30,70,61,44,65,34,35,36
J. Mills,Joseph Mills,10/30/1989,29,175.26,69.9,"LWB,LB",England,65,65,425000,4000,Left,1,3,2,Normal,744000,,,,,67,41,55,58,44,65,66,67,64,60,81,74,74,60,76,50,71,76,71,48,61,60,58,59,49,64,61,63,60
A. Østbø,Arild Østbø,4/19/1991,27,182.88,74.8,GK,Norway,65,69,475000,2000,Right,1,2,1,Lean,653000,,,,,15,8,8,22,7,7,13,8,12,13,22,23,57,68,56,22,54,20,68,9,27,25,16,53,23,46,23,14,10
K. Guédé,Karim Guédé,1/7/1985,34,182.88,87.1,"ST,RM",Slovakia,65,65,350000,2000,Right,1,2,2,Stocky,560000,,,,,48,65,63,64,63,58,46,34,53,52,50,50,36,68,57,75,51,74,90,61,85,59,63,56,47,66,51,60,52
S. Ibeagha,Sebastien Uchechukwu Ibeagha,1/21/1992,27,187.96,84.8,CB,Nigeria,65,68,550000,2000,Right,1,3,2,Normal,866000,,,,,30,22,63,65,20,46,29,28,55,44,73,73,38,64,48,39,67,60,77,22,61,55,20,32,30,55,68,65,66
Mayoral,David Mayoral Lastras,4/5/1997,21,172.72,71.2,"RM,LM",Spain,65,75,875000,4000,Right,1,4,3,Normal,,,,,,67,61,39,59,39,69,67,63,55,66,87,79,87,48,83,58,44,65,42,52,45,21,51,53,60,57,35,31,34
K. Eisele,Kai Eisele,6/25/1995,23,190.5,76.2,GK,Germany,65,74,625000,1000,Right,1,5,1,Normal,1000000,,,,,8,7,9,16,5,4,13,13,19,11,20,18,39,52,21,14,40,29,68,7,31,13,2,38,12,31,10,12,9
O. Verdon,Olivier Verdon,10/5/1995,23,190.5,84.8,CB,Benin,65,72,650000,2000,Right,1,2,2,Normal,1300000,,,,,30,21,62,52,34,33,34,28,38,41,52,51,44,53,46,41,72,69,80,27,58,62,31,28,44,53,67,68,67
S. Olsson,Simon Olsson,9/14/1997,21,185.42,81.2,CM,Sweden,65,75,875000,1000,Right,1,3,3,Normal,1300000,,,,,57,28,44,74,38,67,54,42,69,74,64,59,60,55,69,51,37,69,69,55,64,51,48,62,44,68,58,52,54
P. Gladon,Paul Gladon,3/18/1992,26,187.96,83,ST,Netherlands,65,67,675000,3000,Right,1,4,2,Normal,1100000,,,,,43,66,70,54,62,60,64,51,51,65,48,50,54,66,58,71,71,59,76,57,46,29,66,49,60,72,20,21,20
C. Pickel,Charles Pickel,5/15/1997,21,182.88,76.2,"CDM,CM",Switzerland,65,79,1100000,3000,Right,1,3,2,Normal,,,,,,56,51,65,66,32,60,38,40,62,68,68,71,61,65,62,58,74,68,76,55,70,60,56,69,35,68,56,62,58
J. Sargent,Josh Sargent,2/20/2000,19,185.42,78.9,ST,United States,65,85,1100000,4000,Right,1,3,3,Normal,3000000,United States,74,SUB,16,43,68,58,56,58,66,62,56,46,67,79,76,76,61,67,67,64,67,60,58,56,38,60,54,57,61,29,27,21
K. Hashimoto,橋本 拳人,8/16/1993,25,154.94,73.9,"CM,CDM",Japan,65,70,700000,3000,Right,1,2,3,Lean,928000,,,,,62,59,58,66,45,65,54,56,64,64,70,70,67,63,58,56,54,76,70,53,61,65,65,62,57,57,52,61,56
G. Melkadze,Georgiy Melkadze,4/4/1997,21,182.88,83.9,"LM,CAM",Russia,65,74,850000,1000,Right,1,3,3,Normal,2000000,,,,,52,59,68,64,49,65,47,48,58,65,75,73,72,58,65,65,71,67,75,63,81,45,64,64,50,63,55,41,32
A. Palavecino,Augustín Palavecino,11/9/1996,22,154.94,73,CAM,Argentina,65,73,800000,1000,Right,1,3,3,Normal,1300000,,,,,61,51,35,67,48,65,60,57,65,67,74,71,76,60,65,70,52,70,52,67,43,21,58,63,53,58,33,39,43
N. Korzun,Nikita Korzun,3/6/1995,24,175.26,68,CDM,Belarus,65,75,750000,6000,Right,1,3,2,Normal,1400000,,,,,49,31,45,72,35,59,30,30,65,66,66,65,59,67,77,53,62,65,53,53,72,66,48,59,37,45,53,56,61
J. Riley,Joe Riley,12/6/1996,22,182.88,71.2,"RB,RWB",England,65,74,725000,2000,Right,1,3,3,Normal,1400000,,,,,66,31,60,63,41,68,55,63,56,64,75,78,64,62,74,64,64,70,61,45,71,59,55,52,42,57,62,62,61
O. Marciano,Ofir Marciano,10/7/1989,29,193.04,87.1,GK,Israel,65,67,450000,2000,Right,1,3,1,Normal,821000,,,,,12,12,13,27,12,19,17,17,16,17,40,44,33,67,40,16,50,33,80,13,19,16,19,25,25,45,19,11,11
A. Butler,Andy Butler,11/4/1983,35,182.88,83,CB,England,65,65,160000,3000,Left,1,3,2,Normal,280000,,,,,41,33,66,51,52,35,17,27,48,52,42,35,54,58,59,48,72,73,77,25,70,60,25,47,38,52,64,65,64
O. Cissé,Ousseynou Cissé,4/8/1991,27,195.58,84.8,"CDM,CM",Mali,65,66,500000,4000,Left,1,3,2,Lean,913000,,,,,44,43,67,64,40,59,40,42,62,65,51,46,33,46,43,67,67,79,89,44,73,65,42,51,46,67,57,69,55
B. Al Nakhli,Bader Al Nakhli,5/20/1988,30,152.4,68.9,CB,Saudi Arabia,65,65,400000,4000,Right,1,3,2,Lean,660000,,,,,57,39,57,54,43,56,23,31,48,60,61,68,67,63,60,40,74,71,75,43,74,62,35,47,39,54,59,66,67
Yoon Bit Garam,윤빛가람 尹光河,5/7/1990,28,152.4,74.8,CM,Korea Republic,65,65,525000,1000,Right,2,4,3,Lean,656000,,,,,62,62,54,65,64,67,64,68,62,61,73,76,72,67,73,72,66,67,72,61,70,64,67,65,63,56,58,55,47
T. Holý,Tomáš Holý,12/10/1991,27,205.74,102.1,GK,Czech Republic,65,69,500000,2000,Right,1,3,1,Normal,913000,,,,,13,18,18,18,20,16,20,14,29,19,34,33,35,55,41,26,48,19,60,16,21,15,9,30,23,43,16,25,25
J. Serrano,Julien Serrano,2/13/1998,21,154.94,64.9,LB,France,65,78,925000,9000,Left,1,3,2,Lean,2300000,,,,,63,35,60,60,34,60,49,40,52,59,71,73,57,56,69,39,57,59,54,33,52,59,55,40,49,54,65,69,68
R. Seigers,Rubin Seigers,1/11/1998,21,187.96,83,"CB,RB",Belgium,65,74,725000,3000,Right,1,2,2,Lean,1200000,,,,,52,20,63,55,24,41,41,26,47,52,65,68,59,52,62,37,63,60,75,21,63,64,31,43,27,53,64,67,66
G. Fechner,Gino Fechner,9/5/1997,21,187.96,78,"CDM,CB",Germany,65,77,850000,1000,Right,1,3,2,Normal,1400000,,,,,41,38,63,69,27,52,34,40,67,65,66,65,64,57,57,51,66,57,72,42,66,64,43,58,41,54,65,66,59
A. Borysiuk,Ariel Borysiuk,7/29/1991,27,152.4,69.9,"CDM,CM",Poland,65,67,550000,2000,Right,1,3,2,Normal,,,,,,57,47,50,62,57,59,56,57,59,63,68,65,72,69,75,70,84,71,68,62,72,65,56,65,45,67,53,64,62
K. Sheppard,Karl Sheppard,2/14/1991,28,154.94,79.8,"RM,ST,LM,RW",Republic of Ireland,65,65,575000,1000,Right,1,3,3,Normal,891000,,,,,62,58,59,59,59,61,60,50,57,62,85,85,76,55,60,61,79,75,74,57,69,30,61,58,63,58,40,12,16
Junio,Junio Ricardo da Rocha,2/27/1997,22,182.88,74.8,RB,Brazil,65,75,750000,4000,Right,1,2,2,Normal,,,,,,66,28,60,68,27,63,48,36,45,60,73,71,63,55,59,39,56,53,57,33,67,64,60,41,42,55,59,68,66
C. Martinez,Cristian Martinez,2/6/1997,22,170.18,78.9,"RM,LM",Panama,65,70,725000,2000,Right,1,5,2,Normal,1100000,,,,,60,57,57,62,57,66,60,57,58,62,81,78,77,57,78,63,60,66,60,59,60,42,59,60,57,62,44,49,42
P. Yrizar,Paolo Yrizar,8/6/1997,21,182.88,78,"ST,LM,RM",Mexico,65,70,750000,3000,Left,1,3,3,Lean,1300000,,,,,58,66,62,70,46,67,40,32,59,65,74,72,65,59,58,60,64,44,68,54,38,25,60,58,60,60,19,19,16
Hwang In Beom,황인범 In Beom Hwang,9/20/1996,22,152.4,69.9,"CM,CAM",Korea Republic,65,71,725000,2000,Right,1,3,3,Normal,1200000,,,,,47,64,36,67,46,63,48,37,60,67,66,64,56,73,73,69,56,77,60,63,64,60,63,60,42,61,52,45,49
M. Johnston,Michael Johnston,4/19/1999,19,175.26,66.2,"LM,CF",Scotland,65,80,1200000,6000,Right,1,3,4,Lean,2800000,,,,,63,58,44,60,49,70,59,44,48,68,87,86,86,52,79,58,51,63,36,50,27,20,53,57,44,63,32,27,25
S. Romero,Sergio Esteban Romero Méndez,11/22/1988,30,172.72,69.9,ST,Colombia,65,65,550000,1000,Right,1,4,3,Normal,743000,,,,,67,65,66,65,57,69,69,57,57,70,79,67,66,66,64,60,53,67,44,55,38,34,63,63,80,62,55,23,14
B. Shea,Brek Shea,2/28/1990,29,190.5,86.2,"LM,LB",United States,65,65,550000,2000,Left,1,2,3,Normal,825000,,,,,59,62,66,62,61,68,72,64,64,65,67,72,79,61,57,80,64,69,76,59,75,63,64,62,65,61,61,51,59
J. Thomassen,Jordy Thomassen,4/15/1993,25,187.96,78,ST,Netherlands,65,68,700000,3000,Right,1,3,2,Normal,,,,,,40,66,64,54,57,64,54,27,37,62,63,69,68,63,59,62,65,67,80,61,56,11,65,57,64,62,22,15,17
Gao Zhunyi,高准翼,8/21/1995,23,185.42,69.9,"CB,RB",China PR,65,74,725000,4000,Right,1,2,2,Normal,1700000,,,,,59,35,67,65,47,52,43,49,64,56,63,65,73,61,59,63,68,68,76,57,55,64,40,52,63,49,66,60,58
U. Garcia,Ulisses Garcia,1/11/1996,23,182.88,82.1,"LB,LM",Switzerland,65,72,650000,4000,Left,1,3,3,Normal,1100000,,,,,61,29,54,59,28,66,39,31,46,65,65,75,63,61,65,35,62,78,75,29,61,62,45,43,34,49,59,63,64
J. Welsh,John Welsh,1/10/1984,35,170.18,73,"CDM,CM",England,65,65,160000,3000,Right,1,3,2,Stocky,280000,,,,,53,39,56,64,41,55,47,49,59,62,31,34,41,63,70,61,71,63,76,53,80,66,47,50,46,66,62,67,63
L. Brown,Lee Brown,8/10/1990,28,182.88,78.9,LB,England,65,65,450000,3000,Left,1,2,2,Stocky,788000,,,,,61,47,62,62,45,58,64,62,59,60,69,72,64,60,76,67,78,84,78,58,57,58,49,57,67,71,65,64,62
M. Bülter,Marius Bülter,3/29/1993,25,187.96,84.8,"RM,LM,RB,CF",Germany,65,68,675000,4000,Right,1,3,3,Normal,1100000,,,,,65,62,55,60,60,73,63,40,46,70,77,75,69,45,64,64,44,55,66,58,46,28,66,55,50,56,38,38,33
A. Hanche-Olsen,Andreas Hanche-Olsen,1/17/1997,22,185.42,73.9,"CB,RB",Norway,65,73,700000,1000,Right,1,3,2,Normal,1000000,,,,,52,33,63,57,31,54,42,29,46,53,63,68,57,62,78,40,73,63,73,26,67,65,46,35,38,64,61,64,63
A. Diallo,Abdoulaye Diallo,1/15/1996,23,182.88,77.1,ST,Senegal,65,72,775000,3000,Right,1,2,3,Stocky,1800000,,,,,34,66,65,54,64,58,49,42,31,60,53,66,66,61,52,72,80,57,78,62,70,12,64,48,62,49,15,14,15
C. Mandouki,Cyril Mandouki,8/21/1991,27,154.94,73,"CM,CDM",France,65,66,625000,2000,Right,1,3,3,Normal,1100000,,,,,59,52,59,65,45,64,56,38,64,65,59,63,60,63,67,60,66,72,67,54,67,65,63,65,45,61,64,66,64
J. Godínez,Jesús Godínez,1/21/1997,22,182.88,78.9,ST,Mexico,65,74,850000,8000,Right,1,3,2,Normal,1600000,,,,,52,65,71,56,58,63,57,27,26,62,67,71,54,58,53,61,63,56,78,58,62,26,60,53,60,61,28,21,25
E. Iyoha,Emmanuel Iyoha,10/11/1997,21,190.5,86.2,"ST,LW,RW",Germany,65,77,975000,6000,Right,1,3,3,Lean,,,,,,58,61,47,54,58,68,60,40,41,65,80,90,72,65,56,69,60,75,68,60,27,16,65,41,56,55,21,13,13
J. Cano,Jhon Alexander Cano Angulo,12/20/1982,36,175.26,73.9,RB,Colombia,65,65,120000,1000,Right,1,2,2,Normal,162000,,,,,65,25,49,66,27,58,33,59,46,60,65,70,66,71,71,40,63,66,62,37,62,66,57,42,57,65,45,66,67
C. Klem,Christian Klem,4/21/1991,27,172.72,71.2,"LB,LM",Austria,65,66,500000,3000,Left,1,2,2,Normal,763000,,,,,60,40,38,58,40,55,61,54,52,63,84,79,85,61,85,52,61,92,55,41,64,60,54,55,45,58,63,61,57
I. Paro,Issouf Paro,10/16/1994,24,182.88,78.9,"CB,RB",Burkina Faso,65,70,625000,2000,Right,1,2,2,Lean,1100000,,,,,58,18,67,65,32,45,21,28,61,51,64,68,39,54,44,47,55,63,72,38,63,60,28,47,38,62,62,68,62
Iury,Iury Lirio Freitas de Castilho,9/6/1995,23,185.42,71.2,ST,Brazil,65,73,800000,5000,Right,1,3,2,Lean,1500000,,,,,35,66,65,57,58,54,34,27,41,63,70,64,61,57,49,64,55,59,82,54,68,19,66,59,63,58,35,23,21
J. Pohl,Jannik Pohl,4/6/1996,22,182.88,77.1,ST,Denmark,65,76,925000,3000,Right,1,3,2,Normal,1600000,,,,,58,59,53,60,42,60,37,34,48,62,87,87,74,62,77,60,66,72,78,52,58,24,72,50,66,54,50,32,22
A. Kolev,Alexander Kolev,12/8/1992,26,190.5,81.2,ST,Bulgaria,65,68,700000,2000,Right,1,3,3,Normal,998000,,,,,43,60,61,59,61,63,61,50,45,64,77,71,73,64,69,67,64,73,80,63,67,43,61,52,54,64,41,36,32
Brugui,Roger Brugué Ayguade,11/4/1996,22,172.72,68,"LM,RM,CM",Spain,65,73,800000,2000,Left,1,3,2,Normal,1400000,,,,,55,59,58,62,52,64,58,57,58,62,85,83,85,63,72,59,67,65,64,58,55,40,63,58,61,60,29,49,48
F. Knudsen,Fredrik Pallesen Knudsen,8/30/1996,22,190.5,83,CB,Norway,65,77,850000,1000,Right,1,3,2,Normal,1200000,,,,,31,18,63,54,28,32,23,23,46,50,51,62,43,64,46,42,77,65,78,21,72,64,21,26,34,58,57,65,64
C. Laprevotte,Charles Elie Laprevotte,10/4/1992,26,154.94,73,"CDM,CM,LM",France,65,68,575000,4000,Right,1,3,2,Lean,934000,,,,,55,54,45,68,47,61,46,43,63,65,70,71,68,62,73,59,63,66,67,53,64,61,55,66,49,56,61,63,61
T. Hopper,Tom Hopper,12/14/1993,25,185.42,76.2,ST,England,65,68,700000,3000,Left,1,3,2,Normal,1300000,,,,,44,66,63,56,58,57,42,30,40,63,62,68,69,63,64,64,79,72,76,50,62,17,68,58,62,64,21,23,14
H. Dahmani,Hamdi Dahmani,11/16/1987,31,152.4,78,"CAM,ST,LM",Germany,65,65,500000,1000,Left,1,4,3,Lean,725000,,,,,54,64,64,64,61,62,45,44,57,60,76,79,78,66,72,62,63,85,66,59,62,38,68,58,56,61,48,41,32
J. Ness,Jamie Ness,3/2/1991,28,152.4,69.9,"CM,CDM",Scotland,65,66,600000,3000,Left,1,3,2,Normal,1100000,,,,,62,52,58,63,43,60,53,58,65,65,43,55,70,63,73,66,65,73,73,55,57,62,58,68,61,67,61,62,59
O. Eddahri,Omar Eddahri,8/30/1990,28,185.42,77.1,"CF,LM",Sweden,65,65,575000,1000,Right,1,2,3,Lean,719000,,,,,57,63,49,60,58,73,68,59,56,70,68,66,78,61,69,59,45,70,62,65,42,35,63,67,62,72,42,36,33
A. Corsi,Angelo Corsi,5/18/1989,29,154.94,72.1,"RM,RB,RWB",Italy,65,65,525000,1000,Right,1,3,2,Normal,814000,,,,,67,57,60,66,52,62,60,58,62,64,66,70,74,63,71,62,70,67,66,59,62,60,58,60,55,64,62,62,62
A. Falatah,Adnan Ibrahem Falatah,10/20/1983,35,175.26,69.9,"LB,CB",Saudi Arabia,65,65,150000,5000,Left,1,2,3,Normal,248000,,,,,63,43,65,64,23,63,58,59,66,63,66,75,65,61,65,66,72,71,72,55,80,64,64,62,55,62,56,64,62
César Ortiz,César Ortiz Puentenueva,1/30/1989,30,182.88,72.1,CB,Spain,65,65,425000,5000,Right,1,3,2,Normal,616000,,,,,50,15,57,60,27,28,40,37,59,49,39,36,56,55,57,41,79,71,79,22,70,65,22,34,36,58,66,63,62
J. Toivio,Joona Toivio,3/10/1988,30,185.42,87.1,CB,Finland,65,65,400000,1000,Right,1,3,2,Normal,500000,Finland,70,SUB,4,55,42,65,58,35,47,64,63,57,57,53,62,53,63,44,78,76,65,75,55,64,61,35,42,59,62,62,67,59
D. Baumann,Dominic Baumann,4/24/1995,23,152.4,81.2,"ST,CAM",Germany,65,70,725000,2000,Right,1,3,3,Stocky,1100000,,,,,46,61,64,59,51,60,51,32,48,61,67,68,66,59,78,75,77,55,79,55,61,23,67,55,58,48,28,21,23
S. Wagstaff,Scott Wagstaff,3/31/1990,28,152.4,78.9,RM,England,65,65,550000,3000,Right,1,4,2,Normal,963000,,,,,67,57,47,56,54,64,61,42,57,62,84,79,77,58,70,57,76,76,62,46,47,57,62,59,44,54,58,59,57
João Moutinho,João Gervásio Bragança Moutinho,1/12/1998,21,182.88,69.9,"LB,CB",Portugal,65,79,1100000,2000,Right,1,2,2,Normal,2200000,,,,,55,19,62,62,28,55,28,27,40,60,65,64,48,66,64,35,72,65,65,16,58,67,22,33,34,46,65,65,64
D. Gazdag,Dániel Gazdag,3/2/1996,23,152.4,76.2,CM,Hungary,65,76,,,Right,1,3,3,Normal,,,,,,45,49,44,71,57,68,59,40,68,67,71,73,70,70,66,61,58,57,54,60,62,52,48,70,47,60,44,36,46
N. Medvedev,Nikita Medvedev,12/17/1994,24,193.04,79.8,GK,Russia,65,73,600000,1000,Right,1,2,1,Lean,1400000,,,,,14,7,12,28,9,13,11,13,26,14,23,31,22,62,29,17,31,16,58,8,24,14,6,28,19,35,7,12,13
D. Charles,Darius Charles,12/10/1987,31,185.42,84.8,CB,England,65,65,400000,2000,Left,1,3,2,Stocky,700000,,,,,46,45,61,56,45,52,53,33,53,55,50,68,60,57,48,56,75,70,85,47,75,58,48,41,54,57,62,63,60
A. Ndom,Aly Ndom,5/30/1996,22,187.96,79.8,"CDM,CM",France,65,74,725000,4000,Left,1,2,3,Normal,,,,,,39,48,71,67,46,67,44,44,65,70,55,54,57,55,52,59,69,57,81,62,44,66,57,66,66,62,58,67,58
C. Doidge,Christian Doidge,8/25/1992,26,185.42,77.1,ST,Wales,65,67,675000,5000,Right,1,3,2,Lean,1200000,,,,,38,66,68,51,53,59,34,25,40,63,61,67,60,63,68,64,81,76,74,46,57,26,67,49,64,61,25,25,20
L. Tipton,Luis Alberto Tipton Palacio,7/28/1992,26,152.4,78,LB,Colombia,65,65,475000,1000,Left,1,3,2,Normal,641000,,,,,62,45,60,62,38,58,64,66,59,60,75,76,67,63,61,66,63,77,74,32,68,61,50,57,49,52,60,60,58
S. Arai,新井 翔太,11/1/1988,30,185.42,82.1,GK,Japan,65,65,375000,2000,Right,1,3,1,Lean,488000,,,,,13,9,12,21,8,9,13,14,16,16,48,50,62,67,48,24,64,34,72,9,30,11,7,60,10,37,9,14,12
S. Payne,Stefan Payne,8/10/1991,27,152.4,73.9,ST,England,65,65,600000,3000,Right,1,3,3,Normal,,,,,,50,65,59,55,54,62,41,36,39,62,80,77,77,60,72,65,62,72,79,55,47,32,65,54,57,58,23,16,30
Pité,Luís Pedro de Freitas Pinto Trabulo,8/22/1994,24,187.96,78,LB,Portugal,65,70,600000,1000,Left,1,2,3,Lean,1300000,,,,,62,42,64,62,45,69,56,41,56,71,59,58,58,69,52,71,63,61,72,47,65,64,66,58,54,63,61,67,64
R. van der Meer,Robin van der Meer,2/21/1995,24,195.58,86.2,LB,Netherlands,65,70,600000,2000,Left,1,3,2,Normal,915000,,,,,67,34,70,62,33,62,54,40,60,60,62,69,48,63,45,53,61,77,81,40,74,62,52,51,42,59,60,65,60
B. Close,Ben Close,8/8/1996,22,175.26,74.8,"CM,CDM,CAM",England,65,76,925000,3000,Right,1,3,3,Normal,1800000,,,,,56,44,52,73,35,60,45,43,66,66,74,69,70,59,71,56,60,77,58,57,50,62,54,62,38,73,62,63,59
Yang Zhi,杨智,1/15/1983,36,185.42,78.9,GK,China PR,65,65,130000,2000,Right,1,3,1,Normal,280000,,,,,20,11,25,14,11,11,23,20,17,20,42,65,67,70,54,11,74,38,68,12,42,16,13,62,22,67,26,11,11
Y. Maruhashi,丸橋 祐介,9/2/1990,28,152.4,73,LB,Japan,65,65,450000,2000,Left,1,2,3,Normal,563000,,,,,69,51,39,69,41,65,64,67,63,63,75,77,79,64,72,61,62,72,60,36,46,55,63,45,34,51,47,63,66
E. Miller,Eric Miller,1/15/1993,26,182.88,78.9,"RB,LB,LWB,RWB",United States,65,68,550000,2000,Right,1,3,2,Lean,866000,,,,,60,31,54,60,30,57,33,39,52,60,74,79,66,63,56,44,80,75,63,39,72,60,62,42,42,54,66,63,60
D. Gape,Dominic Gape,9/9/1994,24,175.26,69.9,CM,England,65,70,700000,2000,Right,1,3,2,Normal,1300000,,,,,58,54,57,65,44,62,52,43,64,64,67,65,70,62,73,63,74,77,68,62,74,63,55,64,56,60,64,64,63
R. McLaughlin,Ryan McLaughlin,9/30/1994,24,175.26,68.9,"RM,RWB,RB",Northern Ireland,65,71,750000,2000,Right,1,3,3,Normal,1500000,,,,,64,51,51,62,23,67,58,41,56,65,82,77,74,59,78,54,82,74,65,47,60,56,58,58,59,53,49,64,63
E. Ampadu,Ethan Ampadu,9/14/2000,18,182.88,72.1,"CB,CDM",Wales,65,86,1100000,8000,Right,1,3,2,Lean,3000000,Wales,75,LDM,15,27,23,59,70,25,57,34,27,64,58,62,58,56,61,68,52,74,60,67,22,57,62,29,59,33,64,66,67,65
J. Chapman,Jay Chapman,1/1/1994,25,182.88,71.2,"CM,RM",Canada,65,67,650000,2000,Right,1,2,3,Lean,1000000,,,,,49,52,55,66,54,67,62,52,61,68,67,69,64,66,67,59,72,69,67,55,69,52,62,64,56,63,42,59,53
Markel Areitio,Markel Areitio Cedrún,9/7/1996,22,154.94,68.9,GK,Spain,65,76,725000,3000,Right,1,3,1,Normal,1700000,,,,,18,18,11,15,13,16,11,15,19,11,44,43,50,54,48,11,62,34,55,16,18,16,13,50,16,45,25,10,11
D. Dankerlui,Damil Dankerlui,8/24/1996,22,172.72,71.2,RB,Netherlands,65,73,675000,2000,Right,1,4,2,Normal,1100000,,,,,55,32,54,64,29,58,49,37,42,63,78,79,72,61,75,59,73,68,68,35,65,63,48,44,49,63,62,65,64
B. Tuiloma,Bill Tuiloma,3/27/1995,23,182.88,78,"CB,CDM,RB",New Zealand,65,70,625000,2000,Right,1,3,2,Normal,984000,,,,,55,32,58,64,25,56,33,32,59,53,60,57,49,59,62,49,60,68,76,31,60,66,51,57,37,63,65,67,64
A. Ibsen Rømer,André Ibsen Rømer,7/18/1993,25,185.42,73.9,"CM,CDM",Denmark,65,69,700000,3000,Right,1,3,2,Normal,928000,,,,,66,35,60,66,60,62,58,43,63,68,70,71,69,60,60,65,65,83,73,39,77,64,64,64,30,64,60,69,68
M. Ingram,Matt Ingram,12/18/1993,25,190.5,82.1,GK,England,65,71,550000,2000,Left,1,3,1,Normal,1200000,,,,,19,13,17,19,12,12,11,14,32,24,34,39,57,53,28,24,57,21,57,13,16,11,10,23,18,46,17,11,11
Lucas Marques,Lucas Marques de Oliveira,5/24/1995,23,152.4,72.1,CDM,Brazil,65,73,675000,1000,Right,1,3,2,Normal,1600000,,,,,47,40,58,70,32,59,47,39,68,59,69,67,63,55,69,75,82,74,66,61,65,59,49,50,48,53,62,67,64
N. Briasco,Norberto Briasco,2/29/1996,23,152.4,82.1,"ST,RM",Armenia,65,75,875000,4000,Right,1,2,2,Normal,1500000,,,,,39,70,67,56,44,66,44,38,44,62,63,70,68,58,65,67,61,57,61,64,47,20,60,51,68,56,19,14,22
J. Sabbatini,Jonathan Maximiliano Sabbatini Perfecto,3/31/1988,30,175.26,71.2,"CM,CDM",Uruguay,65,65,500000,2000,Right,1,3,3,Normal,725000,,,,,61,52,52,67,57,65,62,57,59,72,70,60,72,61,74,59,49,70,64,45,60,58,66,67,47,62,56,55,52
B. Youssouf,Benjaloud Youssouf,2/11/1994,25,175.26,73.9,"RB,LB,RM",Comoros,65,70,600000,2000,Right,1,2,2,Normal,1100000,,,,,62,30,61,59,25,58,45,32,57,58,76,73,61,64,74,48,70,68,57,48,62,66,41,51,39,62,58,62,64
J. Rodríguez,Juan David Rodríguez Rico,9/24/1992,26,154.94,69.9,"CM,CAM",Colombia,65,68,675000,1000,Left,1,3,2,Normal,962000,,,,,50,69,42,72,39,59,37,45,67,62,76,70,74,52,63,54,66,79,70,56,51,37,68,77,60,66,45,44,48
J. Mendes,Joseph Mendes,3/30/1991,27,185.42,79.8,"ST,RM",France,65,65,575000,2000,Right,1,3,2,Normal,1000000,,,,,51,64,68,56,59,61,59,57,44,58,68,79,66,54,60,66,71,48,78,60,55,38,65,51,63,56,19,45,19
A. Díaz,Alejandro Díaz Liceága,1/27/1996,23,175.26,72.1,ST,Mexico,65,72,775000,13000,Right,1,4,3,Lean,,,,,,55,65,63,58,62,63,59,48,52,63,73,74,75,60,64,62,73,63,60,56,55,25,66,59,58,69,19,25,27
E. Ebanks-Landell,Ethan Ebanks-Landell,12/16/1992,26,187.96,88,CB,England,65,66,525000,13000,Right,1,3,2,Stocky,,,,,,51,39,61,52,35,52,32,22,52,52,55,60,54,58,55,66,68,61,78,58,70,62,33,52,36,49,64,67,64
J. Thorniley,Jordan Thorniley,11/24/1996,22,154.94,64,"CB,LB",England,65,77,850000,5000,Left,1,2,2,Normal,1800000,,,,,50,32,63,58,34,50,32,29,52,52,65,60,52,51,70,43,73,64,72,34,68,62,31,36,49,62,66,67,64
D. Poleon,Dominic Poleon,9/7/1993,25,175.26,82.1,"ST,LM",England,65,69,725000,3000,Right,1,3,2,Stocky,1300000,,,,,35,61,51,58,57,65,53,33,48,62,85,88,70,60,71,69,58,67,75,60,65,15,63,55,60,50,14,27,19
T. Schrammel,Thomas Schrammel,9/5/1987,31,175.26,74.8,"LB,LM",Austria,65,65,400000,5000,Left,1,3,2,Normal,580000,,,,,65,54,51,64,56,61,71,38,59,63,71,75,72,56,73,51,83,69,70,52,64,62,54,58,49,55,64,65,62
A. Kampetsis,Argyris Kampetsis,5/6/1999,19,185.42,81.2,"ST,CAM",Greece,65,76,900000,1000,Right,1,5,2,Normal,2200000,,,,,35,66,66,55,52,57,38,28,48,64,68,71,65,61,55,64,65,59,64,55,57,21,67,58,62,60,24,15,18
Q. Maceiras,Quentin Maceiras,10/10/1995,23,154.94,74.8,RB,Switzerland,65,74,700000,6000,Right,1,3,3,Lean,1200000,,,,,59,57,55,62,40,67,57,45,58,64,79,82,69,59,57,60,72,80,68,59,51,58,62,61,37,60,68,61,58
D. Szoboszlai,Dominik Szoboszlai,10/25/2000,18,185.42,69.9,"CAM,CM",Hungary,65,82,1100000,4000,Right,1,4,3,Lean,2300000,,,,,67,62,58,62,68,67,75,76,58,70,75,79,74,55,69,72,72,53,59,71,45,25,58,60,64,55,30,28,24
Álvaro,Álvaro Fernández Llorente,4/13/1998,20,187.96,74.8,GK,Spain,65,77,775000,1000,Left,1,2,1,Normal,1400000,,,,,9,8,9,27,6,14,14,13,26,20,43,49,68,62,48,20,61,37,59,5,22,14,5,41,14,52,10,11,11
Zhao Yuhao,赵宇豪,4/7/1993,25,154.94,78.9,"CDM,CB,CM",China PR,65,71,625000,4000,Right,1,2,2,Normal,1500000,,,,,34,30,58,62,45,49,35,36,59,59,65,61,57,63,72,44,73,78,69,44,65,65,57,53,45,55,65,66,62
E. Córdoba,Elacio José Córdoba Mosquera,10/21/1993,25,175.26,72.1,RB,Colombia,65,70,600000,1000,Right,1,2,2,Normal,855000,,,,,67,22,54,58,24,59,30,35,63,61,88,84,70,53,75,43,73,79,65,24,58,52,48,55,31,60,55,65,63
B. Dia,Boulaye Dia,11/16/1996,22,154.94,74.8,ST,France,65,75,875000,4000,Right,1,3,2,Normal,1900000,,,,,36,69,65,56,51,60,46,42,40,61,69,70,58,56,53,69,64,54,74,60,48,22,63,45,62,48,28,17,14
P. Hoffmann,Philipp Hoffmann,6/19/1992,26,185.42,76.2,"RM,RW",Germany,65,66,625000,2000,Right,1,3,3,Lean,953000,,,,,58,59,59,59,50,63,39,47,56,62,90,90,61,60,61,74,74,75,67,66,60,40,58,58,59,57,42,26,19
F. Rogic,Filip Rogic,6/14/1993,25,154.94,77.1,"CM,LW,LWB",Sweden,65,68,675000,2000,Right,1,4,2,Normal,894000,,,,,58,57,59,65,41,62,57,47,60,65,70,68,74,66,72,62,71,88,67,59,78,58,62,61,45,61,62,61,62
N. Loyola,Nilson Loyola,10/26/1994,24,175.26,64,LB,Peru,65,69,,,Left,1,2,2,Lean,,,,,,68,53,62,67,48,62,39,40,64,62,72,71,63,60,78,53,52,81,49,40,30,45,52,55,51,59,65,64,65
C. Mosca,Claudio Ezequiel Mosca,4/4/1991,27,154.94,73.9,"CM,LM,CDM",Argentina,65,65,550000,4000,Left,1,2,3,Lean,798000,,,,,59,45,61,68,40,72,45,46,63,67,69,61,76,64,67,59,68,70,58,39,69,58,55,64,52,63,66,69,64
G. Cummins,Graham Cummins,12/29/1987,31,152.4,74.8,ST,Republic of Ireland,65,65,525000,1000,Right,1,2,2,Normal,814000,,,,,49,65,69,58,53,57,56,35,42,58,73,72,69,63,67,61,85,83,79,55,69,46,68,53,60,62,26,29,26
J. Clauss,Jonathan Clauss,9/25/1992,26,185.42,72.1,RB,France,65,67,550000,4000,Right,1,3,3,Lean,921000,,,,,66,39,56,62,35,63,42,34,58,64,74,70,64,65,61,44,62,66,58,38,54,58,51,57,42,63,56,66,63
L. Prosser,Luke Prosser,5/28/1988,30,190.5,78.9,CB,England,65,65,400000,4000,Left,1,3,2,Lean,700000,,,,,30,27,64,55,16,34,19,29,48,51,53,56,56,51,44,42,71,49,73,17,75,63,23,37,37,60,69,64,62
M. O'Connor,Michael O'Connor,10/6/1987,31,154.94,78.9,"CM,CDM",Northern Ireland,65,65,500000,5000,Right,1,3,2,Normal,875000,,,,,59,56,58,68,47,54,64,72,66,65,64,64,66,64,67,72,51,77,78,67,75,62,58,64,63,63,60,59,55
A. N'Diaye,Alassane N'Diaye,6/14/1991,27,152.4,67.1,"RM,LM",France,65,65,575000,2000,Right,1,3,3,Lean,1000000,,,,,55,65,52,59,60,69,54,57,39,66,81,90,92,56,82,60,80,70,56,57,34,32,64,52,58,61,24,21,16
A. Gerbo,Alberto Gerbo,11/9/1989,29,152.4,69.9,"RM,CM,RB",Italy,65,65,550000,1000,Right,1,3,2,Lean,853000,,,,,66,42,44,58,58,68,70,32,62,62,79,79,82,60,76,64,72,75,56,60,66,65,58,57,22,59,32,58,59
S. Lawson,Steve Lawson,8/8/1994,24,152.4,77.1,"CDM,RM,RB",Togo,65,70,625000,2000,Right,1,3,3,Normal,1100000,,,,,42,35,59,68,45,63,66,64,66,65,78,83,78,55,75,65,76,69,67,55,71,63,39,60,40,64,62,64,60
Fran Manzanara,Francisco López Manzanara,9/12/1996,22,182.88,72.1,CDM,Spain,65,75,775000,4000,Right,1,3,2,Lean,1800000,,,,,46,49,56,71,42,62,34,32,65,71,66,64,65,59,65,56,71,65,45,54,56,65,47,50,39,63,66,67,63
I. Voca,Idriz Voca,5/15/1997,21,154.94,73.9,"CDM,CB,CM",Kosovo,65,77,850000,3000,Right,1,3,2,Normal,1400000,,,,,43,41,57,64,41,57,39,42,63,67,59,64,65,60,67,47,76,65,62,46,58,64,51,55,48,62,69,68,67
G. Rólantsson Sørensen,Gilli Rólantsson Sørensen,8/11/1992,26,187.96,82.1,"LW,RB,LB",Faroe Islands,65,66,650000,2000,Right,1,4,3,Normal,861000,,,,,64,64,65,65,48,63,57,29,56,65,80,84,65,62,60,64,73,81,75,57,50,57,60,54,57,61,58,58,59
N. Miatke,Nils Miatke,1/30/1990,29,152.4,76.2,"LM,LB",Germany,65,65,550000,1000,Left,1,3,3,Normal,798000,,,,,66,44,55,62,45,66,69,61,59,66,78,77,80,62,82,65,77,71,55,48,71,60,56,51,43,63,59,64,63
A. Chicksen,Adam Chicksen,9/27/1991,27,172.72,73.9,LB,Zimbabwe,65,66,525000,3000,Left,1,3,2,Lean,958000,,,,,64,51,51,63,27,60,52,29,59,63,77,77,62,62,71,59,62,69,61,57,63,62,51,52,46,60,56,64,63
F. Ponce,Felipe Ponce Ramírez,3/29/1988,30,152.4,67.1,"CAM,CM",Mexico,65,65,500000,1000,Right,1,3,2,Normal,675000,,,,,57,59,45,66,32,62,57,67,55,67,74,72,70,60,60,63,56,65,55,57,49,46,62,65,55,61,36,47,44
C. McHugh,Carl McHugh,2/5/1993,26,182.88,84.8,"CDM,CB",Republic of Ireland,65,67,550000,2000,Left,1,2,2,Normal,1000000,,,,,57,42,64,63,42,58,60,61,61,62,66,58,73,58,77,55,83,82,79,51,74,62,46,55,60,73,64,65,61
R. Ruiz,Richard Ruíz Toledo,1/14/1986,33,175.26,72.1,"RB,RM",Mexico,65,65,300000,6000,Right,1,4,3,Normal,,,,,,67,51,61,64,51,65,63,65,54,64,76,73,73,62,66,65,51,73,76,61,56,60,55,55,67,52,59,60,61
L. Meisl,Luca Emanuel Meisl,3/4/1999,20,182.88,79.8,CB,Austria,65,75,725000,3000,Right,1,3,2,Normal,,,,,,31,17,59,53,25,38,22,25,42,57,54,60,41,62,56,40,76,64,73,37,61,62,22,35,35,47,64,68,63
L. de la Torre,Luca de la Torre,5/23/1998,20,152.4,68,CAM,United States,64,76,800000,8000,Left,1,2,3,Lean,1700000,,,,,50,45,38,66,53,68,53,48,57,66,72,61,73,53,75,52,54,56,37,48,34,31,63,69,51,60,59,29,31
J. Hiwula,Jordy Hiwula,9/21/1994,24,152.4,76.2,"LM,ST",England,64,69,600000,2000,Right,1,3,2,Lean,1100000,,,,,56,64,58,57,54,62,50,36,43,63,80,81,90,64,74,59,61,62,63,63,31,21,60,62,54,58,21,24,24
R. Atassi,Rédah Atassi,3/16/1991,27,182.88,81.2,CB,Morocco,64,66,450000,1000,Left,1,2,2,Stocky,821000,,,,,50,19,60,57,24,47,33,23,55,57,63,66,64,60,74,40,80,64,75,29,71,61,35,50,43,47,58,63,62
Y. Opazo,Yerson Flavio Opazo Riquelme,12/24/1984,34,175.26,73,RB,Chile,64,64,170000,1000,Right,1,2,2,Normal,230000,,,,,71,45,45,56,11,59,65,70,63,65,68,63,65,65,75,70,45,74,61,69,73,71,59,48,68,47,64,60,49
N. Devlin,Nicky Devlin,10/17/1993,25,182.88,73,RB,Scotland,64,65,450000,2000,Right,1,3,2,Normal,821000,,,,,60,52,54,56,40,61,55,43,53,59,88,88,71,56,67,57,68,82,72,45,85,57,57,54,50,57,55,59,61
A. De Bruyn,Alexandre De Bruyn,6/4/1994,24,152.4,68.9,"LM,RM,CAM,LW",Belgium,64,67,575000,3000,Right,1,3,3,Normal,906000,,,,,56,66,52,63,59,70,62,64,58,65,74,71,72,55,72,70,71,55,57,67,42,27,62,58,62,61,30,28,29
P. Tietz,Phillip Tietz,7/9/1997,21,190.5,81.2,ST,Germany,64,71,650000,3000,Right,1,3,2,Normal,,,,,,31,65,65,62,53,61,28,25,43,64,55,55,62,62,52,62,68,59,76,54,51,25,63,58,47,51,23,36,23
S. Dooley,Stephen Dooley,10/19/1991,27,154.94,79.8,"LM,RM",Northern Ireland,64,64,475000,2000,Right,1,3,3,Normal,831000,,,,,64,58,43,59,57,68,56,56,56,62,73,71,67,57,62,55,48,50,41,53,36,40,59,65,57,62,36,38,34
A. Rufer,Alex Arthur Rufer,6/12/1996,22,182.88,74.8,CM,New Zealand,64,70,600000,1000,Right,1,3,3,Normal,870000,,,,,57,53,52,64,39,65,53,59,63,64,71,69,73,64,73,66,58,72,69,53,68,55,60,65,48,65,61,54,51
B. Kwiecień,Bartosz Kwiecień,5/7/1994,24,185.42,79.8,"CDM,CB",Poland,64,70,525000,2000,Right,1,3,2,Stocky,814000,,,,,38,52,68,64,31,53,40,34,62,60,61,69,62,61,55,55,67,70,81,46,62,64,57,55,37,59,59,65,62
T. Danneberg,Tim Danneberg,4/23/1986,32,187.96,73,"CM,CAM,CDM",Germany,65,65,400000,1000,Right,1,3,2,Lean,580000,,,,,58,59,62,65,50,63,63,60,62,64,67,69,65,64,66,69,74,75,72,52,66,63,64,66,58,68,62,60,60
Y. Rokutan,六反 勇治,4/10/1987,31,187.96,79.8,GK,Japan,65,65,325000,1000,Right,1,1,1,Lean,406000,,,,,12,8,20,16,8,7,14,13,25,19,31,34,39,68,31,19,64,27,56,6,22,9,7,32,16,40,19,11,12
C. Vergara,Cristóbal Alberto Vergara Maldonado,6/20/1994,24,175.26,69.9,"CB,RB",Chile,65,70,625000,1000,Right,1,2,2,Lean,891000,,,,,50,25,65,62,22,41,38,42,57,49,66,56,52,55,60,49,74,66,75,31,65,70,25,38,36,48,65,60,57
M. López,Marcos López,11/20/1999,19,175.26,67.1,LB,Peru,65,77,775000,1000,Left,1,2,2,Lean,1300000,,,,,62,39,60,65,49,56,58,51,63,45,73,76,69,61,75,54,61,68,63,33,68,58,44,46,54,54,65,69,67
M. Breij,Michael Breij,1/15/1997,22,154.94,72.1,CAM,Netherlands,65,73,800000,2000,Right,1,4,3,Normal,1400000,,,,,60,59,52,64,54,68,61,58,53,65,69,66,70,63,66,68,55,72,56,60,42,36,61,63,58,62,50,34,34
Júnior Tavares,Carlos Eugenio Tavares dos Santos,8/7/1996,22,152.4,68.9,LB,Brazil,65,74,725000,5000,Left,1,2,3,Normal,1400000,,,,,64,31,54,54,34,65,35,36,52,69,79,75,78,59,71,34,58,78,54,29,59,58,52,41,48,59,64,63,60
Marcel,Marcel Alves Pereira,10/16/1992,26,187.96,76.2,CDM,Brazil,64,69,500000,2000,Right,1,2,2,Lean,1100000,,,,,39,35,55,69,45,46,48,32,61,59,61,54,59,61,58,48,68,67,74,45,64,56,48,50,35,56,58,68,65
E. Pantelakis,Epaminondas Pantelakis,2/10/1995,24,187.96,81.2,CB,Greece,64,72,575000,1000,Right,1,2,2,Stocky,1400000,,,,,29,22,66,58,27,32,29,29,54,36,57,57,48,47,52,61,70,61,65,28,71,62,28,40,36,51,67,66,62
B. Gschweidl,Bernd Gschweidl,9/8/1995,23,152.4,73,ST,Austria,64,68,600000,3000,Right,1,4,2,Normal,915000,,,,,32,64,65,49,48,62,37,32,29,58,69,73,69,54,69,70,76,69,73,52,37,18,66,47,67,47,14,19,21
J. Ockford,Jimmy Ockford,6/2/1992,26,185.42,83,CB,United States,64,66,450000,2000,Right,1,2,2,Normal,709000,,,,,25,23,59,52,26,39,26,27,50,40,47,49,42,58,53,32,72,65,70,21,67,69,22,26,38,44,66,65,60
N. Neidhart,Nico Neidhart,9/27/1994,24,152.4,68,"LB,RB",Germany,64,70,525000,1000,Right,1,3,2,Lean,866000,,,,,65,42,55,59,32,47,28,27,49,58,73,76,75,64,74,42,71,71,45,32,70,60,57,52,39,49,58,61,58
D. Orgill,Dever Orgill,3/8/1990,29,182.88,81.2,ST,Jamaica,64,64,475000,5000,Right,1,3,2,Normal,950000,,,,,28,63,64,54,54,57,37,32,32,65,75,77,68,61,60,57,75,67,70,56,62,16,64,51,66,54,34,40,35
D. Stroh-Engel,Dominik Stroh-Engel,11/27/1985,33,198.12,93.9,ST,Germany,64,64,350000,2000,Right,1,3,2,Normal,508000,,,,,31,64,72,57,56,51,55,52,42,60,44,58,35,63,32,70,34,62,90,53,66,29,64,46,76,68,21,43,23
M. Bravo,Johan Manuel Bravo Díaz,2/15/1993,26,172.72,72.1,"LB,RM",Chile,64,67,475000,1000,Left,1,2,2,Normal,677000,,,,,53,37,55,52,38,40,72,74,31,60,76,81,80,65,77,47,59,81,61,29,61,59,50,39,50,56,60,61,61
D. Wein,Daniel Wein,2/5/1994,25,185.42,81.2,"CDM,CB",Germany,64,69,500000,2000,Right,1,3,2,Normal,763000,,,,,49,41,56,65,48,48,73,68,68,62,60,61,69,52,57,63,76,76,71,52,61,66,47,60,33,64,59,62,57
M. Tootle,Matt Tootle,10/11/1990,28,172.72,77.1,RB,England,64,64,375000,4000,Right,1,3,2,Normal,656000,,,,,62,33,50,59,33,58,51,50,51,59,77,79,81,54,84,45,92,69,75,25,72,62,53,45,54,62,60,66,60
F. Aksoy,Fatih Aksoy,11/6/1997,21,187.96,78,CB,Turkey,64,75,675000,6000,Right,1,3,2,Normal,,,,,,39,32,65,52,32,48,33,29,41,55,41,42,57,56,44,49,52,61,72,24,62,61,41,32,40,49,66,66,61
G. Diangana,Grady Diangana,3/19/1998,20,175.26,73,"RM,LM",England,64,79,1000000,10000,Left,1,3,4,Lean,2500000,,,,,56,44,37,58,48,71,52,49,49,68,84,79,79,49,80,50,59,64,52,45,48,27,57,60,50,60,26,26,23
Mateus Couteira,Mateus Bernardo Couteira Machado,2/29/1984,35,152.4,74.8,CB,Brazil,64,64,140000,4000,Right,1,3,2,Normal,266000,,,,,54,24,65,62,54,45,50,44,58,48,68,59,63,56,68,41,68,52,53,42,61,65,44,45,57,41,70,61,68
R. Steer,Eder Ricardo Steer Lara,6/8/1982,36,182.88,78.9,ST,Colombia,64,64,160000,1000,Right,1,4,2,Normal,216000,,,,,47,64,71,62,59,59,49,63,43,57,61,64,51,58,59,62,69,67,80,61,43,15,60,52,69,48,25,32,13
M. Albertazzi,Michelangelo Albertazzi,1/7/1991,28,185.42,73,"LB,CB",Italy,64,64,375000,1000,Left,1,3,2,Lean,581000,,,,,56,21,62,57,21,50,55,45,50,52,64,66,55,60,57,69,75,68,68,52,64,66,39,31,39,62,61,69,69
D. Forde,David Forde,12/20/1979,39,187.96,89.8,GK,Republic of Ireland,64,64,30000,2000,Right,1,3,1,Normal,53000,,,,,19,12,20,29,20,19,20,13,33,21,40,39,33,62,43,23,68,38,71,12,29,25,15,35,22,62,23,20,19
Jiang Tao,姜涛,6/28/1989,29,182.88,76.2,"RB,RM",China PR,64,64,350000,4000,Right,1,2,2,Normal,753000,,,,,68,25,41,64,27,57,43,35,68,64,54,69,59,60,65,37,57,78,68,26,70,62,51,34,36,48,59,63,58
J. Marimón,Jesús Marimón,9/9/1998,20,182.88,76.2,"CDM,CM",Colombia,64,75,650000,1000,Right,1,3,2,Lean,1100000,,,,,45,46,49,55,48,62,35,33,53,66,75,69,70,64,69,70,65,77,73,68,60,70,31,45,58,45,58,66,68
N. Tkalčić,Nikola Tkalčić,12/3/1989,29,175.26,69.9,"RB,RM,LB",Croatia,64,64,350000,1000,Right,1,2,2,Normal,438000,,,,,65,41,52,58,49,64,62,65,59,62,84,86,74,61,80,72,69,83,62,58,79,51,56,51,44,52,53,55,62
Mao Jianqing,毛剑卿,8/8/1986,32,185.42,74.8,"LW,LM,ST,RM",China PR,64,64,400000,4000,Right,1,4,2,Normal,860000,,,,,61,66,66,60,58,63,52,48,50,59,77,71,65,62,75,67,73,63,69,60,68,13,67,66,54,63,18,26,17
E. Lomotey,Emmanuel Lomotey,12/19/1997,21,190.5,78.9,"CDM,CB",Ghana,64,72,575000,1000,Right,1,2,2,Lean,,,,,,45,38,67,65,41,51,48,43,62,58,61,55,58,64,49,60,62,69,75,41,70,60,37,42,48,50,59,66,63
R. Hayasaka,早坂 良太,9/19/1985,33,182.88,73,"RM,ST,CAM",Japan,64,64,350000,1000,Right,1,3,3,Lean,438000,,,,,68,61,33,69,45,69,63,57,60,67,57,57,67,61,58,59,82,54,70,61,43,27,59,55,51,57,55,27,34
H. Hansen,Hendrik Hansen,11/4/1994,24,195.58,88,CB,Germany,64,69,500000,2000,Right,1,2,2,Normal,763000,,,,,26,21,70,52,22,33,23,21,44,38,51,54,40,55,34,43,59,61,89,28,60,54,25,32,40,47,59,66,62
L. Diaby Fadiga,Lamine Diaby Fadiga,1/19/2001,18,187.96,82.1,ST,France,64,80,900000,4000,Left,1,3,3,Normal,2300000,,,,,49,63,64,61,59,64,49,59,53,64,66,68,60,57,59,64,60,59,65,62,40,15,59,59,62,64,19,25,22
P. Owusu,Prince Osei Owusu,1/7/1997,22,190.5,87.1,ST,Germany,64,72,675000,3000,Left,1,3,2,Normal,,,,,,36,65,67,50,44,52,30,31,35,56,69,76,50,62,49,71,63,65,81,49,63,32,63,55,61,51,35,32,26
C. Mueller,Christopher Mueller,8/29/1996,22,175.26,73.9,"RM,ST",United States,64,75,775000,1000,Right,1,3,3,Lean,1300000,,,,,53,66,61,62,53,65,46,31,51,66,79,77,72,60,71,57,65,55,59,52,34,15,62,57,59,60,26,24,12
F. Assmann,Walter Fabián Assmann,3/23/1986,32,190.5,82.1,GK,Argentina,64,64,260000,2000,Right,1,3,1,Normal,390000,,,,,16,14,16,17,13,12,12,17,24,13,55,50,39,55,40,17,66,35,41,12,27,22,17,30,15,25,19,14,20
G. Ruggiero,Gennaro Ruggiero,2/4/2000,19,152.4,78,"CDM,CM",Italy,64,80,850000,1000,Right,1,3,2,Stocky,1900000,,,,,51,39,62,65,45,55,48,39,63,58,69,67,62,61,70,69,66,52,79,57,79,61,58,59,51,65,65,66,60
S. Skytte,Sammy Skytte,2/20/1997,22,190.5,94.8,"CM,ST",Denmark,64,72,650000,4000,Left,1,4,3,Stocky,,,,,,50,55,64,66,47,60,53,30,63,65,61,63,52,64,54,71,54,68,87,62,71,63,56,63,40,67,61,64,59
N. Mason,Niall Mason,1/10/1997,22,154.94,78,"RB,LB",England,64,71,550000,2000,Right,1,3,2,Normal,1100000,,,,,65,36,60,64,43,62,56,49,62,64,60,61,67,60,68,53,65,67,63,39,63,63,62,62,55,61,64,61,61
S. Luna,Sebastián Luna,12/25/1987,31,152.4,78,"RB,LB",Argentina,64,64,325000,3000,Right,1,2,2,Normal,471000,,,,,75,56,43,55,59,62,71,77,56,65,76,75,72,68,61,72,66,75,81,79,36,58,60,68,53,47,62,55,56
S. Londoño,Wilmar Santiago Londoño Ruiz,3/9/1995,24,182.88,69.9,GK,Colombia,64,74,550000,1000,Right,1,3,1,Lean,853000,,,,,19,18,15,26,13,16,11,19,21,25,41,49,37,57,47,25,56,43,49,11,23,19,18,24,21,37,20,12,12
T. Endoh,遠藤 翼,8/20/1993,25,170.18,63,"RM,CAM,CM",Japan,64,66,550000,2000,Right,1,3,3,Lean,866000,,,,,61,54,49,65,43,66,63,37,59,65,70,63,73,58,81,55,54,64,34,54,55,45,57,61,49,62,31,49,47
G. Felicioli,Gian Filippo Felicioli,9/30/1997,21,154.94,77.1,"LB,LM",Italy,64,76,700000,10000,Left,1,3,3,Normal,,,,,,70,51,52,63,54,67,64,48,59,68,69,61,71,66,64,65,62,62,58,51,60,56,57,49,53,57,63,62,63
J. Mårtensson,Johan Mårtensson,2/16/1989,30,154.94,74.8,CM,Sweden,64,64,425000,2000,Right,1,4,2,Lean,531000,,,,,56,47,52,64,43,56,58,43,64,62,68,66,69,68,72,45,75,85,67,49,70,67,55,65,54,66,62,61,59
K. Rendón,Kevin Rendón,1/8/1993,26,182.88,73.9,"CM,CAM",Colombia,64,67,550000,1000,Right,1,3,3,Lean,784000,,,,,63,53,58,67,58,63,67,70,59,63,74,75,71,61,64,66,57,74,66,54,67,59,64,65,60,62,42,58,55
P. Breitkreuz,Patrick Breitkreuz,1/18/1992,27,187.96,88.9,"ST,CAM",Germany,64,65,550000,2000,Right,1,4,2,Normal,839000,,,,,27,65,67,54,54,58,38,32,27,64,60,55,59,54,56,68,67,63,79,59,26,15,61,43,60,51,30,13,18
J. Cortizo,Jordi Cortizo,6/30/1996,22,172.72,69.9,"LM,RW,LW",Mexico,64,72,675000,2000,Left,1,3,3,Normal,1300000,,,,,63,62,53,65,60,63,55,54,63,65,77,78,84,61,78,66,58,58,55,60,57,45,53,54,63,54,28,53,55
G. Wegkamp,Gerrit Wegkamp,4/13/1993,25,193.04,83.9,"ST,CF",Germany,64,69,600000,1000,Right,1,3,2,Lean,915000,,,,,52,62,67,61,56,58,38,46,38,61,59,66,51,61,38,66,58,69,84,58,54,27,62,54,67,62,36,30,28
P. Wiegers,Patrick Wiegers,4/19/1990,28,185.42,86.2,GK,Germany,64,65,375000,4000,Right,1,2,1,Normal,609000,,,,,12,11,16,23,7,16,12,13,16,18,47,43,36,58,50,19,70,28,74,12,28,18,11,39,27,21,15,11,19
Lee Yun Pyo,이윤표 李云彪,9/4/1984,34,182.88,78.9,CB,Korea Republic,64,64,180000,1000,Right,1,3,2,Lean,225000,,,,,43,39,67,49,51,58,44,38,41,59,50,40,60,53,61,61,72,52,71,57,66,61,13,50,51,60,56,67,67
A. Absalem,Amir Absalem,6/19/1997,21,175.26,69.9,LB,Netherlands,64,72,575000,2000,Left,1,3,2,Lean,978000,,,,,56,34,52,58,34,61,40,33,38,61,72,65,68,60,71,35,58,59,51,32,65,65,40,37,41,55,64,67,66
J. McKeown,James McKeown,7/24/1989,29,187.96,88.9,GK,Republic of Ireland,64,64,325000,2000,Right,1,3,1,Normal,569000,,,,,16,11,13,30,11,13,11,14,32,35,42,48,40,68,50,20,59,41,65,11,35,19,11,34,11,58,24,15,13
Mairdel Sampaio,Mairdel Kaíque Sampaio Muttinho,2/29/1988,31,175.26,71.2,CAM,Brazil,64,64,425000,4000,Right,1,3,3,Normal,808000,,,,,44,55,47,59,46,70,62,58,50,63,75,73,72,59,74,59,65,47,52,52,42,59,56,72,57,54,27,21,20
J. Bond,Jonathan Bond,5/19/1993,25,193.04,83.9,GK,England,64,69,425000,5000,Right,1,2,1,Lean,839000,,,,,11,13,13,33,14,11,14,13,35,19,54,42,56,61,55,21,71,38,64,15,37,23,13,43,17,61,14,14,17
P. Prosenik,Philipp Prosenik,3/3/1993,26,187.96,79.8,ST,Austria,64,67,575000,5000,Left,1,3,2,Lean,877000,,,,,41,64,75,59,54,53,54,36,54,59,46,54,52,62,53,67,69,74,76,58,70,23,65,50,62,64,25,34,28
G. Ortiz,Gerardo Ortiz,3/25/1989,29,187.96,83.9,GK,Paraguay,64,64,300000,1000,Right,1,2,1,Normal,405000,,,,,11,8,12,19,9,5,12,12,23,16,24,21,34,56,36,20,51,20,64,7,19,8,7,21,13,31,5,14,12
T. Knöll,Törles Knöll,9/13/1997,21,182.88,78.9,ST,Germany,64,73,700000,4000,Right,1,3,2,Normal,1400000,,,,,32,67,63,54,54,57,47,40,39,62,55,63,65,63,65,63,66,59,68,59,33,19,65,49,52,51,20,23,17
Cho Sung Hwan,조성환 赵星桓,4/9/1982,36,182.88,78,CB,Korea Republic,64,64,60000,2000,Right,1,3,2,Normal,78000,,,,,26,44,74,56,38,24,29,34,55,43,32,45,39,61,53,57,80,33,76,48,84,56,23,68,40,69,55,61,58
R. Porteous,Ryan Porteous,3/25/1999,19,185.42,68,CB,Scotland,64,81,875000,1000,Right,1,3,2,Lean,2100000,,,,,23,23,64,47,24,40,22,23,38,37,66,70,41,58,72,33,72,68,79,19,71,59,26,30,36,46,62,65,65
S. Roa,Santiago Roa Reyes,10/4/1995,23,152.4,72.1,RB,Colombia,64,73,600000,1000,Right,1,3,2,Normal,930000,,,,,49,22,49,57,33,52,45,30,47,56,79,76,75,54,76,41,68,82,56,33,84,64,42,43,38,55,70,59,65
S. Mallan,Stevie Mallan,3/25/1996,22,152.4,68.9,CM,Scotland,64,75,750000,2000,Right,1,3,3,Normal,1500000,,,,,56,60,54,63,56,68,64,70,63,66,67,68,73,57,72,68,69,68,63,68,58,56,62,63,42,57,58,59,56
A. Stølås,Alexander Stølås,4/30/1989,29,182.88,74.8,"LB,LM",Norway,64,64,350000,1000,Left,1,2,3,Normal,438000,,,,,68,63,52,64,55,68,68,66,60,66,69,70,75,61,64,83,76,75,69,68,58,57,58,68,59,55,51,63,60
B. Uaferro,Boné Uaferro,1/4/1992,27,190.5,88,CB,Germany,64,67,475000,1000,Right,1,4,2,Normal,724000,,,,,39,28,72,51,30,43,32,43,48,52,61,63,57,49,58,52,73,57,84,39,61,52,25,32,42,59,64,64,57
F. Kastrati,Flamur Kastrati,11/14/1991,27,154.94,77.1,ST,Kosovo,64,65,550000,1000,Right,1,3,3,Lean,729000,,,,,53,60,64,57,56,66,54,42,43,63,80,81,76,58,64,70,81,74,63,56,88,48,59,56,70,57,29,39,36
F. Henríquez,Fabián Henríquez,6/8/1995,23,185.42,73.9,"CM,CDM",Argentina,64,71,625000,3000,Left,1,3,3,Normal,1100000,,,,,57,48,56,66,39,63,55,58,64,67,71,75,68,64,65,66,68,71,64,47,71,68,58,56,50,66,63,67,64
Henrique,Henrique Gelain Custódio,1/5/1995,24,154.94,81.2,LB,Brazil,64,70,525000,2000,Left,1,2,2,Normal,1200000,,,,,60,35,57,53,30,60,58,52,45,60,68,70,59,56,61,39,61,70,75,40,58,62,55,51,41,53,65,66,68
D. Niepsuj,David Niepsuj,8/16/1995,23,182.88,76.2,RB,Poland,64,71,525000,1000,Right,1,4,2,Normal,814000,,,,,63,37,62,58,53,57,56,34,47,60,77,74,69,53,73,60,69,65,69,45,62,58,49,51,46,53,60,67,63
I. Colman,Iván Colman,5/6/1995,23,175.26,66.2,"CM,CAM,LM",Argentina,64,72,650000,3000,Right,1,3,2,Lean,,,,,,47,50,51,72,53,62,54,52,66,64,68,68,84,65,72,68,64,66,60,66,45,48,59,62,54,60,61,45,40
J. Thiaré,Jamal Thiaré,3/31/1993,25,154.94,64.9,ST,Senegal,64,67,575000,2000,Right,1,1,3,Lean,1000000,,,,,47,60,57,58,58,65,44,30,46,63,74,80,81,64,76,62,68,62,60,59,34,12,65,53,59,58,20,20,18
B. Olejnik,Robert Olejnik,11/26/1986,32,187.96,83,GK,Austria,64,64,270000,3000,Right,1,2,1,Stocky,473000,,,,,14,11,11,31,11,11,11,12,34,23,40,35,43,63,44,24,61,20,67,13,36,25,16,55,18,60,28,11,11
A. Tanaka,田中 亜土夢,10/4/1987,31,167.64,68,"CAM,LM",Japan,64,64,425000,2000,Right,1,3,2,Normal,531000,,,,,58,54,52,62,50,60,54,62,58,61,80,80,87,58,81,68,69,70,52,61,60,52,64,64,46,67,55,58,54
D. Amoo,David Amoo,4/13/1991,27,152.4,77.1,RM,England,64,64,475000,4000,Right,1,3,3,Normal,831000,,,,,64,59,59,55,49,64,50,43,51,62,88,92,86,51,83,59,63,65,70,53,48,33,59,56,58,58,32,41,36
M. Pietrowski,Marcin Pietrowski,3/1/1988,31,182.88,78.9,"LB,RB",Poland,64,64,325000,2000,Right,1,4,2,Normal,439000,,,,,55,48,54,67,51,61,59,58,61,68,62,49,66,66,57,60,65,77,74,66,74,62,61,59,58,73,65,65,63
J. Eskesen,Julius Eskesen,3/16/1999,19,175.26,68,"CM,LM,RM",Denmark,64,75,750000,2000,Right,1,3,3,Lean,1100000,,,,,55,52,32,66,37,63,45,37,60,68,77,74,82,57,75,53,54,65,53,41,48,59,68,66,45,61,58,58,55
G. Middleton,Glenn Middleton,12/31/1999,19,175.26,68,LW,Scotland,64,83,925000,6000,Left,1,3,3,Normal,2200000,,,,,65,56,30,54,43,67,63,52,44,67,88,86,84,53,73,55,38,60,53,44,36,19,57,60,51,58,32,30,25
M. Firenze,Marco Firenze,6/26/1993,25,154.94,69.9,"CAM,CM,CF",Italy,64,66,550000,1000,Right,1,3,3,Lean,921000,,,,,30,68,63,69,49,67,56,33,61,66,54,53,69,59,71,59,72,52,52,51,29,19,62,61,66,59,30,23,21
A. McCormack,Alan McCormack,1/10/1984,35,154.94,64,CDM,Republic of Ireland,64,64,140000,2000,Right,1,3,2,Normal,245000,,,,,51,32,48,65,47,49,54,49,64,61,45,33,54,56,71,62,74,55,73,60,89,63,49,56,50,70,60,64,62
G. Treand,Geoffrey Tréand,1/16/1986,33,152.4,73.9,"LM,RM",France,64,64,350000,2000,Right,1,3,2,Lean,508000,,,,,57,62,54,68,57,62,63,65,60,64,62,66,67,61,68,66,68,68,59,54,57,38,68,62,58,54,35,37,30
P. Martínez,Pablo Martínez,11/30/1996,22,154.94,67.1,"LW,LM",Paraguay,64,75,775000,3000,Left,1,2,3,Lean,1300000,,,,,62,59,42,58,51,69,55,53,50,66,81,79,75,55,65,62,50,52,53,56,32,22,56,55,58,52,24,34,25
O. Álvarez,Oswal Andrés Álvarez Salazar,6/11/1995,23,152.4,78,ST,Colombia,64,72,675000,1000,Right,1,4,3,Stocky,1000000,,,,,39,62,56,63,61,68,60,34,34,70,85,79,69,60,70,58,78,46,79,52,34,15,54,57,48,54,18,15,16
K. Pallesen,Kristoffer Pallesen,4/30/1990,28,175.26,72.1,RB,Denmark,64,64,350000,3000,Right,1,3,3,Normal,438000,,,,,66,36,46,58,22,67,60,27,50,67,78,73,68,59,69,37,48,74,73,30,63,58,65,45,37,55,58,60,58
J. Forster,Jordon Forster,9/23/1993,25,187.96,76.2,"CB,RB",Scotland,64,69,500000,2000,Right,1,3,2,Normal,913000,,,,,50,20,67,55,33,46,36,30,51,52,68,67,48,48,46,50,75,75,78,29,74,59,36,45,39,57,58,62,58
M. Kuttin,Manuel Kuttin,12/17/1993,25,193.04,93.9,GK,Austria,64,66,400000,2000,Right,1,3,1,Normal,610000,,,,,12,11,22,32,15,20,24,13,18,28,34,35,26,61,40,34,32,14,70,19,25,19,6,40,16,33,11,16,21
Shin Kwang Hoon,신광훈 申光勋,3/18/1987,31,152.4,77.1,"RB,CB",Korea Republic,64,64,300000,2000,Right,1,3,2,Normal,375000,,,,,63,47,50,64,58,58,51,49,61,62,68,71,66,64,72,48,74,66,68,42,67,63,55,58,61,56,60,62,63
Park Won Jae,박원재 朴原载,5/28/1984,34,175.26,68.9,"LB,LM",Korea Republic,64,64,130000,2000,Left,1,3,2,Normal,169000,,,,,59,24,49,58,63,45,55,34,53,60,67,86,83,62,83,47,79,55,68,54,76,64,52,65,47,62,60,65,66
A. Lomovitskiy,Alexandr Lomovitskiy,1/27/1998,21,182.88,73,"RM,LM",Russia,64,78,1000000,1000,Right,1,3,3,Lean,2700000,,,,,61,48,39,66,60,71,51,42,62,68,71,73,71,48,63,65,44,52,53,54,41,21,57,58,67,53,33,37,46
F. Piovaccari,Federico Piovaccari,9/1/1984,34,154.94,77.1,ST,Italy,64,64,280000,3000,Right,1,3,2,Stocky,434000,,,,,48,61,62,53,72,56,61,49,35,59,53,56,48,69,66,65,73,43,85,56,59,41,73,53,67,78,19,39,28
N. Rasskazov,Nikolay Rasskazov,1/4/1998,21,154.94,73,"RB,LB",Russia,64,75,675000,1000,Right,1,2,2,Normal,1600000,,,,,60,33,51,62,34,60,40,34,55,58,72,71,69,56,66,52,64,62,52,49,52,60,50,43,44,47,67,69,65
E. Zambataro,Eyob Zambataro,8/18/1998,20,152.4,64.9,"LB,LWB,LM",Italy,64,74,600000,1000,Left,1,4,3,Lean,1100000,,,,,64,32,51,61,51,65,58,47,57,63,77,71,68,61,64,49,70,78,47,48,58,56,57,61,45,58,64,57,59
D. Hashioka,橋岡 大樹,5/17/1999,19,182.88,74.8,RM,Japan,64,73,675000,1000,Right,1,2,3,Lean,1000000,,,,,62,51,54,60,35,63,60,31,51,66,73,74,60,60,59,61,70,79,74,50,63,45,62,54,50,59,61,41,37
J. Deminguet,Jessy Deminguet,1/7/1998,21,152.4,73.9,"CM,LM,LW,CAM",France,64,76,800000,4000,Left,1,3,3,Lean,1800000,,,,,65,40,63,69,50,66,60,67,64,71,68,69,64,61,72,66,51,66,55,57,68,59,58,54,50,56,54,61,60
K. Coulibaly,Karim Coulibaly,6/3/1993,25,182.88,79.8,"LW,RW",France,64,66,550000,2000,Left,1,3,3,Lean,839000,,,,,63,55,49,63,53,67,53,41,54,65,77,76,75,56,58,68,59,51,73,49,53,43,64,55,60,65,27,48,42
M. Buchalik,Michał Buchalik,2/3/1989,30,190.5,83,GK,Poland,64,64,300000,2000,Right,1,3,1,Normal,405000,,,,,21,12,13,35,11,14,12,12,32,21,28,37,36,60,51,15,52,26,66,12,23,23,15,25,23,56,14,24,22
D. Lovren,Davor Lovren,10/3/1998,20,172.72,69.9,"RM,LM",Croatia,64,81,975000,3000,Left,1,3,3,Lean,2400000,,,,,60,55,33,59,45,69,58,34,48,65,79,77,79,58,83,59,34,55,43,48,33,20,62,58,47,49,24,27,24
B. Kallman,Brent Kallman,10/4/1990,28,187.96,86.2,CB,United States,64,66,450000,2000,Right,1,2,2,Normal,709000,,,,,32,31,63,64,34,36,32,31,66,31,63,59,41,59,49,57,70,70,81,40,72,64,39,32,49,57,63,61,56
G. Morris,Glenn Morris,12/20/1983,35,182.88,69.9,GK,England,64,64,180000,2000,Right,1,3,1,Normal,315000,,,,,20,15,14,29,12,14,13,15,30,30,42,43,56,55,55,34,67,30,63,17,30,17,14,34,29,56,10,22,24
D. Daniels,Donervon Joseph Daniels,11/24/1993,25,185.42,91.2,"CB,RB",Montserrat,64,69,500000,2000,Right,1,2,2,Stocky,913000,,,,,30,22,65,49,31,31,36,23,38,38,60,75,38,55,42,45,72,54,79,20,58,59,32,38,36,46,62,67,66
G. Fuentes,Gabriel Fuentes,2/9/1997,22,154.94,73.9,LB,Colombia,64,73,600000,1000,Left,1,3,2,Lean,960000,,,,,50,39,55,58,37,56,43,25,53,58,77,79,73,66,68,38,65,76,63,41,69,65,48,48,36,60,56,59,64
S. Peszko,Sławomir Peszko,2/19/1985,34,172.72,69.9,LM,Poland,64,64,270000,2000,Right,2,3,3,Normal,,,,,,64,59,33,67,61,63,66,58,64,64,69,68,68,61,74,62,70,57,49,64,90,42,62,60,53,55,29,38,45
Jordi Escobar,Jordi Escobar Fernández,2/10/2002,17,185.42,73.9,ST,Spain,64,81,900000,3000,Right,1,3,3,Lean,2500000,,,,,51,67,65,54,60,62,44,36,40,65,59,65,51,62,53,63,63,34,57,57,38,13,64,46,59,65,14,10,16
T. Oakley-Boothe,Tashan Oakley-Boothe,2/14/2000,19,182.88,68,"CM,CDM",England,64,81,925000,7000,Right,1,3,3,Lean,2300000,,,,,48,39,45,71,34,62,56,55,70,65,63,67,53,55,51,44,59,65,60,36,59,61,56,60,52,65,60,64,55
M. Anderson,Mikael Anderson,7/1/1998,20,154.94,68.9,"RM,LM",Iceland,64,75,775000,4000,Right,1,3,3,Lean,,,,,,51,56,35,56,47,65,45,36,49,64,90,86,79,58,66,56,44,68,47,40,61,22,59,54,45,55,26,38,33
T. Pearce,Tom Pearce,4/12/1998,20,185.42,69.9,LB,England,64,78,900000,6000,Left,1,2,2,Lean,,,,,,67,48,51,64,39,62,64,55,51,60,74,72,76,57,62,64,64,66,65,61,58,63,57,51,37,59,60,62,64
S. Sarr,Sidy Sarr,6/5/1996,22,195.58,86.2,"CM,CDM",Senegal,64,71,625000,1000,Left,1,3,2,Normal,,,,,,51,60,77,64,47,61,36,46,59,66,54,66,45,62,32,73,74,80,91,59,77,60,61,59,44,59,58,64,53
P. Charruau,Paul Charruau,7/12/1993,25,187.96,87.1,GK,France,64,69,425000,1000,Right,1,2,1,Normal,776000,,,,,10,8,8,18,7,12,15,12,14,19,42,52,37,53,43,22,58,17,82,13,37,24,8,17,14,52,12,18,15
H. Anderson,Harry Anderson,1/9/1997,22,152.4,71.2,RM,England,64,75,775000,3000,Right,1,3,2,Normal,1500000,,,,,57,58,41,58,53,62,44,43,47,57,84,88,81,61,77,56,43,80,75,49,42,35,60,56,54,52,52,39,36
F. Di Mariano,Francesco Di Mariano,4/20/1996,22,152.4,68,"LW,CAM,RW",Italy,64,71,625000,1000,Right,1,4,3,Normal,1100000,,,,,59,59,34,62,51,71,66,41,52,69,70,71,68,60,69,57,50,55,47,44,34,30,61,62,48,55,34,27,25
G. Puel,Grégoire Puel,2/20/1992,27,152.4,67.1,"RB,RM",France,64,65,425000,1000,Right,1,2,2,Lean,776000,,,,,62,39,59,61,32,59,58,34,47,61,70,59,66,64,69,43,77,70,62,33,62,62,51,43,46,54,59,61,63
M. Chudý,Martin Chudý,4/23/1989,29,187.96,89.8,GK,Slovakia,64,64,300000,1000,Right,1,3,1,Stocky,405000,,,,,10,8,10,24,7,10,10,12,25,28,20,25,35,52,40,18,54,26,65,9,25,7,5,45,17,50,7,14,10
Andújar,David Andújar Jiménez,8/21/1991,27,187.96,78.9,"CB,RB",Spain,64,67,475000,2000,Right,1,3,2,Normal,772000,,,,,56,16,68,54,28,38,29,18,51,57,61,55,48,52,54,56,62,65,71,19,61,60,21,23,33,55,66,66,65
Kaká,Everton Ferreira Guimarães,5/20/1991,27,175.26,67.1,"CAM,CM",Brazil,64,64,475000,3000,Right,1,3,3,Lean,998000,,,,,60,45,35,66,38,68,60,55,61,67,67,68,72,66,77,57,55,48,42,52,72,49,64,61,39,56,48,49,43
A. Wordsworth,Anthony Wordsworth,1/3/1989,30,185.42,76.2,CM,England,64,64,425000,2000,Left,1,4,2,Normal,744000,,,,,65,62,63,65,63,62,65,66,65,65,57,66,59,59,55,67,50,76,68,65,45,48,64,66,64,68,42,48,45
N. Gil,Nicolás Gil,4/1/1997,21,182.88,77.1,"LB,CB",Colombia,64,76,700000,1000,Left,1,2,2,Normal,1100000,,,,,56,33,50,58,38,42,45,40,45,59,68,65,62,63,75,47,68,74,65,36,64,62,51,46,43,50,72,64,61
Hu Yanqiang,胡延强,3/20/1993,25,152.4,59.9,"CM,LM",China PR,64,67,550000,4000,Right,1,3,2,Lean,1200000,,,,,53,58,40,64,45,67,42,41,64,62,82,86,91,62,76,65,52,76,54,59,45,62,62,66,48,61,40,32,36
A. Noppert,Andries Noppert,4/7/1994,24,203.2,93.9,GK,Netherlands,64,68,425000,1000,Right,1,3,1,Lean,691000,,,,,14,19,19,20,19,19,41,14,39,20,45,50,40,60,60,41,66,42,66,20,21,16,15,16,19,54,10,15,13
M. Exslager,Maurice Exslager,2/12/1991,28,175.26,71.2,"ST,RW,LW",Germany,64,64,475000,1000,Right,1,3,3,Normal,689000,,,,,61,65,63,55,57,62,53,44,39,57,72,64,73,60,79,71,81,53,78,54,74,32,62,49,58,63,33,41,35
A. Al Joui,Abdullah Al Joui,3/2/1995,24,167.64,66.2,RM,Saudi Arabia,64,71,625000,4000,Right,1,3,3,Lean,1200000,,,,,62,51,40,60,48,67,70,51,51,64,86,78,73,60,88,54,47,51,41,48,37,20,61,58,52,62,19,25,24
P. Brożek,Paweł Brożek,4/21/1983,35,154.94,72.1,ST,Poland,64,64,210000,2000,Right,1,4,2,Stocky,284000,,,,,58,68,63,63,59,59,54,51,49,61,38,47,64,67,67,66,66,32,68,62,58,30,71,67,70,75,18,33,22
Diego Alende,Diego Alende López,8/25/1997,21,182.88,76.2,CB,Spain,64,74,650000,3000,Right,1,3,2,Stocky,1500000,,,,,26,24,66,61,21,29,26,26,35,60,53,55,32,60,65,31,78,43,59,23,62,69,28,33,33,58,50,68,71
M. Aebischer,Michel Aebischer,1/6/1997,22,182.88,73.9,"CM,CDM",Switzerland,64,75,775000,4000,Right,1,4,2,Lean,1300000,,,,,58,62,54,65,41,61,44,39,63,67,68,65,66,61,66,56,64,74,58,54,58,55,58,66,45,56,53,58,54
J. Stacey,Jack Stacey,4/6/1996,22,152.4,62.1,RB,England,64,73,600000,2000,Right,1,3,2,Lean,1200000,,,,,63,48,59,63,42,65,51,37,57,61,69,70,73,56,68,52,52,75,63,54,50,59,60,53,42,56,57,64,61
W. Palacios,William Palacios,7/21/1994,24,175.26,72.1,"RM,ST",Colombia,64,69,600000,1000,Right,1,3,3,Normal,855000,,,,,57,63,64,54,43,67,37,25,45,65,80,82,78,56,69,49,63,68,70,46,46,20,61,56,58,50,26,20,22
A. Al Mutairi,Abdullah Saud Al Mutairi,7/1/1986,32,175.26,60.8,"LM,CAM,RM",Saudi Arabia,64,64,350000,5000,Right,1,3,3,Lean,578000,,,,,55,58,59,68,55,66,50,46,62,65,64,57,78,61,69,62,65,72,67,54,42,19,62,66,65,50,13,21,19
N. Ferraresi,Nahuel Ferraresi,11/19/1998,20,187.96,74.8,CB,Venezuela,64,74,,,Right,1,3,2,Lean,,,,,,27,21,60,55,29,29,27,24,51,30,60,63,46,45,54,40,74,64,78,17,71,59,25,35,42,58,66,66,67
S. Ingolitsch,Sandro Ingolitsch,4/18/1997,21,152.4,72.1,"RB,LB,RWB",Austria,64,69,500000,3000,Right,1,2,2,Normal,763000,,,,,62,29,56,59,29,62,30,40,42,59,66,65,62,63,69,35,70,66,57,28,56,62,48,39,41,57,63,67,60
J. Welzmüller,Josef Welzmüller,1/10/1990,29,187.96,74.8,CB,Germany,64,64,375000,2000,Right,1,3,2,Lean,544000,,,,,24,19,59,49,30,27,24,26,39,54,62,51,59,64,56,35,70,70,76,31,55,59,27,29,43,60,66,67,65
S. Jurado,Sebastián Jurado Roca,9/28/1997,21,185.42,79.8,GK,Mexico,64,78,825000,1000,Right,1,2,1,Normal,1900000,,,,,10,7,10,27,7,14,10,13,26,10,30,28,42,44,48,25,62,23,43,5,27,10,6,25,11,36,19,10,10
S. Wharton,Scott Wharton,10/3/1997,21,193.04,81.2,CB,England,64,76,725000,6000,Left,1,3,2,Lean,,,,,,26,26,65,62,32,49,26,28,49,49,62,60,57,60,53,36,73,66,73,24,72,58,26,33,38,65,64,62,61
J. Tosik,Jakub Tosik,5/21/1987,31,154.94,81.2,"CDM,RB",Poland,64,64,300000,2000,Right,1,2,2,Normal,405000,,,,,55,38,51,62,36,52,56,39,59,60,67,55,70,63,69,61,74,52,83,48,90,62,56,49,45,54,58,63,68
D. Rose,Daniel Rose,2/21/1988,31,170.18,66.2,"CM,CDM",England,64,64,425000,4000,Left,1,4,3,Normal,744000,,,,,56,54,50,67,55,57,62,59,61,64,66,60,76,62,79,61,73,80,63,63,52,61,57,62,56,72,66,60,58
C. Greger,Christoph Greger,1/14/1997,22,193.04,81.2,CB,Germany,64,70,525000,1000,Left,1,3,2,Normal,866000,,,,,27,22,69,44,24,28,26,27,39,43,55,53,49,61,43,45,74,59,83,21,66,60,27,35,39,50,62,64,59
V. Jónsson,Viðar Ari Jónsson,3/10/1994,24,182.88,74.8,RB,Iceland,64,71,525000,1000,Right,1,4,2,Lean,761000,,,,,58,44,58,57,48,61,56,32,44,62,81,83,75,58,65,56,59,62,58,43,57,61,58,57,35,54,58,63,66
Vagnão Junior,Vágner Nilson Rosa Cadete,2/29/1992,27,172.72,62.1,"ST,CF,LW",Brazil,64,64,500000,5000,Left,1,4,3,Lean,925000,,,,,72,64,51,62,71,75,66,65,51,71,84,71,91,61,91,59,52,61,39,61,31,31,62,64,64,66,17,32,31
A. Moreno,Alan Mauricio Moreno Ávalos,10/30/1995,23,175.26,64.9,RB,Chile,64,72,575000,1000,Right,1,3,2,Normal,891000,,,,,56,33,60,58,29,48,47,25,56,61,75,69,71,57,69,44,72,76,68,25,72,63,70,51,30,56,56,62,64
F. Lanzillotta,Federico Vicente Lanzillota,12/1/1992,26,185.42,79.8,GK,Argentina,64,69,425000,2000,Right,1,3,1,Normal,669000,,,,,18,16,17,28,19,12,20,12,21,13,24,23,25,53,38,23,66,21,53,17,16,11,15,24,24,30,18,15,15
R. Sánchez,José Ramiro Sánchez Carvajal,10/5/1983,35,185.42,79.8,GK,Colombia,64,64,180000,1000,Right,1,2,1,Normal,252000,,,,,15,13,15,26,14,14,16,16,23,20,45,45,38,65,45,22,60,35,60,14,23,24,13,28,22,40,14,14,14
L. Quezada,Luis Miguel Quezada Sánchez,2/11/1996,23,170.18,66.2,LB,Dominican Republic,64,73,600000,2000,Left,1,3,2,Normal,1100000,,,,,75,56,51,64,44,62,42,51,59,65,71,72,64,65,79,66,47,69,52,63,54,58,61,54,45,58,53,56,59
J. Díaz Price,Jorge Díaz Price,7/27/1998,20,175.26,64.9,LM,Mexico,64,79,975000,3000,Right,1,3,3,Lean,2300000,,,,,62,65,41,60,53,70,59,64,55,69,69,68,61,45,76,64,43,66,41,60,32,19,57,55,65,53,37,58,54
R. Allsop,Ryan Allsop,6/17/1992,26,187.96,79.8,GK,England,64,67,400000,2000,Right,1,3,1,Normal,730000,,,,,15,11,13,35,15,12,14,12,34,26,42,42,48,65,44,22,48,40,58,15,28,28,13,30,27,34,18,11,11
K. Fickentscher,Kevin Fickentscher,7/6/1988,30,154.94,78,GK,Switzerland,64,65,350000,5000,Right,1,3,1,Normal,534000,,,,,20,13,11,13,12,14,15,12,16,19,46,54,52,59,25,24,66,43,33,12,28,22,13,50,13,48,9,12,19
A. Al Kassar,Ahmed Ali Al Kassar,5/8/1991,27,152.4,76.2,GK,Saudi Arabia,64,64,300000,4000,Right,1,3,1,Normal,495000,,,,,15,15,18,23,11,19,17,15,16,17,40,41,36,60,62,17,67,35,56,20,16,20,18,46,19,48,12,14,17
A. Stewart,Anthony Stewart,9/18/1992,26,182.88,76.2,CB,England,64,66,450000,2000,Right,1,3,2,Normal,821000,,,,,42,20,65,50,18,38,27,24,49,48,59,59,66,60,63,26,73,70,74,19,66,62,28,44,33,56,63,64,63
S. Pinas,Shaquille Pinas,3/19/1998,20,182.88,67.1,"CB,CDM",Netherlands,64,75,675000,2000,Left,1,3,2,Normal,1100000,,,,,43,41,53,64,48,55,47,38,58,57,75,70,74,64,65,55,84,68,67,49,68,62,51,58,43,54,61,63,63
O. Sangante,Opa Sangante,2/1/1991,28,187.96,87.1,"CM,CDM",Senegal,64,64,475000,2000,Right,1,3,2,Normal,831000,,,,,48,35,60,68,34,57,42,35,65,65,69,53,61,61,56,60,59,80,76,52,70,65,54,58,47,56,59,67,58
B. Bye,Bendik Bye,3/9/1990,28,185.42,83,"RM,ST",Norway,64,64,450000,1000,Right,1,4,3,Normal,563000,,,,,57,64,62,60,46,63,47,33,49,64,69,69,59,67,53,66,65,69,76,61,39,18,63,58,63,63,29,14,15
I. Berezovskyi,Ihor Berezovskyi,8/24/1990,28,193.04,87.1,GK,Ukraine,64,65,350000,3000,Right,1,2,1,Normal,586000,,,,,19,13,14,33,10,12,15,13,25,20,25,29,31,62,33,27,69,35,67,15,22,12,12,21,33,22,12,14,12
I. Aliseda,Ignacio Aliseda,3/14/2000,18,170.18,68.9,"RM,CM,ST,LM",Argentina,64,80,925000,2000,Right,1,3,3,Lean,2000000,,,,,58,52,42,64,50,69,47,40,49,63,79,74,75,59,70,56,56,64,47,41,47,26,60,62,51,65,38,41,47
P. Leciejewski,Piotr Leciejewski,3/23/1985,33,193.04,88,GK,Poland,64,64,230000,1000,Right,1,3,1,Normal,311000,,,,,10,13,8,29,12,11,15,11,33,21,50,48,57,66,40,22,57,30,76,11,40,22,11,58,25,58,13,10,9
N. Oroz,Nicolás Oroz,4/1/1994,24,172.72,73,"CM,LM",Argentina,64,69,600000,4000,Left,1,3,3,Normal,,,,,,64,56,45,68,46,72,55,49,61,69,75,77,81,61,78,65,35,62,57,57,49,58,53,64,48,54,57,46,45
A. Bruno,Alessandro Bruno,7/4/1983,35,154.94,69.9,"CM,CDM",Italy,64,64,220000,1000,Right,1,3,2,Normal,341000,,,,,56,39,56,63,44,58,52,49,66,66,54,32,60,68,72,58,43,70,72,57,63,65,51,65,51,68,66,61,56
F. Torres,Fabian Torres,4/27/1989,29,154.94,78,CB,Chile,64,65,400000,1000,Right,1,3,2,Stocky,570000,,,,,41,21,72,65,29,38,32,29,59,45,60,58,48,48,62,45,66,72,71,19,71,48,29,32,36,50,63,71,58
Rafael Dumas,Rafael Dumas Ribeiro,3/13/1995,23,182.88,82.1,CB,Brazil,64,72,575000,1000,Right,1,3,2,Normal,834000,,,,,39,30,62,39,40,39,33,31,37,38,59,54,45,68,65,49,68,60,78,29,57,66,34,34,52,49,63,66,62
M. Özyıldırım,Mert Özyıldırım,2/28/1995,24,154.94,74.8,"CB,CDM,CM",Turkey,64,72,575000,3000,Right,1,2,2,Lean,1300000,,,,,27,20,62,61,25,53,30,28,43,56,66,66,64,58,64,50,70,56,71,39,52,63,42,46,47,48,61,66,63
C. Freitag,Christoph Freitag,1/21/1990,29,182.88,79.8,"CDM,CM",Austria,64,64,375000,3000,Right,1,3,2,Normal,544000,,,,,46,32,51,65,29,53,42,23,61,62,46,53,63,65,57,65,49,55,77,56,71,62,56,58,33,58,58,64,58
T. Yonemoto,米本 拓司,12/3/1990,28,152.4,69.9,CM,Japan,64,64,475000,2000,Right,1,3,2,Normal,594000,,,,,62,54,58,63,46,61,41,52,65,62,67,67,68,66,64,58,59,77,69,60,67,66,58,60,56,60,64,67,63
F. Tingager,Frederik Tingager,2/22/1993,26,198.12,93.9,CB,Denmark,64,68,500000,3000,Right,1,2,2,Lean,663000,,,,,40,19,75,52,25,46,30,21,51,54,50,53,30,58,34,45,48,62,90,17,51,56,29,29,30,60,62,66,60
M. Sarr,Marian Sarr,1/30/1995,24,187.96,83,CB,Germany,64,70,525000,1000,Left,1,3,2,Lean,866000,,,,,48,45,65,63,26,58,39,38,62,59,66,63,66,55,54,45,70,55,68,22,53,62,26,54,60,57,66,63,60
L. Balerdi,Leonardo Julián Balerdi Rossa,1/26/1999,20,187.96,84.8,CB,Argentina,64,80,875000,4000,Right,1,2,2,Lean,2000000,,,,,35,26,61,60,29,45,33,30,52,48,65,63,47,55,39,45,70,62,77,20,48,64,30,38,40,55,62,68,65
G. Alanís,Gabriel Gustavo Alanís,3/16/1994,24,185.42,73,"LM,CAM,CM",Argentina,64,70,625000,3000,Left,1,2,2,Lean,1000000,,,,,60,45,56,61,41,58,55,56,56,62,68,73,73,73,65,55,62,74,64,59,45,49,64,65,54,68,43,43,45
O. Skipp,Oliver Skipp,9/16/2000,18,175.26,69.9,"CDM,CM",England,64,83,800000,6000,Right,1,3,2,Normal,2000000,,,,,52,38,51,70,35,58,48,42,64,63,64,65,57,60,61,55,61,74,61,38,67,61,44,52,54,54,58,63,57
S. Hughes,Sam Hughes,4/15/1997,21,187.96,79.8,CB,England,64,75,675000,8000,Right,1,3,2,Normal,1400000,,,,,38,29,68,40,32,42,35,34,33,44,52,56,50,64,56,42,72,50,74,27,69,62,45,38,45,56,64,63,61
Han Hee Hoon,한희훈 韩献熙,8/10/1990,28,182.88,78,CB,Korea Republic,64,65,425000,1000,Right,1,3,2,Normal,563000,,,,,22,18,62,49,25,33,28,26,32,27,70,61,49,56,66,30,70,71,76,23,66,65,27,31,34,62,60,68,63
A. Tarbell,Andrew Tarbell,10/7/1993,25,190.5,88,GK,United States,64,68,425000,1000,Right,1,2,1,Normal,669000,,,,,14,15,12,22,17,15,14,13,25,18,19,18,25,46,29,20,44,26,57,15,22,12,17,29,19,43,17,12,13
Dêniro Prestes,Dêniro Rubens Prestes Cadete,2/29/1988,31,187.96,82.1,ST,Brazil,64,64,425000,5000,Right,1,3,2,Normal,786000,,,,,33,63,72,47,56,59,45,47,38,57,49,54,53,56,51,70,60,62,84,60,70,22,66,51,62,65,24,21,19
T. Al Ammar,Turki Al Ammar,9/23/1999,19,170.18,68,"CM,CDM,CAM",Saudi Arabia,64,79,925000,3000,Right,1,3,3,Lean,2200000,,,,,62,52,31,69,33,65,34,34,64,67,65,73,79,60,83,56,60,79,57,44,50,49,61,63,29,52,47,55,38
M. Suzuki,铃木 武藏,2/11/1994,25,185.42,73.9,ST,Japan,64,68,600000,1000,Right,1,3,3,Normal,795000,,,,,54,64,57,46,56,67,53,32,36,63,78,77,66,65,55,58,53,53,75,61,32,12,63,50,57,57,17,11,11
K. Mazek,Kamil Mazek,7/22/1994,24,175.26,64,"RM,LM",Poland,64,67,575000,2000,Left,1,4,2,Lean,819000,,,,,58,54,38,57,56,58,49,38,55,61,92,89,72,51,83,61,81,73,48,54,29,24,59,61,54,56,28,23,26
D. Vaughan,David Vaughan,2/18/1983,36,167.64,69.9,"CM,CDM",Wales,64,64,190000,3000,Left,1,3,2,Stocky,333000,,,,,64,59,58,68,57,62,68,63,66,65,33,33,50,59,91,68,60,50,58,66,66,63,55,60,66,82,59,66,62
E. Laird,Ethan Laird,8/5/2001,17,152.4,74.8,"RB,LB,CB",England,64,81,800000,5000,Right,1,3,3,Normal,2000000,,,,,61,54,61,59,31,68,58,28,52,63,75,78,68,66,68,53,70,68,69,53,68,58,66,55,35,58,57,62,62
T. Campbell,Tyrese Campbell,12/28/1999,19,182.88,74.8,ST,England,64,82,950000,5000,Left,1,4,2,Normal,,,,,,48,63,62,58,54,59,54,54,42,60,79,78,69,61,67,62,74,63,74,61,58,28,62,56,73,58,31,31,24
C. Mackail-Smith,Craig Mackail-Smith,2/25/1984,35,152.4,78,"ST,RW,RM",Scotland,64,64,240000,2000,Right,1,3,2,Normal,,,,,,58,63,58,55,61,59,56,52,48,60,71,69,72,66,73,64,72,75,73,58,68,52,65,60,64,63,28,33,25
N. Bishop,Neal Bishop,8/7/1981,37,185.42,81.2,CM,England,64,64,140000,3000,Right,1,3,2,Normal,245000,,,,,44,58,60,65,46,56,50,53,63,63,64,60,65,67,68,57,77,82,72,58,80,66,57,58,47,66,65,66,65
C. Ferreira,Cristian Ferreira,9/12/1999,19,175.26,68.9,CAM,Argentina,64,83,925000,2000,Right,1,3,3,Lean,1900000,,,,,57,51,52,70,52,66,59,60,67,66,65,67,63,57,78,69,59,51,47,71,40,27,50,60,56,71,44,43,48
J. Valencia,Juan David Valencia Arboleda,3/19/1993,25,182.88,74.8,GK,Colombia,64,69,425000,1000,Right,1,2,1,Lean,606000,,,,,17,13,13,28,15,17,19,12,18,23,52,50,62,57,53,19,64,39,53,16,28,22,14,28,23,42,11,16,14
L. Nieuwpoort,Lars Nieuwpoort,10/29/1994,24,187.96,69.9,CB,Netherlands,64,68,500000,2000,Left,1,2,2,Normal,763000,,,,,32,28,62,61,28,57,48,45,64,58,65,67,66,50,48,55,69,66,72,45,60,65,23,28,37,62,62,63,61
R. Meléndez,Rene Antonio Melendez Plaza,11/19/1998,20,175.26,72.1,"CAM,LM",Chile,64,77,850000,1000,Left,1,3,2,Lean,1700000,,,,,63,44,44,72,47,59,60,50,71,65,74,70,74,51,75,59,64,68,59,57,45,30,62,66,59,63,35,33,36
M. Malsa,Mickaël Malsa,10/12/1995,23,152.4,68.9,"CM,CDM",France,64,71,625000,2000,Right,1,3,2,Normal,,,,,,54,39,60,72,44,58,56,49,66,64,68,69,66,55,72,62,58,75,57,43,63,58,61,64,47,53,62,59,61
C. Shaughnessy,Conor Shaughnessy,6/30/1996,22,190.5,73.9,"CB,CDM",Republic of Ireland,64,72,575000,7000,Right,1,3,2,Lean,,,,,,41,31,64,61,40,52,37,38,54,60,62,66,59,54,59,60,68,67,73,50,65,59,46,56,44,59,62,63,63
Lolo,Emmanuel González Rodríguez,7/22/1991,27,185.42,83,"CDM,CB,CM",Spain,64,65,450000,2000,Right,1,3,2,Normal,,,,,,40,35,72,65,26,43,32,33,59,59,55,54,51,50,45,60,74,75,78,58,74,63,58,56,75,45,58,64,59
J. Rask,Jesper Rask,7/18/1988,30,195.58,88,GK,Denmark,64,64,300000,2000,Right,1,3,1,Normal,375000,,,,,17,14,14,17,12,13,16,15,20,24,36,31,31,59,26,12,43,22,68,15,21,24,13,44,12,54,27,17,17
M. Martic,Manuel Martic,8/15/1995,23,187.96,81.2,"CDM,CM",Austria,64,68,500000,3000,Right,1,3,2,Normal,788000,,,,,40,45,57,67,29,54,42,35,66,65,70,64,68,67,52,47,66,61,86,42,56,58,56,49,45,52,57,64,66
T. Pett,Tom Pett,12/3/1991,27,172.72,69.9,"CAM,CM,LM",England,64,64,475000,5000,Right,1,4,3,Lean,831000,,,,,60,55,37,65,51,63,59,56,58,62,75,71,86,59,82,57,65,75,49,61,35,33,58,61,56,70,48,49,45
Hui Jiakang,惠家康,1/15/1989,30,154.94,74.8,"LW,LM",China PR,64,64,450000,4000,Right,1,3,3,Lean,968000,,,,,66,60,43,68,63,65,70,59,62,68,70,73,68,55,68,62,57,70,59,60,57,40,58,55,65,60,35,42,38
O. Palmer,Ollie Palmer,1/21/1992,27,195.58,92.1,ST,England,64,65,550000,3000,Right,1,3,2,Normal,1000000,,,,,38,66,65,44,46,55,42,27,33,64,55,70,58,56,67,58,38,67,88,54,67,24,68,51,62,64,13,25,28
J. Mitchell,Jonathan Mitchell,11/24/1994,24,182.88,86.2,GK,England,64,72,500000,5000,Right,1,2,1,Normal,,,,,,15,12,20,45,13,18,14,16,45,40,64,40,60,65,62,25,65,30,67,20,32,25,13,59,29,59,8,15,16
D. Vaněček,David Vaněček,3/9/1991,28,193.04,92.1,ST,Czech Republic,64,65,525000,2000,Right,1,3,2,Normal,958000,,,,,22,68,66,61,66,48,50,28,35,57,60,64,59,57,64,70,64,64,76,52,62,22,65,58,62,68,20,22,21
Y. Shimada,島田 譲,11/28/1990,28,175.26,76.2,CDM,Japan,64,65,425000,1000,Left,1,2,2,Lean,563000,,,,,51,38,56,63,32,55,36,35,61,65,58,62,69,63,68,56,65,76,68,43,74,59,41,53,41,53,55,64,57
A. Pucheta,Arián Pucheta,3/8/1995,24,154.94,83.9,CB,Argentina,64,71,550000,3000,Left,1,2,2,Normal,908000,,,,,25,17,59,54,22,41,25,28,43,52,40,47,37,56,54,39,72,44,72,20,55,67,20,28,40,54,68,64,62
T. Bunmathan,Theerathon Bunmathan,2/6/1990,29,170.18,62.1,"LB,LM",Thailand,64,64,350000,2000,Left,1,3,3,Lean,438000,,,,,68,43,51,62,33,61,66,63,54,70,66,71,70,66,76,45,70,65,55,41,57,64,57,45,61,53,59,62,53
Moreto Cassamá,Moreto Moro Cassamá,2/16/1998,21,167.64,63,"CM,CAM",Portugal,64,76,800000,3000,Right,1,3,3,Lean,1800000,,,,,56,57,54,66,59,68,65,56,59,66,74,67,88,65,92,66,59,67,29,58,65,50,64,63,58,70,59,56,46
R. Edwards,Raheem Edwards,7/15/1995,23,175.26,66.2,"LW,LWB,LB,RW",Canada,64,72,675000,2000,Left,1,2,3,Lean,1100000,,,,,55,55,55,66,51,69,64,39,54,63,81,81,79,56,78,58,82,69,51,54,72,55,58,63,49,56,57,62,59
Y. Hamza,Yassen Hamza,9/27/1990,28,182.88,76.2,CB,Saudi Arabia,64,64,375000,6000,Right,1,3,2,Normal,619000,,,,,63,41,64,61,35,55,50,54,60,58,67,75,68,57,65,52,79,76,76,58,75,57,43,53,41,55,50,66,65
M. Ignatov,Mikhail Ignatov,5/4/2000,18,182.88,73.9,CAM,Russia,64,81,925000,1000,Right,1,3,3,Lean,2500000,,,,,54,46,49,72,54,68,52,52,68,69,64,68,45,59,60,55,56,48,55,55,42,32,47,63,60,62,40,53,54
A. Gnanduillet,Armand Gnanduillet,2/13/1992,27,193.04,93,ST,Ivory Coast,64,65,550000,3000,Right,1,3,2,Normal,1000000,,,,,40,60,70,44,60,63,51,62,40,54,65,69,67,54,36,75,65,59,89,65,81,20,57,38,59,49,16,31,37
K. Angielski,Karol Angielski,3/20/1996,22,152.4,69.9,ST,Poland,64,69,625000,2000,Left,1,3,3,Normal,891000,,,,,42,66,60,63,56,63,53,50,59,65,73,69,79,59,64,65,87,68,45,61,35,27,66,58,58,59,27,16,14
B. Kara,Berkay Kara,3/27/1993,25,172.72,68,"RW,LW",Turkey,64,67,575000,7000,Left,1,2,3,Normal,1200000,,,,,60,62,50,59,55,70,66,40,40,64,76,74,82,59,83,70,66,60,57,55,44,17,57,55,58,51,18,12,10
Ha Dae Sung,하대성 河大成,3/2/1985,34,182.88,74.8,"CM,CAM",Korea Republic,64,64,270000,2000,Right,1,3,3,Normal,338000,,,,,57,61,63,66,55,63,62,63,65,64,45,51,61,60,63,65,81,49,62,62,67,65,63,65,65,65,62,61,60
I. Ljubić,Ivan Ljubić,7/7/1996,22,182.88,74.8,"CM,CDM",Austria,64,75,775000,3000,Right,1,3,2,Normal,1300000,,,,,37,38,54,67,32,58,38,37,62,66,63,63,59,65,61,56,49,73,64,57,62,62,60,59,43,60,59,58,55
U. Antuna,Carlos Uriel Antuna Romero,8/21/1997,21,175.26,59,RM,Mexico,64,74,725000,1000,Right,1,3,3,Lean,1200000,,,,,62,55,46,60,48,68,54,48,55,65,78,78,93,56,74,55,55,70,31,42,40,35,55,57,45,58,24,31,32
A. Barcham,Andrew Barcham,12/16/1986,32,175.26,74.8,LM,England,64,64,400000,2000,Right,1,3,3,Normal,700000,,,,,60,56,41,60,41,63,60,38,55,61,79,82,79,60,85,56,67,69,61,52,44,31,62,56,54,50,48,31,27
F. Menig,Fabian Menig,2/26/1994,25,187.96,78.9,"RWB,RM,RB,LB",Germany,64,67,475000,1000,Right,1,3,2,Normal,724000,,,,,50,31,58,56,38,49,35,31,39,59,64,67,54,66,56,39,72,77,78,35,65,66,34,46,46,55,62,67,69
L. Wahlqvist,Linus Wahlqvist,11/11/1996,22,182.88,78,"RM,RWB,RB",Sweden,64,71,650000,3000,Right,1,2,2,Lean,1100000,,,,,69,36,62,64,38,59,66,31,63,66,74,72,65,69,56,72,80,78,65,62,72,69,47,55,30,65,67,69,64
G. Ferrari,Gianluca Ferrari,6/30/1997,21,182.88,76.2,"CB,RB",Argentina,64,76,725000,3000,Right,1,2,2,Normal,1200000,,,,,33,28,65,58,31,42,33,25,41,58,65,64,58,58,60,42,67,66,61,22,63,62,41,32,38,56,64,68,63
A. Bayındır,Altay Bayındır,4/14/1998,20,198.12,73,GK,Turkey,64,73,525000,2000,Right,1,2,1,Lean,1200000,,,,,11,10,14,27,15,10,10,14,22,14,19,23,22,45,24,18,32,25,64,11,22,14,14,35,16,49,14,13,10
Genís,Genís Montolio Lafuente,7/23/1996,22,175.26,67.1,"RB,LB",Spain,64,71,550000,3000,Right,1,3,2,Lean,1300000,,,,,68,31,59,70,58,54,65,28,58,65,63,58,60,63,57,48,52,60,57,35,62,65,49,53,30,48,60,63,62
J. Tillson,Jordan Tillson,3/5/1993,26,182.88,67.1,CDM,England,64,66,450000,3000,Right,1,2,2,Lean,,,,,,45,40,59,63,38,58,41,37,61,62,62,58,69,60,64,52,78,79,70,44,67,59,44,61,45,53,60,62,61
S. McNulty,Stephen McNulty,9/26/1983,35,185.42,88,CB,England,64,64,140000,3000,Right,1,3,2,Stocky,245000,,,,,29,19,64,56,20,28,21,20,45,51,29,29,23,60,38,40,43,34,83,21,70,59,19,41,23,50,73,63,49
D. Stojanović,Dejan Stojanović,7/19/1993,25,195.58,88.9,GK,FYR Macedonia,64,70,450000,2000,Left,1,2,1,Normal,743000,,,,,16,12,17,30,19,17,17,15,18,20,34,42,34,57,35,24,50,34,60,14,24,18,10,27,21,58,12,19,11
R. O'Donnell,Richard O'Donnell,9/12/1988,30,187.96,84.8,GK,England,64,64,300000,2000,Left,1,3,1,Normal,525000,,,,,23,19,11,26,12,14,11,11,34,33,54,50,56,68,51,15,62,32,73,11,29,16,12,48,14,47,10,19,19
R. Basque,Romain Basque,6/30/1995,23,182.88,68.9,CDM,France,64,73,600000,2000,Right,1,4,3,Normal,1200000,,,,,55,51,60,68,50,65,50,50,60,67,69,69,63,62,66,60,61,74,69,58,57,57,59,61,50,64,63,64,55
F. Reese,Fabian Reese,11/29/1997,21,187.96,79.8,"RM,ST",Germany,64,76,800000,5000,Right,1,4,3,Lean,,,,,,54,59,68,61,43,63,47,37,45,64,77,85,69,64,57,66,67,63,67,56,55,38,62,55,70,53,42,35,28
C. Rawlinson,Connell Rawlinson,9/22/1991,27,185.42,78,"CB,RB",Wales,64,66,450000,3000,Right,1,3,2,Normal,821000,,,,,38,27,66,52,35,44,40,26,45,41,55,55,50,58,60,41,81,65,84,23,73,56,34,34,30,54,60,62,61
D. Kutesa,Dereck Kutesa,12/6/1997,21,175.26,67.1,"RW,LW",Switzerland,64,79,1000000,3000,Right,1,3,3,Lean,2100000,,,,,46,53,37,65,41,68,44,38,45,68,86,90,82,57,79,60,86,65,65,58,39,33,46,69,53,58,41,39,34
M. Al Saiari,Mohammed Al Saiari,5/2/1993,25,182.88,79.8,ST,Saudi Arabia,64,66,550000,7000,Right,1,3,2,Stocky,,,,,,44,65,68,62,50,61,46,52,57,59,70,71,65,59,58,59,81,69,72,56,60,36,63,44,40,55,33,28,35
O. Özenç,Ozan Evrim Özenç,1/7/1993,26,190.5,84.8,GK,Turkey,64,69,425000,3000,Right,1,2,1,Normal,882000,,,,,13,15,11,26,17,13,12,14,17,22,42,56,33,59,45,18,67,22,73,17,18,21,16,24,22,50,20,12,19
R. Renner,Rene Renner,11/29/1993,25,154.94,68.9,"LM,LB",Austria,64,66,550000,4000,Left,1,3,2,Lean,839000,,,,,64,57,51,61,45,66,65,43,56,64,72,72,69,58,67,51,34,69,40,49,38,42,54,56,55,45,51,45,43
A. Winkler,Alexander Winkler,1/26/1992,27,190.5,83.9,"CB,LB",Germany,64,66,450000,1000,Left,1,3,2,Lean,686000,,,,,43,19,66,53,29,29,26,29,57,43,57,54,45,53,56,33,69,53,83,25,78,55,23,27,39,58,63,64,61
Z. Tsiskaridze,Zourab Tsiskaridze,9/8/1986,32,185.42,84.8,"CB,LB",Georgia,64,64,300000,3000,Left,1,2,2,Normal,495000,,,,,57,27,56,50,31,47,36,34,55,54,56,62,55,59,57,65,64,74,76,42,76,64,38,43,43,55,64,58,61
S. Domínguez,Sebastian Dominguez Montero,12/5/1987,31,170.18,68,CM,Chile,64,64,425000,1000,Right,1,3,2,Normal,574000,,,,,58,42,49,70,45,57,58,50,66,67,69,72,68,65,66,56,58,83,77,59,70,53,41,58,38,50,64,61,53
F. Ruberto,Francesco Ruberto,3/19/1993,25,182.88,79.8,GK,Switzerland,64,69,425000,2000,Right,1,3,1,Normal,648000,,,,,14,18,19,23,14,21,12,12,18,21,44,42,39,55,56,22,50,21,55,13,19,22,18,11,22,54,5,13,13
Montero,Francisco Montero Rubio,1/14/1999,20,154.94,76.2,"CB,LB",Spain,64,81,875000,4000,Left,1,3,2,Lean,2300000,,,,,42,27,61,60,29,48,33,25,51,60,64,63,58,62,66,37,69,63,62,29,66,64,23,31,40,59,61,65,64
Kuki Zalazar,José Luis Zalazar Martinez,5/5/1998,20,175.26,73,"RW,CAM,ST",Spain,64,80,1000000,4000,Left,1,3,2,Normal,2800000,,,,,65,59,54,64,47,71,74,70,56,69,65,63,55,52,70,71,61,38,46,65,30,27,62,59,59,45,29,21,14
B. Moe,Brede Mathias Moe,12/15/1991,27,182.88,79.8,CB,Norway,64,65,450000,1000,Right,1,3,2,Normal,596000,,,,,29,34,62,53,34,43,34,31,49,55,66,71,56,55,60,63,71,70,74,48,67,64,35,35,38,53,62,62,63
B. Morris,Bryn Morris,4/25/1996,22,182.88,71.2,"CM,CDM",England,64,71,625000,3000,Right,1,3,2,Normal,1200000,,,,,46,43,55,66,48,61,45,35,65,64,71,70,75,59,72,61,67,78,68,60,62,63,53,64,47,61,62,62,60
M. Desler,Mikkel Desler,2/19/1995,24,182.88,73,"RWB,RB,RM,CM",Denmark,64,70,525000,3000,Right,1,3,3,Lean,761000,,,,,52,59,58,66,48,66,55,50,60,66,79,78,71,62,65,59,80,76,47,60,49,53,56,55,57,59,59,61,62
R. Takasugi,髙杉 亮太,1/10/1984,35,182.88,71.2,"CB,CDM",Japan,64,64,140000,1000,Right,1,3,2,Normal,175000,,,,,53,42,59,62,37,44,32,36,56,49,54,60,54,61,57,59,74,72,69,62,68,63,37,43,58,54,60,66,58
B. Soumaré,Boubakary Soumaré,2/27/1999,20,187.96,82.1,CM,France,64,79,950000,3000,Right,1,3,3,Lean,2400000,,,,,56,42,60,65,50,70,59,50,64,69,71,72,64,60,64,64,68,62,74,55,65,63,55,61,50,59,65,65,59
Seo Young Jae,서영재 徐永在,5/23/1995,23,182.88,72.1,"LB,LM",Korea Republic,64,72,575000,2000,Left,1,3,2,Lean,1000000,,,,,60,31,44,52,32,61,39,36,50,59,72,67,69,59,64,35,67,71,54,29,54,60,49,37,44,55,65,67,68
A. Bittroff,Alexander Bittroff,9/19/1988,30,185.42,79.8,"RB,LB",Germany,64,64,350000,2000,Right,1,3,3,Lean,508000,,,,,62,30,58,62,38,64,49,45,54,62,71,84,66,63,59,61,62,74,73,47,73,54,46,41,47,66,62,63,58
P. Clarke,Peter Clarke,1/3/1982,37,182.88,83,CB,England,64,64,60000,2000,Right,1,3,2,Normal,105000,,,,,25,32,66,50,13,35,38,37,48,44,32,33,49,62,32,50,71,62,80,43,72,63,43,56,37,63,65,60,59
J. Storey,Jordan Storey,9/2/1997,21,187.96,74.8,CB,England,64,74,650000,2000,Right,1,3,2,Normal,1400000,,,,,22,22,64,56,35,38,21,28,45,53,65,68,50,59,54,38,68,67,73,21,57,67,26,33,32,54,60,65,62
F. Mayembo,Fernand Mayembo,1/9/1996,23,182.88,88,CB,Congo,64,72,575000,2000,Right,1,3,2,Stocky,1100000,,,,,41,31,63,48,29,38,26,26,52,43,53,50,43,51,32,41,54,56,90,34,69,58,26,33,27,48,63,66,56
T. Hilliard-Arce,Tomas Hilliard-Arce,11/22/1995,23,185.42,78.9,"CB,RB",United States,64,71,550000,2000,Right,1,2,2,Stocky,935000,,,,,24,22,65,48,26,32,21,23,45,41,66,62,55,58,58,30,79,59,75,18,70,62,28,27,31,59,62,62,59
E. Hernández,Edgar Adolfo Hernández Tellez,8/27/1982,36,185.42,83,GK,Mexico,64,64,110000,2000,Right,1,3,1,Normal,187000,,,,,15,17,14,27,11,18,17,12,27,23,57,57,65,64,56,23,70,28,69,16,29,14,11,37,24,44,19,13,12
D. Telgenkamp,Dennis Telgenkamp,5/9/1987,31,193.04,103,GK,Netherlands,64,64,270000,1000,Right,1,2,1,Stocky,392000,,,,,15,11,11,22,11,11,17,17,25,22,34,33,39,50,32,15,42,29,75,11,18,10,11,31,20,50,11,11,11
M. Sadílek,Michal Sadílek,5/31/1999,19,170.18,60.8,"CM,CDM",Czech Republic,64,79,950000,2000,Left,1,4,3,Normal,1900000,,,,,62,55,51,63,50,59,67,65,64,66,66,62,54,51,58,65,65,77,69,66,68,65,55,61,61,59,62,64,61
Leonardo,Leonardo Navacchio,12/28/1992,26,193.04,73.9,GK,Brazil,64,69,425000,2000,Right,1,2,1,Normal,924000,,,,,17,7,13,34,6,14,18,15,26,8,40,48,38,62,51,29,54,45,61,13,18,23,9,15,28,27,21,17,16
V. Loroña,Vladimir Loroña,11/16/1998,20,154.94,74.8,"RB,RWB",Mexico,64,80,875000,1000,Right,1,3,2,Normal,2000000,,,,,63,33,63,64,41,71,46,36,61,61,81,75,80,59,48,39,59,70,56,34,71,47,56,45,42,53,59,64,64
Bura,Jorge Braíma Candé Nogueira,12/22/1995,23,182.88,77.1,"CDM,CM",Guinea Bissau,64,70,525000,2000,Right,1,2,2,Lean,1200000,,,,,47,58,53,64,34,63,36,34,61,64,68,66,67,64,64,61,71,76,65,52,76,62,61,58,41,47,57,62,54
S. Gbegnon,Simon Gbegnon,3/27/1992,26,187.96,74.8,"CDM,CB",Togo,64,68,475000,1000,Right,1,3,2,Lean,867000,,,,,52,45,60,66,45,51,49,39,63,58,64,62,51,57,53,57,65,55,78,49,79,60,40,52,39,59,62,64,62
B. Verboom,Bryan Verboom,1/30/1992,27,152.4,73.9,LB,Belgium,64,65,425000,3000,Left,1,2,2,Normal,669000,,,,,65,48,59,60,40,62,60,56,60,64,74,72,70,60,74,65,74,54,69,62,67,61,61,58,43,65,65,63,64
He Chao,何超,4/19/1995,23,152.4,77.1,"CM,CDM",China PR,64,71,625000,4000,Right,1,4,2,Lean,1500000,,,,,65,39,60,68,31,59,54,59,68,58,54,66,74,68,70,46,54,62,74,41,83,65,61,65,62,51,74,67,64
C. Grant,Conor Grant,4/18/1995,23,175.26,76.2,"CM,LM,LB",England,64,72,650000,3000,Left,1,3,3,Normal,1300000,,,,,68,58,58,66,43,63,66,67,64,64,63,58,76,56,74,68,63,69,65,65,65,57,63,64,34,61,60,61,57
B. Stuver,Brad Stuver,4/16/1991,27,190.5,81.2,GK,United States,64,68,400000,1000,Right,1,1,1,Lean,630000,,,,,13,17,17,24,19,16,13,16,18,18,49,44,48,54,50,15,55,32,75,15,15,17,13,17,25,24,15,17,16
F. Hansch,Florian Hansch,8/22/1995,23,182.88,76.2,"ST,RM,RW",Germany,64,70,625000,2000,Right,1,3,3,Lean,,,,,,50,66,44,61,63,68,63,43,37,65,89,79,87,65,85,59,65,77,34,59,35,19,66,52,59,50,24,14,15
H. Shimoda,下田 北斗,11/7/1991,27,170.18,64,"CM,RM",Japan,64,65,525000,2000,Left,1,4,2,Lean,722000,,,,,54,52,39,66,44,57,52,56,65,68,80,76,79,61,78,71,75,81,54,54,56,57,50,62,44,57,48,56,51
Dani Molina,Daniel Molina Orta,3/14/1996,22,182.88,73,"CDM,CAM",Spain,64,75,675000,4000,Left,1,3,3,Lean,1600000,,,,,49,56,42,72,58,64,66,59,69,69,53,58,66,58,67,59,59,52,33,66,63,59,56,71,55,62,50,68,66
M. Güçlü,Metehan Güçlü,4/2/1999,19,182.88,69.9,ST,Turkey,64,82,975000,8000,Left,1,2,3,Lean,2400000,,,,,42,70,69,59,53,63,47,48,49,65,67,63,61,55,66,63,67,59,48,59,47,21,58,60,69,56,18,16,20
L. Stevenson,Lewis Stevenson,1/5/1988,31,170.18,67.1,"LB,LWB",Scotland,64,64,325000,2000,Left,1,3,3,Normal,569000,,,,,54,50,59,65,12,65,37,55,58,63,63,65,74,63,79,58,76,73,61,29,69,59,54,62,53,57,65,66,60
K. Ogawa,小川 庆治朗,7/14/1992,26,170.18,64.9,"RM,LW,CAM,ST",Japan,64,64,500000,2000,Right,1,3,3,Normal,650000,,,,,62,62,47,63,55,68,60,43,60,63,73,70,71,61,81,63,65,63,61,57,53,54,56,57,59,59,47,49,51
R. Zambrano,Renzo José Zambrano,8/26/1994,24,175.26,68,"CM,CAM,CDM,RM",Venezuela,64,71,625000,2000,Right,1,4,3,Normal,1100000,,,,,63,48,42,68,43,63,78,69,64,66,76,73,89,54,77,67,58,61,58,61,55,59,58,66,49,62,51,56,42
K. Risgård,Kasper Risgård,1/4/1983,36,182.88,78.9,"CM,CAM,LM",Denmark,64,64,190000,3000,Right,1,3,2,Normal,238000,,,,,56,63,61,65,45,60,65,62,64,63,52,60,61,67,69,69,66,61,72,64,67,46,67,65,62,66,55,56,54
J. Macías,José Juan Macías,9/22/1999,19,152.4,73,ST,Mexico,64,75,725000,4000,Right,1,4,3,Lean,,,,,,45,65,65,60,51,65,50,45,42,65,68,67,65,60,74,64,60,55,59,60,40,13,60,55,72,62,21,19,20
A. Al Qahtani,Abdulkarim Ayidh Al Qahtani,2/9/1993,26,170.18,64.9,"RM,RW,LW",Saudi Arabia,64,65,525000,5000,Right,1,3,2,Lean,906000,,,,,57,55,26,64,54,69,41,57,62,67,78,75,76,53,52,67,34,59,61,61,45,48,55,54,47,45,35,33,32
F. Soyalp,Furkan Soyalp,6/12/1995,23,175.26,73,"CM,CDM",Turkey,64,70,600000,4000,Right,1,4,3,Lean,1300000,,,,,59,54,50,67,60,68,64,50,64,68,64,66,72,57,68,66,62,65,61,59,49,48,61,66,51,58,42,53,46
D. Bowles,Daniel Bowles,10/19/1991,27,187.96,83.9,"CB,RB",Australia,64,65,450000,2000,Right,1,2,2,Lean,596000,,,,,54,36,58,61,30,54,37,40,51,55,62,63,62,58,60,43,71,75,72,34,61,66,54,53,42,58,58,66,63
Eddy Francis,艾迪·弗朗西斯,12/17/1990,28,154.94,74.8,"CB,LB,RB",China PR,64,65,425000,3000,Right,1,3,2,Normal,946000,,,,,66,34,51,64,20,50,56,27,66,51,69,70,66,60,67,34,56,87,65,23,72,64,40,41,35,56,60,68,65
A. Connolly,Aaron Anthony Connolly,1/28/2000,19,152.4,77.1,ST,Republic of Ireland,64,79,950000,5000,Right,1,3,2,Normal,,,,,,33,66,64,47,60,57,32,31,30,61,72,69,62,65,68,68,72,60,57,55,50,16,65,47,61,55,12,18,15
F. Herbers,Fabian Herbers,8/17/1993,25,182.88,74.8,"RW,RM",Germany,64,67,575000,2000,Right,1,3,3,Normal,906000,,,,,63,68,65,64,48,64,60,59,58,66,69,73,61,62,60,66,63,66,64,55,66,53,60,59,66,61,47,43,42
F. Sporkslede,Fabian Sporkslede,8/3/1993,25,152.4,68.9,RB,Netherlands,64,67,475000,2000,Right,1,3,3,Normal,724000,,,,,55,44,51,65,45,65,36,47,63,65,63,68,67,65,65,67,69,65,67,55,69,67,43,64,50,61,64,64,63
K. Mercado,Kevin Mercado,1/28/1995,24,170.18,68.9,"LM,RM",Ecuador,64,70,625000,3000,Left,1,3,2,Normal,1200000,,,,,49,62,49,60,59,66,59,34,57,64,84,91,80,56,80,63,62,61,48,53,35,17,51,57,60,48,23,22,19
H. Artarslan,Hasan Batuhan Artarslan,5/25/1994,24,190.5,83.9,CDM,Turkey,64,67,475000,5000,Right,1,2,2,Normal,986000,,,,,43,50,63,65,45,52,46,32,58,60,47,63,47,64,51,59,61,68,77,43,66,66,44,42,59,49,62,68,57
L. Moreira,Leonel Moreira Ledezma,4/2/1990,28,175.26,73,GK,Costa Rica,64,66,375000,5000,Right,1,3,1,Normal,666000,,,,,14,12,13,40,13,15,17,12,35,20,32,48,43,60,63,55,57,35,63,16,11,15,13,34,16,51,15,11,12
D. Diagné,Diawandou Diagné,7/28/1994,24,175.26,62.1,"CDM,CM,RB,CB",Senegal,64,70,525000,2000,Right,1,3,2,Lean,866000,,,,,56,35,63,65,43,57,59,34,67,63,76,75,74,60,75,58,77,55,58,49,63,65,41,58,46,71,62,65,66
S. Al Shehri,Saleh Khalid Al Shehri,11/1/1993,25,182.88,77.1,ST,Saudi Arabia,64,69,625000,5000,Right,1,2,3,Lean,1100000,,,,,36,62,63,49,46,61,52,37,34,63,64,70,67,59,49,63,83,57,82,55,45,20,64,48,68,56,18,19,14
M. Jeannin,Mehdi Jeannin,4/20/1991,27,187.96,81.2,GK,Algeria,64,65,350000,1000,Right,1,2,1,Normal,639000,,,,,15,9,16,31,10,10,10,9,19,22,49,50,37,55,57,23,59,27,77,8,19,21,18,11,15,52,10,19,18
Yu Sang Hun,유상훈 柳相勋,5/25/1989,29,193.04,83.9,GK,Korea Republic,64,64,300000,2000,Right,1,3,1,Normal,375000,,,,,14,19,19,35,12,12,11,13,34,13,42,34,44,61,52,18,43,32,60,14,32,22,10,57,25,59,13,13,18
A. Karazor,Atakan Karazor,10/13/1996,22,190.5,79.8,"CDM,CB",Germany,64,73,600000,2000,Right,1,3,3,Lean,1100000,,,,,39,35,65,66,27,63,42,31,63,66,56,61,59,55,38,47,55,59,71,29,61,60,34,59,38,55,63,67,59
Nelson Freitosa,Nelson Arturo Freitosa Ruiz,2/29/1984,35,185.42,81.2,GK,Brazil,64,64,180000,3000,Right,1,3,1,Normal,333000,,,,,14,6,11,19,8,12,9,11,16,16,48,49,50,65,61,14,75,39,65,7,20,11,9,37,19,61,9,8,11
G. Di Noia,Giovanni Di Noia,7/3/1994,24,154.94,72.1,CM,Italy,64,69,600000,3000,Left,1,2,2,Normal,,,,,,62,63,57,67,49,60,48,40,61,64,71,70,60,60,69,59,64,76,65,48,64,65,61,58,57,53,64,68,68
D. Kvande,Daniel Kvande,4/8/1995,23,187.96,78,CB,Norway,64,69,500000,1000,Right,1,3,2,Normal,663000,,,,,64,32,60,65,20,55,60,60,68,62,56,54,51,58,61,77,64,68,77,53,58,63,28,58,48,45,63,62,58
Perceval Acunha,Perceval Maicon Acunha Inácio,2/29/1988,31,190.5,82.1,"CB,CDM",Brazil,64,64,325000,3000,Right,1,3,2,Stocky,618000,,,,,41,22,55,59,47,21,33,44,46,48,57,72,75,54,46,52,55,45,70,45,61,56,25,34,43,75,75,70,59
S. Humphrys,Stephen Humphrys,9/15/1997,21,185.42,91.2,ST,England,64,74,750000,2000,Right,1,3,2,Stocky,1500000,,,,,57,64,59,51,52,62,57,46,38,63,71,70,64,60,65,63,73,66,84,64,33,21,63,55,61,65,16,35,27
B. Boutobba,Bilal Boutobba,8/29/1998,20,172.72,64.9,"RM,CAM",France,64,73,675000,3000,Left,1,3,3,Lean,1400000,,,,,58,64,48,60,56,76,63,55,50,75,69,68,92,49,90,54,47,54,32,55,22,12,60,46,57,60,28,13,12
J. Salazar,Juan Camilo Salazar Hinestrosa,6/29/1997,21,170.18,69.9,"RM,LM",Colombia,64,78,1000000,3000,Right,1,3,3,Normal,2100000,,,,,59,46,31,62,50,72,42,34,48,65,77,73,74,58,81,55,42,53,51,32,41,24,63,62,49,68,56,25,29
J. Mullins,Johnny Mullins,11/6/1985,33,154.94,79.8,CB,England,64,64,260000,3000,Right,1,3,2,Normal,455000,,,,,49,35,64,54,34,48,33,30,53,54,62,61,57,59,60,48,87,66,74,28,57,61,44,54,45,56,60,62,62
L. Ochoa,Lewis Alexander Ochoa Cassiani,9/4/1984,34,175.26,69.9,RB,Colombia,64,64,170000,1000,Right,1,3,2,Lean,230000,,,,,68,50,62,60,40,58,60,40,54,58,67,69,70,65,66,70,70,65,60,57,66,59,58,56,33,58,58,64,63
S. Auer,Stephan Auer,1/11/1991,28,175.26,73.9,"RB,CDM,LB",Austria,64,64,375000,4000,Right,1,3,2,Lean,563000,,,,,61,49,53,60,43,61,48,46,58,63,67,74,73,59,72,58,66,77,70,48,68,59,58,54,43,52,59,65,63
N. Malić,Nedeljko Malić,5/15/1988,30,193.04,84.8,CB,Austria,64,64,325000,4000,Right,1,3,2,Normal,471000,,,,,20,11,66,49,13,18,58,64,43,42,32,33,33,46,33,67,34,73,92,16,68,59,27,26,32,67,63,65,66
D. Nazon,Duckens Nazon,4/7/1994,24,182.88,87.1,"ST,CAM",Haiti,64,68,600000,3000,Right,1,3,3,Stocky,,,,,,35,64,56,57,56,67,62,32,39,66,72,83,65,52,61,64,66,47,78,64,40,20,58,43,62,51,21,20,16
Ander Cantero,Ander Cantero Armendáriz,1/9/1995,24,187.96,82.1,GK,Spain,64,71,475000,4000,Left,1,2,1,Lean,,,,,,19,12,18,35,13,22,25,12,31,12,57,53,64,55,58,24,63,42,70,14,24,22,16,33,25,43,12,12,19
K. Kabran,Kevin Kabran,11/22/1993,25,182.88,82.1,"LW,ST",Sweden,64,67,575000,1000,Right,1,3,3,Normal,762000,,,,,58,65,54,61,58,65,55,42,58,67,80,74,71,47,69,61,55,69,75,62,62,32,63,58,55,60,53,31,30
F. García,Félix García,12/5/1983,35,185.42,82.1,"CB,CDM",Colombia,64,64,140000,1000,Right,1,2,2,Normal,189000,,,,,22,24,72,32,26,31,20,25,30,33,51,49,42,62,54,33,69,49,83,21,64,71,23,27,33,55,61,58,60
H. Cavero,Hardy Fabián Cavero Manan,5/31/1996,22,154.94,71.2,"CB,LB",Chile,63,74,550000,1000,Left,1,2,2,Normal,880000,,,,,28,24,63,48,20,58,23,31,46,63,60,64,57,51,54,38,74,74,77,22,42,60,25,31,39,64,62,66,64
M. Hamzi,Mansour Ibrahim Hamzi,1/17/1992,27,172.72,60.8,"RM,CAM,LM",Saudi Arabia,63,63,400000,6000,Right,1,2,3,Lean,660000,,,,,55,57,47,58,35,62,35,33,52,64,84,78,79,56,70,56,75,54,43,48,61,48,65,55,51,55,34,49,47
C. López,Carlos Augusto López Venegas,8/1/1994,24,182.88,59.9,ST,Colombia,63,70,525000,1000,Right,1,3,2,Lean,840000,,,,,42,64,63,47,50,63,47,39,38,57,77,72,69,59,60,62,70,58,57,52,38,15,64,47,56,52,54,19,17
C. Führich,Chris Führich,1/9/1998,21,152.4,68.9,"CM,LM,RM",Germany,63,75,650000,3000,Right,1,3,2,Lean,1100000,,,,,52,42,65,72,41,60,48,49,69,65,67,69,71,66,74,60,63,56,46,43,62,43,65,54,52,50,56,59,55
A. Dzabana,Alan Dzabana,3/25/1997,21,170.18,71.2,"ST,LW",France,63,73,600000,2000,Right,1,3,3,Normal,1200000,,,,,43,66,42,60,59,70,53,47,46,65,81,81,85,58,90,62,51,42,47,57,34,12,61,55,65,54,17,13,18
N. Ishikawa,石川 直樹,9/13/1985,33,154.94,73.9,"LB,CB,LM",Japan,63,63,200000,1000,Left,1,2,2,Normal,250000,,,,,64,20,48,57,28,45,29,30,36,59,54,52,65,65,62,21,68,70,72,25,51,66,44,34,30,57,45,66,70
K. Soni,Kévin Soni,4/17/1998,20,182.88,76.2,"CAM,LM",Cameroon,63,80,800000,4000,Left,1,3,3,Normal,2200000,,,,,55,57,64,63,57,74,55,48,50,68,72,72,69,54,66,54,66,44,61,47,54,32,54,58,53,53,50,42,37
L. Fenton,Louis Ferenc Puskas Fenton,4/3/1993,25,175.26,69.9,"RWB,RB,RW",New Zealand,63,66,375000,1000,Right,1,2,2,Lean,497000,,,,,60,52,52,63,46,64,57,44,60,62,75,75,75,60,73,57,67,68,68,45,48,59,63,62,45,56,57,54,55
B. Kantarovski,Ben Kantarovski,1/20/1992,27,182.88,73.9,"CDM,CB",Australia,63,63,325000,1000,Right,1,3,2,Normal,406000,,,,,39,40,48,66,47,59,41,38,55,61,70,72,66,55,60,31,68,69,77,41,67,61,56,58,49,62,60,64,53
Joaquín,Joaquín Muñoz Benavides,3/10/1999,19,172.72,59.9,"LM,CAM,RM",Spain,63,76,700000,4000,Left,1,5,4,Normal,1900000,,,,,61,58,44,56,42,64,44,37,52,62,72,75,53,56,78,55,51,63,49,45,32,23,59,60,48,55,21,21,20
Ricardo Campos,Ricardo Da Costa Campos,3/24/2000,18,152.4,66.2,"RM,LM,CAM",Portugal,63,77,750000,7000,Right,1,3,3,Lean,,,,,,63,56,33,64,53,64,60,49,54,66,72,75,73,60,73,54,49,54,60,52,36,20,54,55,47,48,21,20,22
P. Köhn,Philipp Köhn,4/2/1998,20,190.5,74.8,GK,Switzerland,63,77,675000,3000,Right,1,2,1,Lean,1400000,,,,,11,8,12,25,6,12,10,14,25,19,25,30,33,48,26,20,41,28,63,7,28,12,7,45,16,32,12,13,14
L. Cardoza,Luis Cardoza,12/19/1984,34,187.96,88,"CB,LB",Colombia,63,63,150000,1000,Left,1,3,2,Normal,203000,,,,,58,36,57,51,25,44,31,34,46,58,68,54,58,71,46,21,61,58,80,26,45,70,43,41,36,51,55,61,65
F. Medina,Facundo Medina,5/28/1999,19,154.94,78,"LB,CB",Argentina,63,80,700000,1000,Left,1,2,2,Normal,1500000,,,,,54,33,50,57,29,58,36,32,35,59,71,70,63,61,60,27,60,67,62,32,57,59,45,40,44,48,60,65,64
A. Arrigoni,Andrea Arrigoni,8/10/1988,30,170.18,67.1,"CDM,CM,RM",Italy,63,63,290000,1000,Right,1,2,2,Normal,450000,,,,,48,28,35,67,46,61,45,40,62,63,61,59,57,67,83,60,42,69,44,41,72,64,45,57,55,50,54,62,54
C. Jennings,Connor Jennings,1/29/1991,28,182.88,72.1,"LM,ST",England,63,63,375000,3000,Right,1,3,2,Normal,656000,,,,,70,64,56,54,38,59,50,40,58,61,75,80,76,54,62,68,60,59,66,62,32,17,58,59,60,62,32,38,23
Zhou Yun,周云,12/31/1990,28,182.88,74.8,"RB,LB",China PR,63,63,300000,4000,Right,1,3,2,Lean,645000,,,,,66,33,65,62,43,59,42,40,58,64,66,65,87,53,78,32,65,68,68,37,53,60,52,54,38,55,66,57,60
B. Fuller,Barry Fuller,8/25/1984,34,152.4,74.8,"RB,LB,CB",England,63,63,140000,2000,Right,1,2,2,Normal,245000,,,,,55,39,57,55,41,41,46,31,48,55,67,64,65,68,77,60,86,84,75,34,81,56,49,43,32,63,62,62,63
Paulo Vítor,Paulo Vítor Fagundes dos Anjos,11/21/1988,30,195.58,88.9,GK,Brazil,63,63,250000,2000,Right,1,3,1,Normal,525000,,,,,11,10,14,19,10,13,16,13,18,14,23,25,30,58,28,17,31,26,64,8,37,19,8,42,19,57,20,12,14
A. Spahic,Avdo Spahic,2/12/1997,22,190.5,77.1,GK,Bosnia Herzegovina,63,71,400000,1000,Right,1,3,1,Lean,660000,,,,,11,7,12,40,6,15,16,12,35,25,26,32,25,53,28,19,45,25,41,6,34,10,8,40,18,25,11,10,13
A. Mayorga,Alejandro Mayorga,5/29/1997,21,152.4,68.9,LB,Mexico,63,76,625000,5000,Left,1,3,2,Lean,1500000,,,,,60,47,64,66,47,58,41,47,64,53,71,73,74,64,71,63,63,47,67,43,60,66,56,53,48,45,61,66,59
O. Özdemir,Özgür Özdemir,1/10/1995,24,187.96,83.9,CB,Turkey,63,69,425000,1000,Right,1,5,2,Normal,701000,,,,,41,40,63,58,36,43,55,62,52,53,60,62,58,61,54,69,67,79,81,54,63,57,40,49,27,66,59,62,61
D. Björnquist,Daniel Björnquist,1/8/1989,30,152.4,77.1,RWB,Sweden,63,63,280000,1000,Right,1,1,2,Normal,350000,,,,,50,34,36,57,33,58,56,29,45,55,83,84,70,57,74,47,69,82,64,41,60,56,49,44,40,56,58,63,64
Y. Asprilla,Yuber Alberto Asprilla Viera,11/12/1992,26,162.56,59,"LM,RM,CAM",Colombia,63,64,450000,1000,Right,1,3,2,Normal,641000,,,,,58,53,50,56,48,65,61,36,50,53,90,90,89,57,93,64,90,82,48,63,30,26,56,47,64,69,65,27,21
J. Dasilva,Josh Dasilva,10/23/1998,20,185.42,74.8,"CM,CDM,LB",England,63,76,675000,4000,Left,1,3,3,Normal,1700000,,,,,55,49,44,66,54,66,58,39,64,66,68,69,60,59,64,64,63,61,77,55,64,57,45,64,48,60,58,60,58
L. Schoofs,Lucas Schoofs,1/3/1997,22,185.42,72.1,CDM,Belgium,63,71,475000,3000,Right,1,3,2,Lean,,,,,,35,36,56,61,37,53,42,33,61,63,57,54,62,57,58,48,63,71,67,43,60,62,38,61,34,55,60,63,61
D. Castañeda,David Castañeda,1/26/1995,24,182.88,74.8,ST,Colombia,63,69,525000,1000,Right,1,3,2,Normal,814000,,,,,50,65,67,54,53,48,36,32,29,59,55,53,58,61,63,67,73,59,66,52,31,17,68,42,61,45,25,22,20
Diego Barri,Diego Hernández Barriuso,9/19/1995,23,187.96,81.2,"CDM,RB",Spain,63,74,550000,2000,Right,1,3,2,Normal,990000,,,,,54,32,52,62,25,54,28,33,58,64,56,57,55,63,51,44,65,63,58,34,60,63,50,57,35,57,58,64,65
M. Léris,Mehdi Pascal Marcel Léris,5/23/1998,20,185.42,78,"ST,CM",France,63,77,825000,3000,Right,1,3,2,Normal,2000000,,,,,40,68,68,42,57,60,53,31,34,64,55,54,45,56,55,61,64,55,68,52,34,29,63,51,62,59,41,37,39
A. Okosun,Ayo Simon Okosun,7/21/1993,25,198.12,84.8,"CM,ST",Denmark,63,68,475000,4000,Right,1,3,2,Normal,653000,,,,,52,63,74,67,44,62,35,35,63,65,61,62,38,58,64,55,60,80,90,35,68,52,67,57,39,64,58,56,54
M. Miśkiewicz,Michał Miśkiewicz,1/20/1989,30,193.04,92.1,GK,Poland,63,63,250000,1000,Right,1,3,1,Normal,338000,,,,,13,11,15,32,12,21,15,23,28,15,33,42,36,55,40,20,55,31,70,16,22,15,13,44,21,22,5,24,25
D. Vega,Mario Daniel Vega,6/3/1984,34,187.96,91.2,GK,Argentina,63,63,150000,1000,Left,1,3,1,Normal,225000,,,,,9,15,13,20,12,14,12,20,20,26,21,29,63,65,42,15,60,48,73,17,33,18,11,35,30,56,15,15,14
J. Sagredo,José Manuel Sagredo Chávez,3/10/1994,24,152.4,73.9,LB,Bolivia,63,70,,,Left,1,2,2,Normal,,,,,,60,30,57,58,26,56,32,31,53,47,75,71,71,58,67,28,57,70,54,28,53,61,50,37,37,49,69,58,61
A. Keena,Aidan Keena,4/25/1999,19,154.94,68,"ST,CF",Republic of Ireland,63,76,700000,1000,Right,1,3,3,Lean,1700000,,,,,56,68,58,59,51,65,48,38,54,66,65,64,68,53,67,61,65,54,60,65,50,45,60,62,53,50,24,41,34
D. Franco,Daniel Alejandro Franco,7/15/1991,27,182.88,69.9,CB,Argentina,63,65,375000,1000,Right,1,2,2,Normal,534000,,,,,24,24,57,35,27,27,23,28,32,44,58,54,43,65,49,36,68,60,80,24,63,57,25,29,35,53,65,65,63
A. Angoula,Aldo Angoula,5/4/1981,37,187.96,88,CB,France,63,63,50000,1000,Right,1,3,2,Stocky,88000,,,,,41,32,66,56,20,38,40,29,54,57,43,31,57,56,58,21,70,30,79,40,71,60,29,45,31,57,59,62,55
Ángel,Ángel Moreno Morcillo,12/2/1997,21,182.88,77.1,"CB,LB",Spain,63,74,550000,1000,Left,1,3,2,Normal,990000,,,,,61,29,59,58,28,54,27,32,46,61,68,66,57,60,59,46,66,67,65,34,56,65,46,38,36,50,59,63,64
Josi Mouraldo,Josimar Milton Moura Chissano,2/29/1992,27,182.88,81.2,CAM,Brazil,63,63,400000,3000,Left,1,2,2,Normal,760000,,,,,59,56,45,64,62,63,70,62,54,61,58,62,64,68,54,47,68,62,62,58,49,56,63,64,74,60,19,56,42
M. Hebo Rasmussen,Mathias Hebo Rasmussen,8/2/1995,23,187.96,76.2,CM,Denmark,63,71,525000,2000,Right,1,3,2,Lean,761000,,,,,52,56,53,66,56,63,53,44,61,62,57,65,68,66,74,66,67,75,69,58,64,52,54,64,51,63,52,56,53
B. Heneghan,Ben Heneghan,9/19/1993,25,195.58,78.9,CB,England,63,68,425000,2000,Right,1,3,2,Lean,,,,,,20,13,67,54,11,35,19,23,49,45,37,52,42,59,38,48,70,59,77,25,63,57,28,35,24,50,56,62,65
Endika,Endika Irigoien Bravo,1/25/1997,22,152.4,68,LB,Spain,63,70,450000,1000,Left,1,2,2,Normal,810000,,,,,54,35,55,54,34,55,46,41,44,53,76,71,57,66,74,35,59,78,72,37,67,61,42,43,41,44,55,59,63
D. Pelivan,Dominik Pelivan,6/8/1996,22,185.42,73,"CDM,CB,CM",Germany,63,71,475000,1000,Right,1,2,2,Normal,784000,,,,,48,48,45,59,35,54,60,60,57,56,59,65,64,63,60,70,60,82,74,58,78,57,56,54,37,60,57,63,59
A. Salzano,Aniello Salzano,7/20/1991,27,154.94,73.9,CM,Italy,63,64,425000,1000,Left,1,3,2,Lean,691000,,,,,61,49,59,64,39,58,41,40,60,63,54,52,65,70,65,63,58,73,61,59,66,63,59,57,45,61,55,61,51
J. Bunney,Joe Bunney,9/26/1993,25,187.96,74.8,LB,England,63,68,400000,3000,Left,1,3,2,Normal,,,,,,72,60,65,62,36,61,71,68,56,58,68,69,49,51,28,60,81,73,72,54,68,57,61,52,61,50,51,62,60
K. Weidlich,Kevin-Okyere Weidlich,10/4/1989,29,182.88,78,"RM,RB",Germany,63,63,375000,1000,Right,1,3,2,Lean,544000,,,,,61,53,46,56,49,56,56,36,53,57,83,88,79,57,78,50,81,91,73,42,80,53,55,55,46,57,60,59,57
L. Hannant,Luke Hannant,11/4/1993,25,154.94,67.1,"LM,CM",England,63,65,450000,3000,Right,1,4,2,Normal,821000,,,,,52,62,52,62,45,61,46,32,58,65,64,69,59,62,71,59,63,73,69,55,84,55,63,57,39,70,56,56,51
Y. Thermann,Yannick Thermann,2/8/1994,25,172.72,68,"RB,LB,CM",Germany,63,67,400000,1000,Right,1,3,2,Normal,610000,,,,,56,55,48,64,47,60,61,33,56,62,80,76,84,70,83,64,81,85,62,59,72,62,56,59,52,64,53,55,48
Jeong Jae Hee,Jae Hee Jeong,4/28/1994,24,172.72,74.8,RM,Korea Republic,63,67,475000,1000,Left,1,2,2,Normal,629000,,,,,58,57,45,56,35,61,59,41,57,61,85,84,80,50,64,66,55,66,58,55,59,55,67,47,44,63,47,42,43
B. Miranda,Bruno Miranda,2/10/1998,21,154.94,66.2,ST,Bolivia,63,73,,,Right,1,3,2,Lean,,,,,,28,66,56,43,46,57,48,33,33,60,79,82,84,62,50,64,57,35,60,50,28,16,64,47,52,54,23,17,18
F. Børsting,Frederik Børsting,2/13/1995,24,182.88,73.9,"RM,LM,RB",Denmark,63,68,500000,3000,Right,1,3,3,Normal,663000,,,,,59,56,52,59,48,65,49,50,54,64,69,73,64,59,70,68,59,75,74,56,76,53,58,53,53,58,54,56,54
Li Yunqiu,李运秋,10/3/1990,28,175.26,68.9,"RB,LB",China PR,63,63,300000,3000,Right,1,2,2,Lean,645000,,,,,53,41,44,60,25,62,46,32,46,59,76,78,79,63,79,50,74,69,48,42,76,63,55,56,33,46,59,59,58
P. Ulvestad,Pål Erik  Ulvestad,9/8/1990,28,193.04,84.8,"CDM,CM",Norway,63,64,350000,1000,Right,1,3,2,Normal,464000,,,,,49,49,57,58,55,53,56,43,55,62,51,51,45,62,54,69,54,70,78,61,69,61,52,54,46,58,62,62,63
M. Janzer,Manuel Janzer,3/7/1992,27,152.4,77.1,"LM,RM,ST",Germany,63,64,425000,2000,Right,1,5,3,Normal,648000,,,,,59,61,54,64,57,66,50,41,54,64,69,67,73,63,76,61,71,60,68,52,59,47,58,56,49,60,40,46,45
S. Al Khaibari,Sami Al Khaibari,9/18/1989,29,185.42,73.9,CB,Saudi Arabia,63,63,300000,4000,Right,1,3,2,Lean,495000,,,,,22,18,64,54,24,32,29,28,45,39,57,64,42,58,65,38,70,65,71,23,55,63,23,37,43,49,62,65,65
N. Mileusnić,Nikola Mileusnić,7/17/1993,25,154.94,71.2,"RW,LW",Australia,63,66,475000,1000,Right,1,4,3,Lean,629000,,,,,48,60,40,56,48,65,51,42,41,62,89,89,77,56,70,62,36,71,63,47,38,20,58,57,53,56,18,23,24
M. Feeney,Morgan Feeney,2/8/1999,20,190.5,77.1,CB,England,63,79,725000,6000,Right,1,2,2,Normal,1800000,,,,,35,30,63,34,29,33,33,30,29,42,46,46,35,57,49,45,66,54,70,21,70,63,31,35,45,60,64,65,65
A. Disasi,Axel Disasi,3/11/1998,20,190.5,86.2,CB,France,63,74,550000,2000,Right,1,2,2,Normal,1200000,,,,,21,20,67,42,36,23,24,27,41,41,55,53,36,53,31,54,62,52,90,14,62,58,23,28,36,52,60,64,59
Chen Zhizhao,陈志钊,3/14/1988,30,170.18,66.2,"CM,CAM,LW",China PR,63,63,350000,3000,Right,1,4,3,Lean,753000,,,,,37,62,37,62,37,66,68,68,57,67,80,71,70,65,89,66,81,59,34,68,29,52,67,60,47,50,63,49,35
M. Godinho,Marcus Godinho,6/28/1997,21,152.4,69.9,"RB,LB,RWB",Canada,63,76,625000,1000,Right,1,3,2,Normal,1500000,,,,,66,24,47,63,27,66,47,30,60,65,76,78,66,55,71,28,62,58,67,29,52,58,40,53,40,43,52,60,64
J. Gómez,Jossimar Andrés Gómez Pereira,8/13/1987,31,172.72,69.9,CDM,Colombia,63,63,270000,1000,Right,1,3,2,Normal,365000,,,,,63,42,53,62,40,64,58,60,54,58,75,74,74,65,75,69,73,83,61,67,68,62,67,58,49,65,59,62,63
M. Hancox,Mitch Hancox,11/9/1993,25,152.4,71.2,LB,England,63,68,400000,3000,Left,1,2,2,Normal,730000,,,,,62,56,46,57,23,57,43,53,56,56,67,69,73,60,78,63,74,80,71,58,80,58,55,50,56,43,57,64,60
O. Aydoğan,Oğuzhan Aydoğan,2/4/1997,22,175.26,67.1,"CAM,LM,RM",Germany,63,68,500000,6000,Right,1,3,3,Normal,988000,,,,,60,60,48,62,63,68,65,60,51,69,68,66,75,52,78,67,58,52,43,64,58,27,50,60,60,50,20,16,21
A. Smith,Adam Smith,11/23/1992,26,187.96,69.9,GK,England,63,65,325000,2000,Right,1,2,1,Normal,593000,,,,,14,12,19,24,12,16,18,19,22,23,24,20,38,58,32,25,44,29,25,17,14,16,11,32,23,44,15,16,14
A. Mosquera,Andrés Felipe Mosquera Marmolejo,9/10/1991,27,185.42,78,GK,Colombia,63,67,325000,1000,Right,1,2,1,Normal,463000,,,,,15,15,11,37,13,14,19,15,24,17,45,42,35,57,58,25,66,33,58,13,15,16,15,28,25,43,22,13,12
W. Evseev,Willi Evseev,2/14/1992,27,152.4,71.2,"CAM,CM,CF",Kazakhstan,63,64,425000,1000,Left,1,3,3,Normal,648000,,,,,57,56,55,62,43,65,63,47,64,66,70,68,72,50,71,62,68,65,52,53,50,56,56,62,48,55,50,56,59
O. Steurer,Oliver Steurer,1/6/1995,24,190.5,83.9,"CB,LB",Germany,63,72,500000,2000,Left,1,3,2,Lean,900000,,,,,54,26,66,58,30,39,34,27,41,59,57,63,40,59,45,53,64,58,74,32,64,56,31,38,40,43,63,61,58
A. Kokoszka,Adam Kokoszka,10/6/1986,32,187.96,82.1,"CB,CDM",Poland,63,63,250000,1000,Right,1,3,2,Normal,338000,,,,,35,31,62,47,42,47,37,24,40,49,68,61,68,59,59,63,67,62,77,28,78,61,30,46,44,60,52,63,59
M. Minetti,Marcos Minetti,4/17/1989,29,185.42,82.1,"CDM,CM",Argentina,63,63,290000,3000,Right,1,3,2,Normal,421000,,,,,30,37,72,61,24,53,26,18,56,60,48,51,55,54,55,44,72,72,76,24,68,68,55,48,34,57,56,65,60
J. Livolant,Jérémy Livolant,1/9/1998,21,175.26,73,"CAM,CM,RM",France,63,76,700000,3000,Right,1,3,3,Lean,,,,,,63,53,50,66,47,63,56,53,59,66,69,71,72,57,73,61,58,60,59,59,58,54,58,59,58,57,51,64,62
F. Sierralta,Francisco Sierralta,5/6/1997,21,190.5,83,"RB,CB",Chile,63,77,725000,3000,Right,1,3,2,Lean,,,,,,57,30,67,60,23,46,23,28,30,61,54,55,51,54,34,38,76,58,86,25,59,67,23,33,40,52,65,66,66
D. Valencia,David Alonso Valencia Figueroa,5/31/1991,27,187.96,83,CB,Colombia,63,64,350000,1000,Right,1,3,2,Normal,499000,,,,,29,24,68,49,23,28,29,30,42,37,50,53,54,58,55,32,71,55,77,23,64,67,29,35,35,48,59,62,57
F. Dhia Putros,Frans Dhia Putros,7/14/1993,25,154.94,77.1,"CB,RB,LB",Iraq,63,68,425000,2000,Right,1,3,2,Normal,563000,,,,,53,58,61,58,35,52,56,65,54,61,72,68,71,69,71,69,70,69,68,51,73,52,55,55,36,59,63,62,60
A. Grbic,Adrian Grbic,8/4/1996,22,187.96,82.1,ST,Austria,63,72,575000,2000,Right,1,4,2,Normal,949000,,,,,52,61,68,52,52,57,56,67,42,60,71,75,61,58,64,64,55,61,75,50,54,17,62,52,60,48,18,21,17
R. Contreras,Rodrigo Contreras,10/27/1995,23,185.42,83.9,ST,Argentina,63,68,500000,3000,Left,1,3,2,Normal,863000,,,,,34,64,55,54,48,58,45,36,42,59,62,64,65,59,63,63,60,69,80,64,35,36,71,51,43,54,32,25,21
C. Bolger,Cian Bolger,3/12/1992,26,195.58,78,CB,Republic of Ireland,63,68,400000,4000,Right,1,2,2,Lean,730000,,,,,18,32,68,45,23,22,22,28,37,45,60,38,31,47,29,51,70,54,83,35,66,56,24,43,50,43,58,63,65
E. Børufsen,Espen  Fjone Børufsen,3/4/1988,31,152.4,83,LW,Norway,63,63,350000,1000,Left,1,4,2,Normal,438000,,,,,65,60,63,59,53,62,64,64,55,68,75,55,61,52,73,76,70,81,77,65,61,51,64,67,24,62,42,51,43
K. Choi,최경록 崔琼罗,3/15/1995,23,175.26,71.2,"CF,ST,RM,CAM",Korea Republic,63,68,500000,2000,Right,1,5,3,Lean,763000,,,,,51,64,48,58,57,69,49,41,48,67,77,73,81,64,79,48,70,58,45,57,31,22,63,49,51,47,30,28,26
F. Melegoni,Filippo Melegoni,2/18/1999,20,185.42,73.9,CM,Italy,63,80,775000,2000,Right,1,3,2,Lean,,,,,,59,53,49,68,50,60,59,57,70,66,62,48,66,60,73,66,48,47,52,47,53,40,55,69,64,59,57,58,58
Luis Paezinho,Luis Benjamin Paes Soares,2/29/1984,35,182.88,74.8,"CB,LB",Brazil,63,63,110000,3000,Left,1,3,2,Normal,209000,,,,,51,25,61,53,57,23,35,50,45,51,64,67,44,61,51,48,73,40,53,41,65,64,23,38,47,58,72,66,55
Y. Güveli,Yiğithan Güveli,1/6/1998,21,193.04,84.8,"CB,CDM",Turkey,63,78,725000,2000,Right,1,2,2,Normal,1900000,,,,,35,28,69,51,33,34,33,33,43,47,55,45,36,52,34,47,65,76,77,22,53,59,23,29,41,53,60,66,63
M. Madri,Mouaad Madri,4/9/1990,28,175.26,64.9,"ST,CAM",France,63,63,375000,3000,Right,1,3,3,Lean,656000,,,,,60,61,49,63,57,65,59,43,57,65,76,74,82,62,73,60,73,71,66,57,36,17,64,63,57,62,36,19,14
O. León,Oswaldo León,7/15/1999,19,187.96,88,CB,Mexico,63,76,575000,4000,Right,1,3,2,Normal,1300000,,,,,37,31,61,52,36,44,38,37,50,56,68,69,38,51,41,44,67,62,80,40,48,59,26,28,44,46,58,65,66
S. Bueno,Santiago Ignacio Bueno Sciutto,11/9/1998,20,187.96,79.8,"CB,LB",Uruguay,63,78,725000,8000,Right,1,3,2,Lean,,,,,,23,16,64,59,22,31,18,38,54,51,45,52,41,50,44,49,66,62,65,28,57,64,22,26,42,55,57,69,63
D. Genreau,Denis Genreau,5/21/1999,19,175.26,73,"RM,CAM",Australia,63,78,800000,1000,Right,1,3,3,Lean,,,,,,55,46,39,68,37,63,42,37,55,65,68,69,66,52,72,62,55,74,43,57,74,29,59,63,40,62,32,37,35
Kim Won Gun,김원균 金源军,5/1/1992,26,185.42,77.1,CB,Korea Republic,63,64,350000,2000,Right,1,3,2,Normal,464000,,,,,36,31,67,50,26,43,23,28,48,57,71,66,62,59,58,35,66,64,70,29,68,59,36,37,31,63,55,65,63
M. Maak,Matthias Maak,5/12/1992,26,190.5,87.1,CB,Austria,63,65,375000,3000,Right,1,3,2,Normal,572000,,,,,39,26,58,53,40,54,39,23,58,51,34,62,57,57,30,33,53,62,88,41,66,62,37,49,20,54,55,62,63
M. Obafemi,Michael Obafemi,7/6/2000,18,170.18,71.2,ST,Republic of Ireland,63,78,750000,5000,Right,1,3,2,Stocky,1900000,,,,,39,64,64,55,44,57,50,41,42,58,85,82,85,60,89,60,63,55,52,56,38,13,65,56,62,55,18,23,15
T. Kanai,金井 贡史,2/5/1990,29,175.26,69.9,"LB,RB,CB",Japan,63,63,290000,2000,Right,1,4,2,Normal,363000,,,,,68,61,44,65,49,64,69,44,60,68,60,69,63,46,74,62,71,77,70,58,41,51,39,25,33,47,63,65,61
S. Binakaj,Shqiprim Binakaj,4/26/1989,29,152.4,72.1,"RM,RB,LM",Albania,63,63,350000,1000,Left,1,5,2,Lean,508000,,,,,60,48,52,60,44,62,60,37,50,63,76,75,77,67,75,63,60,77,65,49,69,52,58,53,54,57,46,60,54
S. Al Mutairi,Sultan Al Mutairi,9/13/1989,29,182.88,79.8,CB,Saudi Arabia,63,63,300000,3000,Right,1,3,2,Normal,495000,,,,,33,21,63,46,28,31,23,22,27,44,49,59,47,57,58,34,85,74,80,20,68,55,22,32,35,44,57,65,59
T. Robinson,Theo Robinson,1/22/1989,30,175.26,64,ST,Jamaica,63,63,375000,2000,Right,1,2,2,Lean,,,,,,41,62,52,57,56,62,33,35,40,58,81,77,73,56,66,64,64,73,67,59,53,45,62,56,59,60,34,36,30
T. Zwarthoed,Theo Zwarthoed,11/19/1982,36,187.96,88.9,GK,Netherlands,63,63,90000,1000,Right,1,3,1,Stocky,131000,,,,,10,4,6,19,10,13,14,10,28,20,34,34,38,60,35,30,60,26,57,8,35,22,14,36,9,38,14,10,15
H. Gómez,Harold Andrés Gómez Muñoz,4/21/1992,26,175.26,76.2,RB,Colombia,63,66,375000,1000,Right,1,3,2,Normal,534000,,,,,59,47,52,58,38,53,54,40,51,54,63,65,72,59,71,57,71,72,65,50,57,60,47,34,49,56,58,67,67
G. Lefebvre,Grégoire Lefebvre,5/13/1994,24,175.26,63,"CM,CDM",France,63,70,500000,1000,Right,1,2,2,Lean,975000,,,,,61,54,51,68,41,59,48,40,62,62,66,66,73,62,77,56,65,71,40,45,59,59,63,59,45,58,58,63,61
T. Dähne,Thomas Dähne,1/4/1994,25,193.04,83.9,GK,Germany,63,68,350000,1000,Right,1,4,1,Normal,499000,,,,,14,14,17,29,16,12,20,15,24,25,57,58,36,59,41,20,54,38,72,20,27,20,17,16,26,50,10,16,13
I. Lawlor,Ian Lawlor,10/27/1994,24,193.04,79.8,GK,Republic of Ireland,63,70,375000,1000,Right,1,3,1,Normal,731000,,,,,14,13,12,33,13,21,12,12,25,34,43,46,63,55,43,22,74,28,72,16,37,15,14,43,41,43,12,11,16
Li Wei,李微,3/18/1985,33,154.94,76.2,"CDM,CM",China PR,63,63,150000,3000,Right,1,3,3,Normal,323000,,,,,60,53,52,68,45,63,48,49,62,64,70,61,59,55,50,53,52,55,64,51,65,60,59,65,58,65,64,63,60
J. Kennedy,Jason Kennedy,9/11/1986,32,185.42,74.8,"CM,RM",England,63,63,325000,3000,Right,1,3,2,Normal,569000,,,,,52,55,52,62,54,58,56,61,61,64,56,66,71,64,60,64,51,76,73,59,66,48,60,64,57,64,55,54,54
A. Pellegrino,Amahl Pellegrino,6/18/1990,28,190.5,68,"ST,LM,RM",Norway,63,63,375000,1000,Right,1,3,3,Lean,469000,,,,,51,62,65,57,61,68,55,54,34,64,70,77,73,48,55,59,67,62,62,59,45,20,62,47,63,58,27,21,17
P. Armenakas,Panagiotis Armenakas,8/5/1998,20,152.4,67.1,"RM,CAM,LM",Australia,63,77,800000,1000,Left,1,3,3,Normal,2300000,,,,,58,53,44,64,55,68,57,51,60,63,73,75,75,44,71,65,56,57,54,60,40,22,58,58,56,51,51,32,35
J. Corrales,Jorge Luis Corrales Cordero,5/20/1991,27,175.26,69.9,"LB,LWB",Cuba,63,64,350000,2000,Left,1,3,2,Lean,551000,,,,,63,33,44,60,39,58,59,39,61,60,68,65,75,64,76,56,68,60,52,51,60,65,51,42,37,57,60,64,60
M. Lauritsen,Mads Lauritsen,4/14/1993,25,195.58,88,CB,Denmark,63,66,400000,2000,Right,1,3,2,Normal,530000,,,,,45,33,66,54,23,45,27,30,50,53,63,61,35,60,45,42,57,63,77,35,56,62,27,52,38,45,60,63,59
H. Bunn,Harry Bunn,11/21/1992,26,175.26,73.9,"LM,CAM,RM",England,63,64,450000,3000,Right,1,2,3,Normal,,,,,,61,66,55,63,61,61,40,37,59,56,75,71,70,56,61,68,72,59,55,60,41,40,61,64,62,66,35,33,28
W. Abdullah,Waleed Abdullah Ali,4/19/1986,32,190.5,86.2,GK,Saudi Arabia,63,63,210000,5000,Right,1,2,1,Normal,357000,,,,,14,11,12,26,12,11,11,13,37,20,37,34,43,65,30,22,45,38,63,13,30,22,13,62,12,45,18,11,12
L. Kontogiannis,Lampros Kontogiannis,8/1/1988,30,182.88,83,"CB,CDM,RB",Mexico,63,63,290000,2000,Right,1,3,2,Normal,479000,,,,,57,20,57,63,38,64,46,11,60,61,60,56,52,62,53,51,56,47,72,45,61,64,35,58,59,60,60,60,64
M. Fejzullahu,Mergim Fejzullahu,3/29/1994,24,172.72,68,"CAM,LM",Albania,63,67,475000,1000,Right,1,4,3,Normal,724000,,,,,62,63,30,62,42,64,66,64,51,63,81,78,83,56,84,48,48,63,41,55,43,20,60,58,45,50,31,33,32
Carlitos,Juan Carlos Moreno Rojo,3/14/1985,33,175.26,67.1,"CAM,CF",Spain,63,63,220000,2000,Left,1,3,3,Lean,341000,,,,,61,59,35,65,63,68,64,60,63,65,56,44,65,46,66,55,61,56,37,64,76,24,65,63,58,55,24,27,30
E. Torres,Edson Enrique Torres Ulloa,6/30/1998,20,165.1,54.9,"RM,LW",Mexico,63,73,600000,5000,Left,1,3,2,Lean,,,,,,60,60,43,64,48,68,54,64,60,62,82,81,74,55,78,60,42,41,42,46,32,24,51,53,61,51,17,29,29
Juan Pérez,Juan Manuel Pérez Ruiz,7/15/1996,22,190.5,83,GK,Spain,63,74,500000,1000,Right,1,3,1,Normal,900000,,,,,16,17,18,26,19,21,17,19,25,12,32,35,34,47,33,25,45,28,69,13,23,22,20,30,24,41,15,14,20
W. Pérez,Walter Gabriel Pérez,10/23/1998,20,175.26,76.2,"LM,LB",Argentina,63,78,800000,2000,Left,1,2,2,Normal,1700000,,,,,63,58,53,54,34,65,62,56,47,62,76,71,69,59,75,68,81,78,52,42,66,39,57,50,42,56,48,47,39
S. Jovanović,Saša Jovanović,8/30/1993,25,182.88,79.8,"LM,ST",Serbia,63,66,475000,3000,Left,1,4,3,Normal,724000,,,,,63,53,37,58,41,66,41,33,48,64,76,74,67,53,63,50,47,65,60,40,27,25,60,61,54,53,36,31,25
C. Styles,Callum Styles,3/27/2000,18,167.64,59.9,CM,England,63,78,750000,1000,Right,1,3,2,Normal,1800000,,,,,42,58,41,67,53,57,54,33,60,68,66,65,85,56,93,56,58,63,56,57,50,60,59,67,50,65,55,53,26
O. Threlkeld,Oscar Threlkeld,2/15/1994,25,182.88,74.8,RB,England,63,67,400000,2000,Right,1,4,2,Normal,,,,,,57,46,64,63,52,53,44,26,62,60,72,65,71,61,64,58,73,75,69,37,59,60,54,51,39,58,61,60,60
Chen Lei,陈雷,10/16/1985,33,182.88,79.8,"RB,LB,CDM",China PR,63,63,200000,2000,Left,1,3,2,Normal,430000,,,,,62,57,57,59,59,62,37,40,53,63,70,52,56,59,61,65,60,71,62,49,66,62,60,63,39,55,62,60,65
S. McLoughlin,Sean McLoughlin,11/13/1996,22,190.5,78,CB,Republic of Ireland,63,76,625000,1000,Left,1,3,2,Normal,1400000,,,,,50,29,61,58,26,55,29,32,55,56,66,62,58,62,58,22,70,69,69,21,60,61,44,39,41,60,60,64,63
G. Moss,Glen Moss,1/19/1983,36,187.96,89.8,GK,New Zealand,63,63,90000,1000,Right,1,3,1,Normal,113000,,,,,14,11,19,24,17,22,14,14,23,12,36,43,42,67,50,16,70,28,69,11,26,21,10,30,15,58,12,12,12
Fabiem Jardim,Fabiem Kel Jardim Ramos,2/29/1984,35,182.88,78,CAM,Brazil,63,63,190000,4000,Right,1,3,2,Normal,361000,,,,,46,57,58,63,64,66,49,58,59,61,64,69,63,63,65,72,59,56,54,69,70,43,61,58,53,55,10,43,56
K. Letheren,Kyle Letheren,12/26/1987,31,187.96,93.9,GK,Wales,63,63,240000,2000,Right,1,2,1,Stocky,420000,,,,,17,11,16,19,15,15,15,11,24,14,42,23,37,63,39,23,63,32,58,13,30,14,10,42,11,59,20,13,15
N. Moreno,Neyder Stiven Moreno Betancur,2/9/1997,22,175.26,68,"LM,RM,CM",Colombia,63,73,600000,1000,Right,1,3,3,Lean,930000,,,,,54,63,44,58,41,64,38,38,51,63,77,76,79,60,76,55,56,65,44,62,59,51,62,57,44,55,50,44,51
T. Schützenauer,Tobias Schützenauer,5/19/1997,21,182.88,78.9,GK,Austria,63,71,400000,2000,Right,1,4,1,Normal,660000,,,,,21,20,22,25,11,11,20,10,24,23,33,41,32,55,41,31,64,24,44,17,19,16,11,33,23,34,14,22,18
D. Bejarano,Danny Bejarano,1/3/1994,25,182.88,73.9,"RM,CM",Bolivia,63,66,,,Left,1,2,2,Normal,,,,,,66,33,48,65,36,64,44,42,63,72,71,72,52,55,63,51,56,64,71,39,73,44,58,47,53,46,68,48,45
J. Iritier,Javier Iritier,12/20/1994,24,170.18,69.9,"LM,RM,LW",Argentina,63,69,500000,2000,Right,1,2,3,Normal,850000,,,,,61,57,42,60,57,68,46,39,55,67,67,65,63,56,69,57,51,55,57,51,28,22,57,61,47,58,36,27,21
J. Pirinen,Juha Pirinen,10/22/1991,27,182.88,81.2,"LB,CB",Finland,63,64,350000,1000,Left,1,3,2,Normal,464000,,,,,52,41,59,57,23,62,47,61,55,60,79,76,62,47,59,33,62,73,69,36,58,63,59,34,35,62,68,61,60
O. Boussaid,Othman Boussaid,3/7/2000,19,165.1,66.2,"LW,CAM",Belgium,63,77,750000,2000,Left,1,3,3,Lean,1600000,,,,,59,53,22,61,58,72,69,57,53,70,78,72,82,52,91,60,66,50,37,56,40,22,44,62,52,58,38,34,46
Lim Jae Hyeok,임재혁 Jae Hyeok Lim,2/6/1999,20,154.94,66.2,ST,Korea Republic,63,79,800000,1000,Right,1,3,2,Normal,1500000,,,,,29,63,59,56,38,63,45,31,32,62,77,76,67,60,70,60,62,67,63,55,31,15,64,53,57,44,33,12,15
S. D'Almeida,Sessi D'Almeida,11/20/1995,23,152.4,71.2,CM,Benin,63,68,475000,2000,Right,1,2,2,Normal,867000,,,,,42,52,58,63,40,61,45,37,60,63,78,76,74,59,75,60,70,85,74,51,89,61,53,60,50,62,61,62,60
F. Burmeister,Felix Burmeister,3/9/1990,28,185.42,82.1,"CB,CDM",Germany,63,63,300000,2000,Right,1,3,2,Normal,435000,,,,,42,32,58,50,21,42,37,31,50,51,62,63,54,55,61,60,76,63,74,29,63,61,30,43,47,52,61,65,61
T. Barnett,Tyrone Barnett,10/28/1985,33,190.5,84.8,ST,England,63,63,290000,3000,Right,1,3,2,Normal,508000,,,,,32,61,64,56,57,57,49,31,54,61,67,69,75,58,70,62,79,68,79,59,30,31,59,37,54,63,31,21,22
D. Scarr,Dan Scarr,12/24/1994,24,187.96,84.8,CB,England,63,69,425000,2000,Right,1,3,2,Stocky,829000,,,,,43,32,63,55,32,46,32,29,49,54,63,64,46,54,56,55,64,68,78,44,61,59,41,35,40,48,61,64,62
Ángel,Ángel García Cabezali,2/3/1993,26,182.88,84.8,LB,Spain,63,66,375000,1000,Left,1,3,2,Normal,534000,,,,,58,63,53,57,42,61,68,61,48,60,76,78,73,62,67,57,51,69,79,55,39,58,59,51,51,53,60,60,61
E. Ruiz,Esteban Ruiz,7/15/1997,21,187.96,83.9,GK,Colombia,63,77,675000,1000,Right,1,3,1,Normal,1300000,,,,,16,14,16,27,17,13,18,12,17,20,47,46,36,54,35,25,53,36,62,12,16,25,17,20,23,38,24,16,11
A. Höller,Alois Höller,3/15/1989,29,193.04,82.1,"RB,RM",Austria,63,63,280000,4000,Right,1,3,2,Lean,406000,,,,,64,38,59,58,45,58,38,28,58,56,68,76,61,62,34,56,34,90,90,54,79,56,49,58,25,50,55,57,57
S. Camara Jönsson,Salif Camara Jönsson,9/9/1983,35,190.5,87.1,ST,Sweden,63,63,190000,1000,Right,1,3,2,Normal,238000,,,,,32,71,72,41,45,44,37,35,35,48,60,68,52,50,39,66,48,61,85,62,35,13,66,46,67,69,25,12,15
F. Luckeneder,Felix Luckeneder,3/21/1994,24,190.5,73,CB,Austria,63,70,450000,2000,Left,1,3,2,Lean,,,,,,29,17,58,43,27,27,31,27,37,44,49,56,34,44,62,41,56,55,78,23,66,64,24,29,38,63,64,64,65
G. Leigh,Gregory Leigh,9/30/1994,24,154.94,73,LB,England,63,67,400000,2000,Left,1,2,2,Lean,610000,,,,,52,45,59,56,30,62,34,35,51,59,77,80,59,58,70,45,63,63,70,50,58,62,64,52,39,56,64,62,59
Rafhael Lucas,Rafhael Lucas Oliveira da Silva,11/30/1992,26,175.26,71.2,ST,Brazil,63,66,475000,1000,Right,1,3,3,Normal,677000,,,,,63,60,51,74,59,74,57,49,67,66,78,83,66,59,76,62,53,59,61,62,33,36,49,53,73,63,35,45,43
J. Lalpekhlua,Jeje Lalpekhlua,1/7/1991,28,175.26,74.8,"ST,LM,CF",India,63,63,,,Right,1,3,2,Stocky,,,,,,61,63,57,57,50,61,47,58,46,64,77,74,79,57,80,70,52,60,63,64,47,34,55,46,65,47,28,31,29
W. Jobello,Wesley Jobello,1/23/1994,25,152.4,68,"RM,RW",France,63,66,475000,1000,Right,1,3,3,Lean,867000,,,,,58,63,62,59,64,70,54,42,43,63,73,71,64,58,62,68,57,60,57,60,39,29,54,57,64,51,22,17,19
Carlos Isaac,Carlos Isaac Muñoz Obejero,4/30/1998,20,182.88,73.9,RB,Spain,63,76,625000,5000,Right,1,3,2,Lean,1700000,,,,,57,26,60,56,22,55,30,35,31,59,64,69,46,63,64,26,49,69,65,28,49,62,45,37,34,45,67,63,61
Lee Tae Hee,이태희 李泰熙,4/26/1995,23,187.96,81.2,GK,Korea Republic,63,71,400000,1000,Right,1,3,1,Normal,580000,,,,,17,16,12,29,18,12,35,13,21,19,42,46,33,62,50,35,53,31,67,19,25,22,17,35,30,59,10,18,12
D. Bowditch,Dean Peter Bowditch,6/15/1986,32,154.94,72.1,"CAM,RM,LM",England,63,63,290000,3000,Right,1,3,2,Normal,508000,,,,,61,57,30,64,52,58,65,66,48,59,62,62,73,63,69,61,71,69,57,63,56,48,63,66,59,55,39,50,50
C. Añez,Carlos Añez,7/6/1995,23,175.26,64.9,RB,Bolivia,63,68,,,Right,1,3,2,Lean,,,,,,65,28,41,52,24,53,29,32,53,41,73,70,68,52,79,31,55,75,40,29,48,58,47,39,41,50,65,69,68
André Anderson,André Anderson Pomilio Lima,9/23/1999,19,154.94,78,CF,Brazil,63,80,775000,5000,Right,1,3,3,Lean,,,,,,50,54,50,67,57,70,54,40,58,66,73,72,73,50,65,61,55,65,47,50,35,15,63,65,60,55,30,20,15
M. Trianni,Mattia Trianni,1/16/1993,26,154.94,73,"LM,RM",Germany,63,64,450000,1000,Right,1,3,3,Lean,686000,,,,,60,47,46,62,54,65,52,45,56,61,72,76,75,58,68,50,68,70,61,44,30,49,57,66,48,63,40,50,48
L. Grace,Lee Grace,12/1/1992,26,185.42,82.1,CB,Republic of Ireland,63,68,425000,1000,Right,1,3,2,Normal,691000,,,,,22,25,61,60,20,55,29,25,54,60,55,64,58,49,50,35,73,61,75,22,57,54,20,32,31,62,64,66,62
D. Moreno,Daniel Moreno,1/15/1995,24,152.4,78,"RM,ST",Colombia,63,68,500000,1000,Right,1,3,2,Lean,738000,,,,,51,61,58,49,53,63,45,34,47,56,87,88,86,63,66,53,80,86,53,57,43,15,65,54,58,62,17,16,19
J. Karlsson,Jesper Karlsson,7/25/1998,20,170.18,69.9,"ST,RM",Sweden,63,67,475000,1000,Right,1,2,3,Lean,629000,,,,,46,63,44,55,59,74,47,36,40,67,82,77,92,65,90,64,84,60,40,55,35,25,65,53,58,55,29,21,35
R. Lauritsen,Rasmus Lauritsen,2/27/1996,23,187.96,78,CB,Denmark,63,73,525000,1000,Right,1,3,2,Lean,761000,,,,,45,31,67,54,25,30,49,53,40,54,63,62,57,54,62,45,67,62,75,28,53,55,47,39,35,45,64,64,61
A. Vrenezi,Albion Vrenezi,10/4/1993,25,152.4,64.9,"ST,LM",Kosovo,63,67,500000,2000,Right,1,4,3,Normal,813000,,,,,59,63,39,59,61,74,58,43,40,69,79,78,78,61,77,54,69,60,49,59,36,18,65,48,48,50,24,17,19
H. Vetlesen,Hugo Vegard Vetlesen,2/29/2000,19,175.26,66.2,"CDM,CM",Norway,63,81,675000,1000,Right,1,3,3,Lean,1300000,,,,,59,46,49,64,53,63,60,44,63,64,64,69,76,61,83,57,80,74,55,47,54,64,58,65,54,63,56,59,57
M. Şengezer,Muhammed Şengezer,1/5/1997,22,187.96,78,GK,Turkey,63,74,500000,2000,Right,1,3,1,Lean,1100000,,,,,11,9,13,26,8,10,12,12,21,13,34,36,42,56,32,25,58,18,58,6,19,12,7,32,19,39,8,13,10
L. Walsh,Liam Walsh,9/15/1997,21,167.64,63,CM,England,63,75,650000,6000,Right,1,3,2,Lean,1400000,,,,,50,60,55,72,40,60,65,64,65,64,68,66,72,61,83,71,63,68,48,58,59,49,58,55,55,56,54,50,59
Yang Kuo,杨阔,1/8/1993,26,182.88,78.9,RWB,China PR,63,65,375000,3000,Right,1,3,2,Normal,834000,,,,,54,52,50,58,49,63,48,45,57,54,72,78,51,60,61,52,54,78,61,53,65,64,52,57,44,50,58,58,55
J. Payne,Josh Payne,11/25/1990,28,182.88,73.9,"CM,CDM",England,63,63,375000,2000,Right,1,3,2,Lean,656000,,,,,60,48,50,64,51,59,60,64,65,63,66,63,68,59,64,66,78,83,66,59,70,56,47,63,64,60,56,51,54
A. Meyer,Alexander Meyer,4/13/1991,27,195.58,88,GK,Germany,63,66,300000,5000,Right,1,3,1,Normal,533000,,,,,13,8,11,31,6,17,12,10,29,19,24,27,22,64,29,25,40,19,68,9,22,8,7,36,12,37,20,10,9
B. Vandenbussche,Brian Vandenbussche,9/24/1981,37,195.58,92.1,GK,Belgium,63,63,50000,1000,Left,1,3,1,Normal,75000,,,,,11,13,14,33,14,18,15,11,34,25,23,26,27,52,30,12,37,12,73,12,37,25,11,56,26,57,22,11,11
Kim Young Sin,김영신 金永信,2/28/1986,33,175.26,66.2,"CAM,CM",Korea Republic,63,63,290000,1000,Right,1,4,3,Normal,363000,,,,,61,66,51,62,48,63,55,59,60,64,66,69,70,59,65,60,67,62,45,62,58,24,55,61,59,50,31,28,26
H. Al Juhayyim,Hamad Al Juhayyim,10/11/1987,31,152.4,73.9,ST,Saudi Arabia,63,63,350000,6000,Right,1,4,2,Normal,578000,,,,,50,64,62,57,56,62,59,61,56,65,68,68,61,57,59,62,67,66,65,58,72,48,62,60,60,65,29,36,27
H. Lennon,Harry Lennon,12/16/1994,24,190.5,77.1,CB,England,63,68,425000,2000,Left,1,3,2,Lean,776000,,,,,28,22,64,45,24,38,24,31,33,50,66,71,66,52,50,38,74,69,75,19,52,61,29,35,37,56,63,64,64
S. Rénot,Sébastien Rénot,11/11/1989,29,185.42,79.8,GK,France,63,64,300000,1000,Right,1,3,1,Normal,548000,,,,,12,10,13,26,9,12,13,11,24,18,35,32,28,56,45,25,57,25,60,10,27,17,10,31,17,49,12,14,13
T. Diagouraga,Toumani Diagouraga,6/9/1987,31,187.96,72.1,"CM,CDM",France,63,63,325000,3000,Right,1,3,2,Normal,569000,,,,,52,54,64,64,44,62,58,57,61,65,64,60,54,56,57,58,36,74,76,52,64,68,56,62,53,69,60,62,57
E. Frear,Elliott Frear,10/11/1990,28,152.4,64.9,LM,England,63,63,375000,2000,Left,1,2,3,Lean,656000,,,,,67,49,23,56,37,65,50,45,52,60,85,81,91,51,91,42,81,69,34,50,36,35,56,54,49,53,36,40,38
Sito,Andrés Pascual Santonja,11/18/1996,22,154.94,69.9,LM,Spain,63,69,500000,4000,Left,1,3,3,Normal,1200000,,,,,66,59,38,59,49,70,70,59,59,71,58,55,64,59,64,65,34,45,43,60,45,43,58,61,58,56,57,31,39
G. Perrin,Gaëtan Perrin,6/7/1996,22,170.18,63,"RM,LM",France,63,74,625000,1000,Right,1,3,3,Normal,1200000,,,,,54,57,60,62,58,64,59,47,53,64,82,83,82,52,89,62,64,67,56,62,48,18,58,56,67,62,42,31,23
C. Burgess,Cameron Burgess,10/21/1995,23,193.04,81.2,CB,Australia,63,70,450000,2000,Left,1,2,2,Normal,878000,,,,,34,21,65,54,24,38,27,31,43,45,42,50,28,53,35,42,75,71,76,26,60,60,36,38,42,60,62,64,63
J. O'Shea,James O'Shea,8/10/1988,30,182.88,69.9,"CM,CAM",Republic of Ireland,63,63,350000,4000,Right,1,4,3,Lean,613000,,,,,63,65,30,63,67,66,68,68,61,64,61,66,83,55,85,61,70,75,60,66,59,49,65,70,73,78,53,36,21
D. Campos,Diego Campos,10/1/1995,23,152.4,77.1,"RB,RW,CAM,LW",Costa Rica,63,68,400000,1000,Right,1,3,2,Normal,630000,,,,,61,56,47,66,52,61,71,61,60,63,72,70,70,61,67,61,62,79,61,57,60,57,62,65,56,60,58,55,57
O. Shaw,Oliver Shaw,3/12/1998,20,187.96,72.1,ST,Scotland,63,77,825000,1000,Right,1,3,2,Lean,2000000,,,,,28,64,62,58,54,58,48,32,32,62,68,66,59,63,60,59,69,58,63,54,26,19,63,48,65,44,17,14,18
B. Öksüz,Birkan Öksüz,3/19/1996,22,175.26,74.8,LB,Turkey,63,74,550000,3000,Left,1,3,2,Lean,1200000,,,,,58,32,51,45,31,59,40,35,27,60,73,74,70,58,73,35,69,68,60,29,57,65,52,39,42,51,56,67,63
D. Poggenberg,Dan-Patrick Poggenberg,3/28/1992,26,182.88,78,"LB,CB",Germany,63,66,375000,1000,Left,1,3,2,Lean,572000,,,,,57,35,55,59,36,58,37,35,46,58,67,66,60,59,62,47,61,56,65,38,54,58,42,42,49,52,65,68,66
L. Burge,Lee  Burge,1/9/1993,26,154.94,69.9,GK,England,63,67,350000,2000,Left,1,3,1,Lean,639000,,,,,12,14,19,33,11,18,19,14,21,32,42,41,47,49,68,13,56,28,53,14,25,11,5,28,31,40,18,16,19
O. Güçtekin,Oğuz Kağan Güçtekin,4/6/1999,19,172.72,71.2,CDM,Turkey,63,80,725000,4000,Right,1,2,3,Normal,1800000,,,,,59,37,48,71,42,63,59,42,68,66,60,62,72,63,79,58,46,58,48,51,55,53,51,62,47,70,61,64,60
J. Wilson,James Wilson,2/26/1989,30,187.96,82.1,"CB,RB",Wales,63,63,290000,4000,Right,1,3,2,Normal,508000,,,,,49,33,59,53,28,51,36,30,52,48,61,67,70,60,53,49,36,68,75,37,68,65,38,45,49,48,63,61,62
Zhang Chenglin,张成林,1/20/1987,32,182.88,74.8,"CB,RB,LB",China PR,63,63,250000,3000,Right,1,4,2,Normal,,,,,,58,39,63,56,42,57,33,37,52,58,72,59,62,60,67,33,58,65,69,39,56,58,40,36,37,65,61,66,64
F. Fallatah,Fawaz Mohammed Fallatah,3/8/1989,30,175.26,63,CB,Saudi Arabia,63,63,290000,4000,Right,1,3,2,Normal,479000,,,,,30,18,46,31,40,30,29,29,46,54,62,61,63,55,68,39,80,78,81,23,75,58,27,31,33,55,60,67,69
J. Lindner,Jaroslaw Lindner,6/28/1988,30,175.26,72.1,RM,Poland,63,63,350000,1000,Right,1,3,3,Lean,508000,,,,,61,61,54,54,58,68,43,48,34,63,78,85,79,64,78,63,59,64,43,56,47,15,54,45,45,48,18,16,17
L. Vigouroux,Lawrence Vigouroux,11/19/1993,25,193.04,77.1,GK,Chile,63,65,325000,2000,Right,1,2,1,Lean,593000,,,,,20,17,12,28,19,19,17,17,16,16,48,42,56,55,40,25,48,36,63,11,24,14,6,24,30,46,16,18,11
A. Cisak,Alex Cisak,5/19/1989,29,190.5,93,GK,Australia,63,64,290000,2000,Right,1,3,1,Stocky,384000,,,,,14,14,11,24,15,15,14,19,23,22,57,58,56,60,47,24,73,34,67,14,34,26,16,44,19,50,13,14,15
E. Benavidez,Exequiel Emanuel Benavídez,3/5/1989,30,152.4,78,"CM,CDM",Argentina,63,63,350000,1000,Right,1,3,3,Stocky,473000,,,,,58,40,39,71,33,63,70,66,70,67,52,55,56,66,65,31,55,53,71,33,65,58,43,63,67,66,66,59,53
D. Suga,菅 大輝,9/10/1998,20,170.18,68.9,"LWB,LM,LB,RWB",Japan,63,74,525000,1000,Left,1,4,3,Stocky,761000,,,,,70,61,51,69,58,68,65,56,61,67,67,72,67,65,75,63,60,75,64,56,44,42,53,63,30,54,59,55,47
J. Gaspar,Jordy Gaspar,4/23/1997,21,172.72,58.1,"RB,RWB",France,63,75,575000,7000,Right,1,3,2,Lean,1200000,,,,,64,40,58,60,36,69,45,37,38,60,84,79,79,54,87,56,85,66,45,36,79,62,50,48,37,48,56,56,58
M. Maruoka,丸岡 満,1/6/1996,23,170.18,68,"CAM,CM",Japan,63,71,550000,2000,Right,1,3,3,Lean,798000,,,,,57,53,28,65,58,72,64,54,49,71,68,67,84,56,90,43,63,50,29,39,29,39,52,57,52,53,26,19,37
Lee Bum Soo,이범수 李范洙,12/10/1990,28,190.5,84.8,GK,Korea Republic,63,64,290000,1000,Right,1,3,1,Normal,384000,,,,,12,9,10,35,13,11,9,9,34,13,63,57,44,58,43,22,44,23,64,13,13,17,14,67,24,61,16,13,12
T. Okamoto,岡本 拓也,6/18/1992,26,175.26,73,"RWB,RM,RB",Japan,63,66,375000,1000,Left,1,2,2,Normal,497000,,,,,53,44,60,51,35,52,30,26,47,55,75,75,75,62,67,53,80,76,75,40,57,59,49,46,30,52,60,65,64
D. Djigla,David Djigla,8/23/1995,23,175.26,73,"RM,LM",Benin,63,68,500000,1000,Right,1,3,3,Lean,913000,,,,,55,60,46,57,65,66,68,69,50,63,87,90,81,52,53,72,73,64,58,69,53,18,56,47,61,58,47,25,18
P. Gori,Pier Graziano Gori,5/10/1980,38,187.96,83,GK,Italy,63,63,20000,1000,Right,1,1,1,Normal,32000,,,,,12,19,14,36,16,16,10,19,28,24,35,35,52,67,31,36,51,41,54,17,44,26,16,43,17,47,11,15,9
M. Salisu,Mohammed Salisu,4/17/1999,19,190.5,82.1,CB,Ghana,63,76,625000,2000,Left,1,3,2,Normal,1800000,,,,,22,22,58,52,22,44,33,27,27,47,68,65,51,59,58,45,70,64,73,24,64,64,25,24,37,48,61,64,62
T. Arano,荒野 拓馬,4/20/1993,25,154.94,59.9,"CM,CAM,RM",Japan,63,68,475000,1000,Right,1,3,3,Normal,629000,,,,,59,66,27,68,52,60,62,55,62,65,64,69,64,61,59,61,54,69,66,67,50,38,51,61,47,57,36,55,44
S. Miller,Shaun Miller,9/25/1987,31,172.72,71.2,ST,England,63,63,350000,4000,Right,1,3,2,Lean,613000,,,,,36,64,55,44,57,62,37,45,40,64,80,78,86,61,90,63,62,76,68,54,36,24,57,57,58,60,40,20,15
Wang Jie,王杰,1/14/1989,30,185.42,83,CB,China PR,63,63,290000,4000,Right,1,2,2,Stocky,624000,,,,,23,39,56,55,33,52,32,28,55,52,50,59,43,56,51,66,73,65,87,46,65,50,22,31,33,58,60,65,57
V. Slivka,Vykintas Slivka,4/29/1995,23,190.5,83.9,CM,Lithuania,63,69,500000,1000,Right,1,3,3,Lean,975000,,,,,55,54,55,73,47,68,51,51,71,73,52,56,68,50,65,58,53,55,72,56,38,40,40,58,58,56,53,47,47
M. Sourzac,Martin Sourzac,3/25/1992,26,187.96,78,GK,France,63,64,300000,3000,Right,1,2,1,Normal,623000,,,,,18,12,16,33,14,26,12,12,23,29,55,55,55,58,58,30,68,30,65,14,17,18,16,24,24,56,11,11,16
A. Verdugo,Agustín Verdugo,9/18/1997,21,170.18,68,"RB,CM,CDM",Argentina,63,74,550000,2000,Right,1,3,2,Normal,935000,,,,,53,54,54,66,39,62,56,40,64,63,70,68,65,59,85,58,67,54,46,45,64,58,60,62,48,68,64,64,66
B. Kirsch,Benedikt Kirsch,4/15/1996,22,154.94,74.8,CM,Germany,63,72,550000,2000,Right,1,2,2,Lean,963000,,,,,45,39,53,67,33,61,41,42,65,63,64,55,73,62,74,43,62,69,65,44,68,66,47,63,43,53,58,62,60
E. Andersson,Elias Andersson,1/31/1996,23,152.4,73.9,"LM,CAM",Sweden,63,71,550000,1000,Left,1,2,3,Lean,798000,,,,,68,42,32,65,51,64,69,63,65,65,60,61,71,57,73,65,67,61,59,58,45,45,55,64,50,59,46,49,43
G. Fabiano,Gianni Fabiano,7/9/1984,34,167.64,68,"LW,RW",Italy,63,63,220000,1000,Right,1,3,2,Normal,341000,,,,,62,61,49,58,53,63,58,51,51,60,74,80,82,62,92,69,50,70,47,55,32,31,61,53,58,54,35,17,15
P. Digby,Paul Digby,2/2/1995,24,195.58,69.9,"CDM,CM,CB",England,63,67,400000,3000,Right,1,3,2,Lean,730000,,,,,52,48,65,62,41,51,43,41,58,59,70,73,60,60,63,57,76,77,77,48,63,61,48,53,52,62,62,62,58
Yu Ziqian,于子千,6/3/1985,33,193.04,76.2,GK,China PR,63,63,190000,2000,Right,1,1,1,Normal,409000,,,,,27,8,7,31,4,8,40,37,31,32,30,26,38,62,63,6,69,44,66,10,37,12,12,36,37,57,17,22,22
H. Rashidi,Heradi Rashidi,7/24/1994,24,175.26,68.9,"LWB,RWB",Sweden,63,68,400000,2000,Right,1,4,3,Normal,530000,,,,,59,58,55,62,55,66,55,34,58,64,78,75,62,62,68,59,62,69,58,59,56,52,63,62,43,66,63,60,59
C. Bravo,Claudio Nicolás Bravo,3/13/1997,21,170.18,72.1,LB,Argentina,63,74,550000,2000,Left,1,2,2,Normal,935000,,,,,48,44,50,59,38,66,42,38,50,59,73,69,79,57,76,51,68,66,57,39,65,66,51,50,44,49,64,65,66
H. Bonmann,Hendrik Bonmann,1/22/1994,25,193.04,82.1,GK,Germany,63,69,375000,1000,Right,1,3,1,Lean,619000,,,,,11,7,14,22,9,9,11,12,16,13,28,31,32,59,26,23,63,33,69,11,23,11,8,31,23,56,10,14,13
M. Broberg,Martin Broberg,9/24/1990,28,185.42,73.9,"CM,ST,RM",Sweden,63,63,375000,1000,Right,1,3,2,Lean,469000,,,,,65,58,54,63,55,65,67,57,61,62,71,73,69,62,62,68,53,81,62,65,58,45,66,61,48,64,51,53,46
Tian Yinong,田依浓,2/18/1991,28,154.94,73,"CM,CDM",China PR,63,63,375000,4000,Right,1,3,2,Lean,806000,,,,,31,21,58,66,28,56,30,27,63,66,78,71,69,57,67,55,77,79,82,20,62,60,62,65,38,48,52,65,61
S. Oum Gouet,Samuel Oum Gouet,12/14/1997,21,185.42,76.2,"CDM,CM",Cameroon,63,72,500000,2000,Right,1,3,2,Normal,825000,,,,,42,44,64,65,41,58,45,43,58,62,68,65,52,65,75,63,65,65,75,54,62,60,43,56,41,57,59,61,53
M. Yandaş,Mert Hakan Yandaş,8/19/1994,24,175.26,73,"CAM,CDM",Turkey,63,70,525000,3000,Right,1,3,3,Normal,1200000,,,,,54,58,46,65,47,66,62,50,63,68,61,65,60,61,73,56,51,58,61,37,48,23,61,57,60,64,41,47,60
M. Ratajczak,Michael Ratajczak,4/16/1982,36,187.96,84.8,GK,Germany,63,63,50000,1000,Right,1,3,1,Normal,78000,,,,,15,12,20,24,12,13,14,11,23,22,40,47,38,66,31,23,64,30,71,13,37,16,14,28,22,40,16,11,11
R. Anane-Gyasi,Raymond Anane-Gyasi,8/5/1994,24,154.94,74.8,RM,Ghana,63,68,500000,1000,Right,1,3,3,Normal,663000,,,,,64,61,49,56,55,66,56,41,44,65,84,79,79,55,82,66,73,63,60,56,39,20,61,41,43,59,33,34,37
Joo Min Kyu,주민규 朱文奎,4/13/1990,28,182.88,78.9,"ST,CM",Korea Republic,63,63,375000,2000,Right,1,3,2,Normal,488000,,,,,33,60,65,56,59,56,35,32,54,62,64,63,68,60,68,70,70,78,73,62,62,61,61,59,65,61,21,58,39
N. Al Subhi,Nawaf Humaidan Al Subhi,3/12/1990,28,154.94,73.9,CB,Saudi Arabia,63,64,325000,4000,Left,1,3,2,Lean,561000,,,,,54,23,65,46,22,47,66,40,22,45,57,62,54,57,50,70,80,76,75,61,71,62,41,33,39,49,58,60,62
M. Etuin,Maxime Etuin,8/15/1995,23,175.26,64.9,"CM,CDM",France,63,70,500000,2000,Left,1,3,2,Normal,975000,,,,,60,51,43,72,58,65,65,68,70,62,65,71,64,58,76,68,60,48,41,56,43,56,51,63,65,62,54,60,59
S. Horemans,Siebe Horemans,6/2/1998,20,182.88,72.1,"CB,RB",Belgium,63,74,550000,3000,Right,1,3,2,Normal,,,,,,32,21,57,59,23,43,22,30,65,55,65,70,70,59,67,32,67,59,63,27,67,62,21,56,24,62,60,63,65
Tang Shi,唐诗,1/24/1995,24,175.26,59,RM,China PR,63,68,500000,3000,Left,1,3,2,Lean,1100000,,,,,65,53,55,54,60,64,68,60,51,57,74,92,70,65,74,67,54,72,54,64,42,24,51,51,60,52,34,25,21
Montoro,Adrián Hernández Montoro,1/4/1995,24,154.94,79.8,"RB,CB",Spain,63,70,425000,2000,Right,1,3,2,Normal,744000,,,,,56,25,65,60,30,40,39,38,42,56,62,64,61,61,61,45,76,70,66,29,56,63,38,38,45,52,58,66,65
A. Bakayoko,Amadou Bakayoko,1/1/1996,23,193.04,84.8,ST,Sierra Leone,63,68,500000,2000,Left,1,3,2,Normal,913000,,,,,53,60,57,55,53,59,38,35,39,56,75,82,65,56,46,70,52,85,81,52,80,30,58,53,55,55,28,37,35
S. Essende,Samuel Essende,1/23/1998,21,193.04,87.1,ST,France,63,72,575000,10000,Right,1,3,2,Stocky,,,,,,31,61,66,54,52,61,38,34,30,63,68,75,53,46,43,67,64,51,82,52,61,18,56,41,61,48,22,21,18
C. Brown,Corey Edward Brown,1/7/1994,25,175.26,68.9,LB,Australia,63,67,400000,2000,Left,1,2,2,Lean,530000,,,,,60,46,52,60,34,62,60,39,56,61,74,75,70,57,75,39,79,65,63,42,49,57,53,53,51,54,64,64,62
L. Pons,Luciano Pons,4/18/1990,28,154.94,74.8,ST,Argentina,63,63,375000,3000,Right,1,3,2,Normal,544000,,,,,34,72,68,57,52,60,41,41,34,58,52,56,56,59,62,67,66,63,57,62,31,15,58,49,68,52,16,18,20
Huang Zichang,黄紫昌,4/4/1997,21,172.72,67.1,"RM,ST",China PR,63,73,600000,3000,Right,1,3,2,Stocky,1400000,,,,,53,56,51,60,41,64,54,40,53,60,81,85,80,61,82,61,86,60,40,46,57,45,58,57,45,54,35,37,50
T. Baumgart,Tom Baumgart,11/12/1997,21,154.94,72.1,"LM,CAM",Germany,63,73,600000,1000,Right,1,3,2,Lean,1100000,,,,,63,57,41,58,48,64,45,38,54,60,75,75,69,58,67,61,75,79,63,51,56,32,57,55,45,47,39,26,27
S. Mmaee,Samy Mmaee A Nwambeben,9/8/1996,22,154.94,83,CB,Belgium,63,70,450000,2000,Right,1,3,2,Normal,765000,,,,,46,28,63,55,24,48,24,21,52,58,71,71,66,54,62,49,72,60,77,26,68,57,22,46,34,53,59,61,63
B. Rotenberg,Boris Rotenberg,5/19/1986,32,187.96,83.9,RB,Finland,63,63,200000,1000,Right,1,2,2,Normal,420000,,,,,61,30,59,58,36,52,29,48,46,49,67,68,60,56,53,58,57,48,75,35,55,65,29,48,40,53,70,66,66
M. Velásquez,Marcos Antonio Velásquez Ahumada,6/23/1988,30,154.94,78.9,CB,Chile,63,63,270000,1000,Right,1,3,2,Lean,365000,,,,,25,24,70,56,21,29,22,22,66,46,49,48,49,55,63,37,74,75,74,35,54,59,29,33,32,53,63,64,60
M. Marrone,Michael Marrone,1/27/1987,32,152.4,78,RB,Australia,63,63,240000,1000,Right,1,2,2,Normal,300000,,,,,61,34,49,60,21,57,32,28,56,62,55,65,65,60,49,25,61,78,75,27,48,66,57,41,34,65,63,64,56
P. Siegl,Philipp Siegl,12/16/1993,25,185.42,74.8,"CB,CDM",Austria,63,66,400000,2000,Right,1,3,2,Normal,610000,,,,,53,37,62,57,43,50,38,40,59,53,64,62,60,57,63,57,59,61,71,48,65,60,50,46,45,57,61,65,63
J. Wright,Josh Wright,11/6/1989,29,175.26,73.9,"CM,RM,CDM",England,63,63,375000,3000,Right,1,3,2,Normal,656000,,,,,56,56,49,65,63,60,59,58,64,65,69,60,73,58,65,65,60,75,70,58,70,49,63,61,62,56,59,57,45
O. Gaines,Orrin McKinze Gaines,3/2/1998,21,154.94,73.9,"RM,LM,RW",United States,63,74,625000,3000,Right,1,3,3,Lean,,,,,,63,59,34,56,54,68,46,39,47,64,90,80,71,47,66,48,58,55,61,46,34,25,53,50,47,46,23,28,24
T. Moore,Taylor Moore,5/12/1997,21,182.88,79.8,"CB,RB",England,63,72,500000,5000,Right,1,2,2,Normal,,,,,,55,30,63,64,30,54,36,30,68,58,64,61,57,56,58,45,76,69,70,41,70,59,45,56,43,54,58,62,60
R. Hedges,Ryan Hedges,7/8/1995,23,185.42,64.9,"RM,RW,LW",Wales,63,72,575000,2000,Left,1,3,3,Lean,1100000,,,,,56,58,42,62,42,67,58,41,53,63,73,75,74,54,61,58,62,66,56,64,38,30,55,55,49,43,34,41,36
David Alba,David Alba Fernández,5/5/1999,19,154.94,77.1,CB,Spain,63,74,550000,2000,Right,1,3,2,Normal,1300000,,,,,25,16,64,62,21,26,26,29,29,57,53,55,39,55,63,36,75,49,62,19,54,62,22,26,32,44,57,69,63
S. Schimmer,Stefan Schimmer,4/28/1994,24,185.42,74.8,"ST,LM",Germany,63,67,500000,1000,Right,1,4,2,Normal,763000,,,,,31,67,61,38,63,55,57,36,25,56,65,64,67,64,58,65,81,62,78,55,63,16,66,39,62,59,29,13,14
Kim Gun Hee,김건희 金健熙,2/22/1995,24,182.88,71.2,"ST,RW",Korea Republic,63,69,525000,2000,Right,1,5,2,Lean,,,,,,59,60,60,58,53,59,43,27,40,61,69,74,59,62,57,65,63,58,69,58,69,48,61,58,58,65,24,32,25
H. Camara,Haroune Camara,1/1/1998,21,182.88,81.2,ST,Saudi Arabia,63,77,825000,3000,Right,1,3,2,Normal,1900000,,,,,42,64,55,52,53,60,55,45,43,59,73,75,66,60,67,59,84,63,73,55,42,23,62,53,58,59,15,18,11
T. Hagn,Thomas Hagn,2/28/1995,24,185.42,81.2,"LM,LB",Germany,63,68,500000,1000,Left,1,3,3,Normal,763000,,,,,62,47,55,62,23,64,36,25,62,63,70,73,61,65,57,51,68,81,76,20,56,58,53,49,30,56,58,64,61
J. Arctander Moe,Jeppe Arctander Moe,8/3/1995,23,175.26,69.9,LB,Norway,63,72,475000,1000,Left,1,3,2,Normal,689000,,,,,64,25,58,57,23,56,59,46,55,58,68,69,64,57,76,52,70,72,56,30,60,68,43,48,37,57,56,63,57
O. Berg,Oliver Berg,8/28/1993,25,152.4,73.9,"CM,CF",Norway,63,68,475000,1000,Right,1,3,3,Lean,629000,,,,,59,59,42,65,41,64,54,40,57,63,68,69,67,57,70,70,55,87,61,64,59,57,59,61,49,61,45,55,48
S. Robinson,Scott Robinson,3/12/1992,26,167.64,68,"CAM,CF,CM",Scotland,63,64,425000,2000,Right,1,3,2,Normal,776000,,,,,52,57,35,67,49,62,57,43,58,64,76,75,79,61,84,57,82,71,67,50,61,55,59,57,51,65,45,51,43
K. Goden,Kevin Goden,2/22/1999,20,182.88,73.9,"RB,RM",Germany,63,75,550000,2000,Right,1,2,2,Normal,1100000,,,,,60,36,55,57,33,56,50,41,39,60,69,79,66,50,65,43,63,66,58,34,58,58,47,41,38,55,57,64,64
L. Tupta,Ľubomír Tupta,3/27/1998,20,154.94,72.1,"ST,LW",Slovakia,63,76,725000,1000,Right,1,3,2,Normal,1600000,,,,,43,66,59,59,66,67,57,34,43,62,67,56,61,62,68,73,57,56,52,62,44,13,52,58,50,58,44,21,15
M. Spelmann,Martin Spelmann,3/21/1987,31,175.26,72.1,"RM,CM",Denmark,63,63,325000,3000,Right,1,3,2,Normal,406000,,,,,58,56,63,61,47,59,56,60,57,61,68,64,65,70,70,65,64,82,79,59,85,63,59,59,42,58,65,63,61
Feng Renliang,冯仁亮,5/12/1988,30,154.94,68,"RW,RM,LM",China PR,63,63,350000,3000,Right,1,4,2,Lean,753000,,,,,64,55,36,52,42,68,46,47,40,61,74,74,69,62,66,56,43,65,57,53,39,30,63,56,45,52,31,28,22
F. Brown Forbes,Felicio Anando Brown Forbes,8/28/1991,27,187.96,82.1,"LM,ST",Costa Rica,63,63,400000,1000,Right,1,4,3,Normal,540000,,,,,63,53,59,56,41,65,47,49,47,67,68,71,58,63,54,60,68,70,74,42,59,55,58,59,56,60,50,58,58
E. Aguirre,Eduardo Aguirre,8/3/1998,20,175.26,74.8,ST,Mexico,63,75,650000,2000,Right,1,2,2,Lean,1200000,,,,,34,67,65,54,47,63,48,38,38,59,80,78,68,57,73,63,67,67,56,54,28,11,58,52,64,50,14,14,15
J. González,Julio José González Vela-Alvizu,4/23/1991,27,182.88,83,GK,Mexico,63,64,290000,1000,Right,1,3,1,Normal,500000,,,,,15,14,15,13,14,14,15,15,12,20,44,44,58,67,40,22,72,40,63,14,14,16,13,45,13,28,20,14,13
F. Carstens,Florian Carstens,11/8/1998,20,190.5,87.1,"CB,RB",Germany,63,74,550000,1000,Right,1,3,2,Normal,990000,,,,,43,22,65,55,25,33,25,22,32,47,62,60,42,59,43,39,70,60,79,20,61,56,29,32,30,54,61,65,57
H. Akino,秋野 央樹,10/8/1994,24,175.26,68,"CM,CDM",Japan,63,69,500000,1000,Left,1,2,2,Lean,725000,,,,,61,39,48,63,31,42,74,61,73,64,71,72,56,61,70,42,77,86,61,73,57,62,25,62,43,47,51,60,54
Jorge Félix,Jorge Félix Muñoz García,8/22/1991,27,172.72,62.1,LM,Spain,63,63,400000,2000,Right,1,3,3,Lean,540000,,,,,49,62,62,63,55,64,55,43,59,59,73,74,70,58,80,61,67,69,64,63,30,15,61,65,68,66,44,19,19
Bae Ki Jong,배기종 裴文钟,5/26/1983,35,154.94,74.8,"LW,RM,RW",Korea Republic,63,63,160000,1000,Right,1,3,3,Normal,200000,,,,,65,64,61,61,63,63,55,59,57,66,67,77,44,61,74,66,71,54,68,58,64,46,60,62,68,56,32,25,28
G. Ingrosso,Gianmarco Ingrosso,1/28/1989,30,187.96,83,"CB,RB",Italy,63,63,290000,1000,Right,1,2,2,Normal,450000,,,,,41,19,57,42,50,16,24,37,38,44,53,67,35,59,55,39,66,55,69,16,74,65,29,39,25,49,65,63,60
E. Frederiksen,Emil Frederiksen,9/5/2000,18,152.4,71.2,CAM,Denmark,63,77,725000,1000,Left,1,2,3,Normal,1500000,,,,,56,51,45,64,53,69,55,54,62,67,78,68,84,53,78,67,51,39,49,41,46,31,51,65,53,65,39,40,44
J. Hjorth,Jakob Hjorth,9/19/1994,24,193.04,83,"CB,CDM",Denmark,63,69,425000,2000,Right,1,3,2,Normal,616000,,,,,27,16,57,43,27,34,25,26,28,45,56,50,45,59,37,35,67,69,78,21,59,59,29,25,34,48,67,63,62
P. Fernández,Pedro Nahuel Fernández,4/5/1987,31,154.94,78,GK,Argentina,63,63,220000,2000,Right,1,3,1,Normal,319000,,,,,11,9,13,26,6,8,13,12,20,14,32,23,26,55,45,25,59,21,52,6,20,8,9,33,13,36,10,12,11
G. Arokoyo,Gbenga Arokoyo,11/1/1992,26,187.96,78,CB,Nigeria,63,67,400000,1000,Right,1,2,2,Normal,530000,,,,,31,19,62,58,38,33,33,26,54,45,55,49,41,59,38,56,39,64,77,40,70,66,16,33,29,64,56,64,63
A. Bah,Alexander Hartmann Bah,12/9/1997,21,182.88,76.2,"RM,ST",Denmark,63,75,650000,2000,Right,1,3,3,Lean,943000,,,,,57,54,54,53,47,64,46,39,33,57,84,79,73,70,63,53,51,74,64,47,76,47,63,61,52,62,52,42,48
N. De Medina,Nathan De Medina,10/8/1997,21,182.88,82.1,CB,Belgium,63,72,500000,2000,Right,1,2,2,Normal,825000,,,,,60,43,60,63,46,56,31,34,65,61,68,72,66,61,63,43,70,45,69,34,65,57,18,48,32,58,60,63,62
Yu Jun Soo,유준수 刘俊树,5/8/1988,30,182.88,79.8,CB,Korea Republic,63,63,270000,2000,Right,1,3,2,Normal,338000,,,,,56,62,59,45,61,62,56,53,55,62,71,63,54,62,60,63,65,65,83,45,65,65,61,54,65,60,55,59,57
Jimmy,Jaime Suárez Juesas,12/31/1996,22,170.18,64.9,"CDM,CM",Spain,63,73,525000,2000,Right,1,2,2,Lean,945000,,,,,47,36,28,66,38,61,62,44,68,65,59,63,61,62,64,50,56,54,38,45,45,62,50,65,35,58,62,64,62
Lee Jin Hyun,이진현 Jin Hyun Lee,8/26/1997,21,172.72,62.1,"CM,CDM",Korea Republic,63,73,600000,1000,Left,1,3,3,Lean,870000,,,,,60,60,31,68,52,66,68,65,63,68,73,74,73,60,74,44,72,66,42,48,52,50,60,67,51,60,60,35,49
Fábio Ferreira,Fábio Miguel Lourenço Ferreira,5/3/1989,29,152.4,72.1,RM,Portugal,63,63,350000,2000,Right,1,4,3,Normal,438000,,,,,57,63,34,56,57,62,71,66,45,64,83,84,79,47,71,51,56,72,60,51,23,32,62,56,63,57,25,27,26
F. Barboza,Facundo Barboza,7/31/1996,22,170.18,72.1,"RW,CM,CAM,LW",Argentina,63,74,625000,2000,Right,1,3,3,Normal,,,,,,61,51,34,59,36,69,51,42,57,68,74,80,76,56,75,56,81,61,54,46,44,34,60,58,46,64,59,26,24
Zhang Chi,张驰,7/8/1987,31,185.42,69.9,RB,China PR,62,62,220000,3000,Right,1,4,2,Lean,473000,,,,,56,58,63,65,45,58,42,38,58,63,68,64,60,62,52,54,55,69,67,45,58,55,60,62,34,58,61,63,54
J. Vargas,Juan Pablo Vargas Campos,6/6/1995,23,193.04,86.2,CB,Costa Rica,62,70,375000,1000,Right,1,2,2,Lean,600000,,,,,25,21,61,59,22,32,27,29,34,60,60,58,54,52,52,37,67,63,70,17,52,58,21,31,34,54,60,62,65
B. Rubio,Brian Rubio,11/9/1996,22,185.42,79.8,ST,Mexico,62,70,450000,3000,Right,1,3,2,Normal,855000,,,,,30,63,70,48,53,66,41,35,29,55,66,61,68,52,51,63,68,59,66,60,58,19,63,53,66,52,23,21,23
D. Granli,Daniel Granli,5/1/1994,24,187.96,78,"CB,RB,LB",Norway,62,69,375000,1000,Right,1,3,2,Normal,544000,,,,,61,43,56,61,42,56,58,47,58,59,66,62,61,56,60,58,51,71,67,48,61,62,53,49,46,56,57,63,62
Iván Martos,Iván Martos Campillo,5/15/1997,21,182.88,68,"LB,CB",Spain,62,74,475000,1000,Left,1,3,3,Normal,831000,,,,,58,32,51,48,22,63,38,44,31,59,65,63,50,61,61,48,63,58,57,45,62,58,45,47,45,60,62,70,68
D. Otto,David Otto,3/3/1999,20,185.42,82.1,ST,Germany,62,81,650000,3000,Right,1,3,3,Normal,1500000,,,,,43,68,63,54,46,54,43,34,38,55,66,65,55,56,62,60,67,60,68,56,32,13,59,49,68,53,27,16,14
B. Collins,Bradley Collins,2/18/1997,22,182.88,68.9,GK,England,62,71,350000,1000,Right,1,2,1,Lean,683000,,,,,20,15,21,29,19,20,19,12,26,27,41,45,33,57,63,26,55,25,51,16,20,20,11,23,25,46,11,19,17
L. Nolan,Liam Nolan,9/20/1994,24,175.26,68.9,"CM,CDM",Northern Ireland,62,66,400000,1000,Right,1,2,2,Normal,730000,,,,,49,33,54,63,34,59,32,26,62,62,62,58,65,64,61,51,74,74,64,54,61,61,54,59,21,62,60,62,60
A. Bamba,Abdoul-Kader Bamba,5/25/1994,24,175.26,68,CAM,France,62,67,400000,4000,Right,1,3,2,Normal,790000,,,,,61,56,52,72,45,62,58,64,80,65,64,63,59,56,67,68,58,41,51,52,43,30,51,54,57,64,48,49,59
K. Duncan,Kyle Duncan,8/8/1997,21,152.4,68,RB,United States,62,74,475000,1000,Right,1,2,2,Normal,808000,,,,,55,28,48,57,29,60,43,31,48,61,80,82,72,48,75,27,65,70,59,30,56,54,50,42,37,49,61,61,59
M. Kuleli,Mert Kuleli,6/5/1998,20,182.88,79.8,GK,Turkey,62,73,400000,1000,Right,1,2,1,Normal,880000,,,,,13,15,14,30,18,19,14,13,22,23,58,60,44,63,53,24,74,35,60,17,20,23,14,44,19,39,12,12,15
C. Roberts,Callum Roberts,4/14/1997,21,172.72,64.9,"RM,CAM,LM",England,62,74,550000,5000,Left,1,3,3,Normal,,,,,,57,62,44,59,58,66,60,60,48,61,74,68,59,61,78,61,51,51,33,63,40,22,56,58,61,55,30,25,22
D. Steininger,Daniel Steininger,4/13/1995,23,187.96,78.9,"RM,ST",Germany,62,70,450000,2000,Right,1,3,2,Normal,788000,,,,,57,67,60,55,59,65,53,42,49,66,74,73,64,59,60,65,46,55,68,49,41,23,64,47,57,46,34,17,20
Idrisa Sambú,Idrisa Sidi Sambú,3/27/1998,20,154.94,78,"LM,RM,CAM,ST",Portugal,62,73,525000,2000,Right,1,4,3,Lean,866000,,,,,56,61,48,47,47,73,47,47,46,65,75,79,68,48,60,70,71,69,72,56,31,20,55,53,66,57,27,34,29
R. Macek,Roman Macek,4/18/1997,21,187.96,79.8,"CM,CAM",Czech Republic,62,73,525000,10000,Right,1,3,3,Lean,,,,,,63,40,39,69,55,68,63,41,56,69,63,70,62,53,54,65,40,67,67,62,55,52,50,60,52,58,62,52,47
J. Morrell,Joe Morrell,1/3/1997,22,167.64,64,CM,Wales,62,71,475000,5000,Right,1,3,3,Lean,998000,,,,,56,48,36,64,38,64,48,59,60,63,71,67,76,50,90,60,61,75,38,60,38,52,55,64,56,59,45,54,43
Andrés Martín,Andrés Martín García,7/11/1999,19,175.26,72.1,ST,Spain,62,78,625000,1000,Left,1,5,3,Normal,1400000,,,,,51,63,59,58,56,63,55,43,52,62,66,64,60,59,66,59,61,33,54,62,49,23,61,53,61,59,21,25,22
Samuel Manchón,Samuel González Martínez,2/17/1997,22,170.18,63,"RM,LM,CAM",Spain,62,74,550000,1000,Right,1,3,3,Lean,963000,,,,,58,52,30,63,35,65,50,51,51,67,73,70,74,58,68,40,63,40,36,36,40,32,59,58,55,55,25,24,35
G. Piscitella,Giammario Piscitella,3/24/1993,25,154.94,68.9,"LW,RW,LM",Italy,62,63,350000,1000,Right,1,3,3,Normal,569000,,,,,56,58,43,52,50,66,53,52,46,65,79,79,77,56,72,60,53,70,59,53,32,30,54,54,51,56,45,45,41
E. Yeşilyurt,Erdoğan Yeşilyurt,11/6/1993,25,152.4,72.1,RM,Germany,62,64,375000,2000,Right,1,5,3,Normal,778000,,,,,65,55,36,64,40,65,36,40,57,66,67,64,69,52,63,51,66,58,59,37,53,22,54,45,49,50,25,40,39
A. Dovbyk,Artem Dovbyk,6/21/1997,21,185.42,76.2,"ST,RW",Ukraine,62,72,500000,3000,Left,1,3,2,Normal,750000,,,,,39,63,54,54,51,64,44,35,36,61,70,72,62,56,66,68,65,62,76,51,45,19,57,39,53,46,32,19,13
N. Menéndez,Nahuel Raúl Menéndez,3/5/1994,25,165.1,64,"RB,RM",Argentina,62,68,350000,2000,Right,1,3,3,Normal,578000,,,,,59,33,52,47,29,64,36,41,30,63,69,61,58,52,89,29,65,64,38,28,61,65,50,43,46,55,58,68,67
Marc Aguado,Marc Aguado Pallarés,2/22/2000,19,152.4,68,CM,Spain,62,82,625000,1000,Left,1,3,2,Lean,1600000,,,,,57,49,50,69,48,60,54,51,66,65,68,64,65,61,69,62,57,60,51,45,46,35,51,62,58,69,43,60,54
R. Hernández,Ronald José Hernández Pimentel,10/4/1997,21,170.18,69.9,RB,Venezuela,62,76,600000,1000,Right,1,3,2,Normal,1100000,,,,,60,31,40,44,22,56,58,30,43,55,82,83,73,58,82,33,71,71,61,35,53,61,47,37,38,42,55,62,59
Li Peng,栗鹏,8/29/1990,28,187.96,79.8,CB,China PR,62,64,300000,3000,Right,1,2,2,Lean,668000,,,,,30,20,72,45,20,25,32,23,40,35,49,54,51,52,52,52,74,86,75,22,70,55,24,26,30,50,56,63,62
T. Kunimoto,邦本 宜裕,10/8/1997,21,175.26,76.2,"CM,ST,RM",Japan,62,74,525000,1000,Left,1,3,3,Normal,761000,,,,,53,58,46,69,58,64,55,50,64,62,82,76,69,58,71,67,70,58,75,49,40,47,54,69,45,66,20,49,46
J. McGing,Jake McGing,5/22/1994,24,182.88,73.9,"RB,CB",Australia,62,66,325000,1000,Right,1,3,2,Lean,431000,,,,,47,34,59,60,30,51,39,31,55,53,62,64,60,52,58,48,66,67,66,31,59,66,48,46,36,60,59,67,66
M. Litka,Maurice Litka,1/2/1996,23,154.94,68,"RM,LM",Germany,62,71,475000,3000,Left,1,4,3,Lean,,,,,,55,54,39,59,48,66,52,36,34,68,78,69,79,57,74,60,62,60,40,60,40,26,56,55,52,48,45,35,29
M. Clayton,Max  Clayton,8/9/1994,24,175.26,69.9,"ST,LM",England,62,67,400000,2000,Right,1,3,2,Lean,730000,,,,,58,62,53,57,54,59,40,47,45,61,77,76,83,60,78,57,55,65,52,48,53,24,66,56,53,58,23,21,19
Pedro Neto,Pedro Lomba Neto,3/9/2000,18,172.72,63,"ST,LW",Portugal,62,79,625000,1000,Left,1,3,3,Normal,,,,,,38,64,51,60,51,65,54,40,44,68,63,63,86,65,80,62,53,53,34,63,32,16,64,56,62,58,22,19,15
R. ten Hove,Ramón ten Hove,3/3/1998,21,193.04,74.8,GK,Netherlands,62,75,475000,1000,Right,1,2,1,Lean,962000,,,,,14,10,13,22,10,10,12,11,29,17,30,21,27,48,27,17,37,20,58,10,19,10,5,22,10,47,15,11,12
G. Diaz,Guillermo Díaz Ayala,5/16/1994,24,170.18,64.9,LB,Chile,62,66,325000,1000,Left,1,3,2,Lean,463000,,,,,55,44,45,56,36,57,48,32,53,59,73,82,71,48,70,50,71,69,67,32,60,62,60,49,47,59,61,61,62
N. Baxter,Nathan Baxter,11/8/1998,20,182.88,76.2,GK,England,62,73,400000,1000,Right,1,2,1,Normal,780000,,,,,14,11,13,30,10,14,12,14,31,31,36,40,28,46,31,21,58,31,52,12,25,12,7,37,11,35,12,13,12
A. Altuna,Alejandro Altuna,1/19/1992,27,182.88,73.9,"CDM,CM",Argentina,62,65,325000,2000,Right,1,3,2,Normal,496000,,,,,46,30,48,65,28,57,40,35,58,65,56,59,59,62,61,43,57,66,57,27,57,60,40,54,36,56,57,60,61
B. Kennedy,Ben Kennedy,1/12/1997,22,152.4,69.9,"RM,ST,LM",Northern Ireland,62,70,450000,2000,Left,1,2,3,Lean,,,,,,51,59,38,57,52,63,65,60,44,64,74,69,83,57,69,56,67,74,51,62,76,42,62,64,63,56,25,36,32
I. Näsberg,Ivan Näsberg,4/22/1996,22,185.42,79.8,"CB,LB",Norway,62,71,400000,1000,Left,1,2,2,Normal,580000,,,,,52,28,62,54,37,50,48,35,46,51,58,64,60,56,60,58,72,62,70,26,58,63,34,29,40,61,57,63,59
L. Sapela,Łukasz Sapela,9/21/1982,36,185.42,81.2,GK,Poland,62,62,70000,1000,Left,1,3,1,Normal,95000,,,,,12,14,14,38,13,15,11,15,31,23,34,24,33,43,35,23,58,20,43,15,28,21,13,35,25,51,20,12,14
S. Hyodo,兵藤 慎剛,7/29/1985,33,172.72,68,"CM,RM,LM,CAM",Japan,62,62,230000,1000,Right,1,3,2,Normal,288000,,,,,63,54,45,69,51,58,66,39,60,62,70,70,73,69,78,69,70,73,65,41,52,36,65,60,54,62,49,54,52
M. Baude,Marcel Baude,10/5/1989,29,152.4,76.2,RB,Germany,62,62,240000,1000,Right,1,2,2,Normal,348000,,,,,51,33,47,49,36,52,42,30,48,51,67,67,68,57,80,49,80,83,76,35,72,63,41,42,48,62,59,64,62
L. Dennis,Louis Dennis,10/9/1992,26,185.42,68.9,"CAM,LM,RM",England,62,65,375000,2000,Right,1,4,4,Lean,684000,,,,,57,56,38,59,36,64,49,35,52,61,82,82,80,55,76,64,54,73,66,63,43,16,52,60,48,61,30,13,11
P. Hellquist,Philip Hellquist,5/21/1991,27,182.88,73,"ST,LW,CAM",Sweden,62,63,350000,1000,Right,1,3,2,Normal,464000,,,,,58,58,53,62,51,53,59,61,56,62,70,73,69,61,62,63,52,79,65,55,74,55,65,56,45,60,48,54,52
L. Jonsson,Lukas Jonsson,10/21/1992,26,190.5,94.8,GK,Sweden,62,66,280000,1000,Right,1,2,1,Normal,371000,,,,,13,6,13,23,9,11,11,13,23,19,36,35,44,52,32,16,36,33,73,5,24,6,5,42,17,42,21,14,10
A. Mehring,Andrés Mehring,4/19/1994,24,190.5,82.1,GK,Argentina,62,70,325000,2000,Right,1,2,1,Normal,553000,,,,,19,12,13,28,18,21,12,16,26,26,45,49,35,53,46,22,56,44,69,20,21,24,13,32,24,35,23,20,15
R. Koczor,Raphael Koczor,1/17/1989,30,193.04,78,GK,Germany,62,63,240000,1000,Right,1,2,1,Normal,366000,,,,,30,10,29,49,15,20,29,28,40,31,45,48,59,51,37,57,65,45,74,19,33,12,16,39,17,37,11,15,20
B. Schwarz,Benjamin Schwarz,7/10/1986,32,154.94,74.8,"CDM,LB",Germany,62,62,200000,1000,Left,1,2,2,Normal,290000,,,,,54,42,61,63,16,51,34,43,52,57,64,64,69,64,67,53,61,65,68,23,81,54,49,40,59,59,60,66,67
W. Omsberg,Wyatt Omsberg,9/21/1995,23,193.04,81.2,CB,United States,62,72,425000,1000,Right,1,2,2,Lean,723000,,,,,28,20,66,53,23,28,30,24,49,37,54,57,40,55,41,32,73,64,68,19,70,57,24,27,40,44,60,64,57
Lee Sang Ki,이상기 李相吉,5/7/1996,22,152.4,78.9,"RB,LW",Korea Republic,62,71,400000,1000,Right,1,3,2,Normal,580000,,,,,62,52,45,64,52,64,41,30,53,61,79,74,73,63,73,69,60,86,72,59,67,45,68,65,59,62,41,62,62
N. Barona,Neider Barona,7/11/1997,21,175.26,64.9,LM,Colombia,62,77,675000,1000,Right,1,2,3,Lean,1300000,,,,,58,50,44,57,44,64,48,39,48,63,75,79,73,57,76,55,62,65,43,35,28,17,59,51,51,55,47,29,29
D. Kudła,Dawid Kudła,3/21/1992,26,187.96,83.9,GK,Poland,62,66,270000,1000,Right,1,2,1,Stocky,385000,,,,,14,18,16,26,12,14,15,15,20,20,43,48,59,60,57,21,69,43,80,20,21,25,14,51,19,60,20,15,19
D. Kopacz,David Kopacz,5/29/1999,19,154.94,69.9,"CAM,LW,RB",Poland,62,76,650000,3000,Right,1,3,3,Lean,1500000,,,,,63,48,47,66,67,65,61,46,62,64,69,64,55,56,69,68,58,55,45,67,49,34,42,63,52,60,22,54,54
M. Hiller,Marco Hiller,2/20/1997,22,187.96,84.8,GK,Germany,62,69,325000,1000,Right,1,3,1,Normal,536000,,,,,14,9,14,29,8,8,13,12,20,16,34,29,41,54,32,16,62,19,52,9,20,12,6,27,20,14,14,14,6
S. Cibois,Sébastien Cibois,3/2/1998,21,193.04,82.1,GK,France,62,79,550000,5000,Right,1,3,1,Normal,1400000,,,,,11,8,10,28,9,11,14,10,23,25,36,30,32,55,54,19,59,28,65,10,20,15,10,30,15,48,8,11,10
Kim Kyung Jung,김경중 金京中,4/16/1991,27,152.4,71.2,"LW,LM",Korea Republic,62,62,325000,1000,Right,1,3,2,Lean,,,,,,62,55,39,61,42,61,47,35,37,62,80,80,71,61,71,48,46,65,45,33,23,30,62,63,53,54,12,22,17
B. Castrillon,Bryan Castrillon,3/30/1999,19,170.18,63,"LW,RM",Colombia,62,80,650000,1000,Right,1,2,3,Lean,1300000,,,,,55,60,40,58,45,66,46,36,50,63,78,75,76,52,68,60,55,70,50,48,50,36,62,53,60,52,44,42,35
A. Bakayoko,Axel Mohamed Bakayoko,1/6/1998,21,152.4,68.9,"RW,RB",France,62,75,575000,7000,Right,1,3,3,Normal,,,,,,62,50,50,62,52,70,68,61,58,70,73,74,71,52,66,68,57,55,45,45,43,45,48,52,64,52,57,58,53
A. Taylor-Sinclair,Aaron Taylor-Sinclair,4/8/1991,27,187.96,82.1,"LB,CB",Scotland,62,63,280000,1000,Left,1,3,2,Lean,,,,,,55,26,54,52,25,60,57,58,47,55,73,78,77,62,67,59,74,78,68,30,65,58,49,50,40,61,56,60,57
B. Fofana,Boubacar Fofana,9/7/1998,20,175.26,69.9,LM,France,62,80,650000,1000,Right,1,4,3,Lean,1500000,,,,,55,57,45,58,52,70,53,63,39,67,78,77,76,57,78,65,48,51,52,54,40,22,55,51,58,58,28,26,37
Lee Min Gi,이민기 李敏基,5/19/1993,25,175.26,71.2,LB,Korea Republic,62,66,325000,1000,Left,1,4,2,Lean,431000,,,,,54,26,43,60,23,58,42,42,56,59,73,75,69,59,60,34,60,80,58,28,49,59,40,46,38,65,53,61,60
O. Marrufo,Omar Marrufo,7/2/1992,26,170.18,68,ST,Mexico,62,65,375000,2000,Right,1,3,2,Lean,647000,,,,,56,58,64,62,51,62,57,54,55,66,76,76,84,48,78,63,50,67,56,52,53,29,57,55,54,62,25,50,57
A. Al Ammar,Abdullah Al Ammar,3/1/1994,25,152.4,72.1,"LB,LM",Saudi Arabia,62,68,350000,5000,Left,1,4,2,Lean,665000,,,,,63,59,51,66,42,61,53,43,62,64,73,74,69,60,78,59,66,73,64,49,45,51,67,57,43,56,56,62,54
Jwa Joon Hyeop,좌준협 左峻协,5/7/1991,27,152.4,72.1,CM,Korea Republic,62,62,300000,1000,Right,1,3,2,Normal,375000,,,,,45,36,67,65,60,59,51,55,63,59,64,50,76,58,68,60,80,87,79,62,64,63,22,70,59,63,50,51,47
Y. Ammour,Yanis Ammour,5/21/1999,19,182.88,69.9,ST,France,62,77,650000,2000,Left,1,3,2,Lean,1600000,,,,,40,67,68,54,41,61,39,39,32,54,76,79,72,59,67,57,67,51,67,60,32,14,52,51,68,46,30,13,15
C. Mamengi,Christopher Mamengi,4/3/2001,17,152.4,83,"CB,LB",Netherlands,62,79,550000,1000,Left,1,3,2,Normal,1200000,,,,,42,28,58,50,38,47,47,28,53,56,74,75,65,53,70,55,82,61,68,30,68,58,33,38,39,59,63,60,62
A. Jafar,Abdulwahab Jafar,9/15/1993,25,165.1,62.1,"RM,CM",Saudi Arabia,62,65,375000,2000,Right,1,3,3,Normal,647000,,,,,61,52,41,53,48,65,51,45,54,64,87,81,80,58,77,60,40,47,64,56,47,53,60,47,46,50,44,48,45
J. Rebolledo,Jonathan Rebolledo,10/22/1991,27,170.18,68,"RM,RB",Chile,62,62,325000,1000,Left,1,3,2,Lean,439000,,,,,61,38,46,65,44,49,47,58,62,61,75,76,78,51,64,46,58,75,58,61,58,50,70,62,43,54,58,42,61
A. Pelvas,Akseli Pelvas,2/8/1989,30,154.94,77.1,"ST,LW,RW,LM",Finland,62,62,300000,1000,Left,1,3,2,Normal,645000,Finland,70,SUB,9,52,63,41,54,60,61,55,47,45,60,73,77,66,60,64,68,55,71,57,65,36,18,64,52,62,58,59,21,16
M. Makasi,Moses Makasi,9/22/1995,23,154.94,72.1,"CM,CDM",England,62,69,425000,10000,Right,1,3,2,Lean,,,,,,50,52,57,65,46,61,49,43,58,63,70,72,61,63,60,60,58,79,70,48,68,55,55,57,49,50,56,60,54
G. Byers,George Byers,5/29/1996,22,154.94,73,CM,Scotland,62,70,450000,4000,Right,1,4,2,Normal,945000,,,,,11,45,41,70,45,61,59,56,66,65,62,65,58,63,69,58,57,62,64,42,40,43,47,61,53,60,43,53,54
L. Rodríguez,Luis Ángel Rodríguez Ayazo,2/15/1995,24,182.88,69.9,CB,Colombia,62,68,350000,1000,Right,1,2,2,Normal,543000,,,,,26,19,61,45,29,40,21,29,33,42,64,63,45,53,63,34,71,67,69,16,61,62,21,31,32,48,64,62,58
Sun Shilin,孙世林,10/24/1988,30,152.4,72.1,"CDM,CM,RB",China PR,62,62,240000,3000,Right,1,3,2,Lean,516000,,,,,42,34,53,57,35,59,48,46,58,56,71,70,73,55,76,67,61,85,60,62,74,61,52,43,34,45,55,66,60
C. Operi,Christopher Operi,4/29/1997,21,182.88,78.9,"LWB,LB",Ivory Coast,62,75,525000,1000,Left,1,3,3,Normal,1200000,,,,,63,41,57,64,51,67,52,40,58,67,73,75,62,61,63,64,36,58,62,58,56,51,48,57,60,57,52,60,59
J. Coppens,Jo Coppens,12/21/1990,28,190.5,79.8,GK,Belgium,62,64,250000,1000,Left,1,3,1,Normal,381000,,,,,10,11,11,25,20,17,16,11,21,24,43,42,38,55,47,34,63,33,62,17,24,15,9,20,36,25,12,13,12
B. Šerbečić,Besim Šerbečić,5/1/1998,20,193.04,79.8,CB,Bosnia Herzegovina,62,73,450000,1000,Right,1,2,2,Lean,675000,,,,,27,20,57,56,30,44,23,25,52,46,64,63,37,53,36,33,68,63,79,23,52,59,25,28,35,46,64,64,60
W. Miller,Will Miller,6/8/1996,22,167.64,66.2,"LM,ST,RM",England,62,69,425000,2000,Right,1,2,2,Normal,829000,,,,,48,58,51,64,45,61,44,46,62,59,74,71,61,61,75,63,56,63,55,48,48,48,58,54,53,48,50,53,52
D. Foulon,Daam Foulon,3/23/1999,19,154.94,78,"LB,LM",Belgium,62,74,450000,1000,Left,1,3,2,Normal,743000,,,,,65,23,49,60,24,62,60,62,62,62,75,75,70,52,71,42,72,65,63,36,65,55,52,55,34,47,57,61,63
J. Kade,Julius Kade,5/20/1999,19,154.94,67.1,"CAM,LB",Germany,62,79,650000,2000,Left,1,2,3,Lean,1500000,,,,,49,56,49,67,49,65,58,45,57,68,70,67,76,47,73,45,59,39,30,51,38,48,49,61,45,51,68,68,58
H. Belal,Hatim Belal,1/30/1994,25,185.42,73.9,"CDM,CB",Saudi Arabia,62,66,325000,3000,Right,1,3,2,Lean,,,,,,44,34,55,61,36,50,29,28,54,58,52,52,48,56,70,51,74,71,70,55,67,62,37,52,37,50,60,62,57
Pedro Pelágio,Pedro Henrique Rocha Pelágio,4/21/2000,18,154.94,64.9,CM,Portugal,62,75,525000,1000,Right,1,3,2,Lean,1400000,,,,,58,47,44,65,53,61,52,50,62,64,62,63,59,60,64,70,71,60,51,56,56,50,57,62,57,61,49,53,50
G. Mainero,Guido Mainero,3/23/1995,23,152.4,66.2,"RW,RM",Argentina,62,70,450000,3000,Right,1,3,3,Lean,765000,,,,,58,57,44,60,54,66,52,45,55,64,81,81,71,50,67,64,49,76,66,43,47,40,56,47,59,56,35,46,40
D. Mazzocco,Davide Mazzocco,10/6/1995,23,185.42,81.2,"CM,CDM",Italy,62,67,400000,1000,Right,1,3,2,Normal,650000,,,,,54,49,63,68,57,59,60,59,64,66,67,64,60,58,61,64,50,58,60,55,61,58,50,60,51,59,59,59,50
Kim Do Hyung,김도형 金道亨,10/6/1990,28,154.94,69.9,RM,Korea Republic,62,62,325000,2000,Right,1,3,2,Normal,406000,,,,,58,63,47,52,45,63,39,33,43,64,81,78,71,55,68,58,71,65,61,54,30,11,63,47,59,42,26,12,14
D. Wright,Drey Jermaine Wright,4/30/1995,23,175.26,68.9,"RM,ST",England,62,69,425000,1000,Right,1,4,3,Normal,829000,,,,,58,55,42,57,56,65,52,56,52,60,77,77,82,48,73,57,74,77,74,59,41,51,58,50,54,55,51,54,51
C. Raglan,Charlie Raglan,4/28/1993,25,185.42,74.8,"CB,RB",England,62,64,300000,2000,Right,1,3,2,Normal,,,,,,26,29,63,48,30,39,25,27,55,42,69,67,41,51,58,45,82,69,78,27,85,57,30,37,36,57,49,59,61
Du Zhenyu,杜震宇,2/1/1983,36,175.26,69.9,"LM,CM",China PR,62,62,130000,2000,Left,1,2,3,Stocky,280000,,,,,65,60,52,65,58,63,67,70,64,63,58,38,41,64,73,63,79,37,55,59,67,50,64,67,62,66,21,62,53
M. Ofkir,Mohamed Ofkir,8/4/1996,22,152.4,71.2,"RM,LM",Norway,62,70,450000,1000,Right,1,3,3,Lean,653000,,,,,52,52,33,56,47,68,46,38,42,62,85,83,80,60,73,63,45,60,45,63,39,22,52,59,43,57,35,28,32
M. Kühne,Matthias Kühne,9/27/1987,31,152.4,78,"RB,CB",Germany,62,62,220000,1000,Right,1,3,2,Normal,319000,,,,,55,28,51,57,21,54,35,29,53,61,62,65,70,58,70,48,77,66,65,31,64,60,43,42,36,61,65,64,64
F. Báez,Francisco Báez,8/11/1991,27,154.94,73.9,CB,Paraguay,62,64,300000,1000,Right,1,3,2,Normal,428000,,,,,29,25,57,59,23,30,26,21,28,58,64,63,52,58,62,38,68,65,55,22,58,62,30,39,40,57,59,66,63
Kike,Enrique Gómez Hermoso,8/10/1999,19,190.5,76.2,"CB,CDM",Spain,62,72,400000,1000,Right,1,2,2,Lean,960000,,,,,29,21,62,40,33,33,35,33,35,52,67,54,44,51,46,42,76,53,69,30,53,60,33,37,46,48,66,66,64
J. Clisby,Jack Clisby,2/16/1992,27,154.94,72.1,"LWB,LB",Australia,62,63,290000,1000,Left,1,3,2,Lean,384000,,,,,52,45,54,64,27,53,31,50,56,51,64,70,69,62,67,55,64,70,75,41,90,65,53,56,51,53,60,62,58
Ko Kyung Min,고경민 柯京闽,4/11/1987,31,152.4,71.2,ST,Korea Republic,62,62,270000,2000,Right,1,2,3,Normal,338000,,,,,57,61,58,58,52,66,50,48,52,64,65,63,82,55,67,64,59,72,60,55,48,43,61,50,55,72,48,55,52
M. O'Brien,Mark O'Brien,11/20/1992,26,154.94,77.1,CB,Republic of Ireland,62,63,300000,2000,Right,1,2,2,Normal,548000,,,,,36,35,59,50,25,40,37,31,48,41,58,46,64,63,70,50,72,73,72,32,79,69,42,38,29,60,57,56,58
J. Segre,Jacopo Segre,2/17/1997,22,185.42,74.8,CM,Italy,62,71,475000,5000,Right,1,3,2,Normal,,,,,,47,54,57,68,57,62,47,42,65,64,61,62,55,58,58,64,56,61,57,56,64,44,66,51,52,47,46,57,63
A. Lotti,Augusto Lotti,6/10/1996,22,152.4,69.9,ST,Argentina,62,71,475000,3000,Right,1,3,2,Lean,,,,,,40,64,59,57,50,67,49,34,33,59,70,79,68,55,68,58,58,65,55,64,29,19,54,49,66,56,19,16,21
Longchang Lin,林隆昌,2/24/1990,29,187.96,82.1,CB,China PR,62,62,250000,3000,Right,1,2,2,Normal,538000,,,,,29,23,64,34,29,28,34,27,43,42,34,58,72,61,36,41,67,59,89,41,61,53,34,26,38,55,55,66,62
A. Leitch-Smith,Ajay Leitch-Smith,3/6/1990,29,172.72,74.8,"ST,CAM",England,62,62,325000,2000,Right,1,3,2,Lean,569000,,,,,49,61,57,55,51,57,55,24,48,60,74,73,71,60,72,58,79,73,62,56,49,27,67,58,51,61,44,30,26
D. Grubb,Dayle Grubb,7/24/1991,27,182.88,82.1,"RM,LM,CAM",England,62,62,325000,3000,Right,1,3,3,Normal,569000,,,,,65,58,34,57,40,63,60,63,53,61,70,71,67,45,62,58,55,73,64,60,38,20,57,56,59,60,23,21,20
B. Kraev,Bozhidar Kraev,6/23/1997,21,185.42,69.9,"CM,ST,RW",Bulgaria,62,72,475000,3000,Right,1,3,3,Lean,713000,Bulgaria,67,CAM,12,49,61,56,66,44,65,45,42,63,67,69,64,72,61,64,67,55,60,49,63,44,35,65,58,41,58,42,41,39
L. Jackson,Lachlan Jackson,3/12/1995,23,193.04,83,"CB,LB",Australia,62,66,325000,1000,Left,1,3,2,Normal,431000,,,,,37,21,63,44,21,40,26,23,39,45,57,62,42,47,39,35,83,66,87,25,54,52,21,28,36,53,61,62,60
D. Duarte,Daniel Duarte Romero,5/24/1985,33,154.94,72.1,"CDM,CB,CM",Mexico,62,62,120000,1000,Right,1,3,2,Normal,162000,,,,,46,37,59,60,37,38,43,48,58,59,64,67,63,70,53,35,60,58,68,30,60,62,42,54,55,50,65,60,58
A. Falch,Aslak Falch,5/25/1992,26,185.42,81.2,GK,Norway,62,65,260000,1000,Left,1,3,1,Normal,345000,,,,,16,10,11,35,10,15,13,14,33,30,31,42,57,57,60,35,63,37,66,12,38,23,16,28,23,55,9,10,10
Feng Zhuoyi,冯卓毅,6/18/1989,29,182.88,74.8,CM,China PR,62,62,290000,3000,Right,1,3,2,Normal,624000,,,,,49,48,54,58,39,63,55,59,52,62,58,67,66,65,64,43,58,76,79,49,69,63,61,65,47,61,59,65,60
M. Bottani,Alessio Bottani,5/24/1991,27,170.18,63,"ST,LW,CAM",Switzerland,62,63,350000,2000,Right,1,3,3,Lean,534000,,,,,41,57,35,56,42,70,53,42,46,69,80,89,72,61,85,63,58,80,43,58,42,40,66,41,62,55,35,41,36
T. Broadbent,Tom Broadbent,2/15/1992,27,190.5,89.8,CB,England,62,62,260000,3000,Left,1,3,2,Stocky,455000,,,,,39,37,64,54,29,42,46,54,53,51,61,56,63,50,51,51,71,83,85,53,73,56,30,44,39,42,48,62,59
G. Wojtkowiak,Grzegorz Wojtkowiak,1/26/1984,35,182.88,74.8,"RB,CB",Poland,62,62,90000,2000,Right,1,4,2,Normal,122000,,,,,53,35,65,63,34,52,50,42,54,59,59,57,63,63,53,42,64,66,68,55,58,65,37,43,50,61,59,63,59
S. Kavanagh,Sean Kavanagh,1/20/1994,25,175.26,62.1,"LB,LM,CM",Republic of Ireland,62,66,325000,1000,Left,1,3,3,Lean,528000,,,,,61,58,54,60,33,64,42,55,62,63,69,71,77,61,70,56,76,68,55,53,60,52,57,48,52,56,59,60,60
Zhang Chiming,张池明,1/7/1989,30,154.94,74.8,"RM,LM,RW",China PR,62,62,300000,3000,Right,1,3,3,Lean,645000,,,,,53,56,53,56,58,66,48,49,50,60,75,72,70,60,63,58,63,68,65,60,68,52,62,59,33,60,58,43,42
Dani Reina,Daniel Reina Ávila,4/10/1999,19,175.26,63,RB,Spain,62,77,575000,1000,Right,1,3,3,Normal,1300000,,,,,61,34,60,58,31,62,43,42,42,52,67,65,57,60,75,52,60,64,55,25,59,59,50,38,45,42,54,65,64
F. Baak,Florian Baak,3/18/1999,19,185.42,74.8,CB,Germany,62,73,450000,2000,Right,1,3,2,Normal,855000,,,,,32,29,62,52,24,41,30,24,44,45,53,51,55,55,62,57,72,50,75,21,68,54,26,42,35,52,58,63,59
S. Rasswalder,Siegfried Rasswalder,5/13/1987,31,175.26,67.1,"LB,LM",Austria,62,62,200000,2000,Left,1,3,2,Normal,290000,,,,,56,50,51,64,41,57,33,41,61,62,66,63,43,62,51,61,57,72,60,57,65,58,46,54,61,53,61,61,56
Tiagildo Serra,Tiago Jessé Serra da Silveira,2/29/1988,31,175.26,69.9,"ST,LW",Brazil,62,62,290000,3000,Left,1,3,3,Normal,551000,,,,,55,59,55,45,55,65,57,56,51,70,57,61,53,69,72,63,58,67,50,55,25,22,67,75,68,61,30,23,25
L. D'Ath,Lawson D'Ath,12/24/1992,26,175.26,77.1,"RM,LM,CM",England,62,63,350000,3000,Right,1,3,2,Normal,639000,,,,,60,57,45,61,52,60,57,35,58,61,72,68,79,55,77,53,64,80,59,58,40,50,56,52,49,54,37,48,43
S. Nakahara,中原 彰吾,5/19/1994,24,152.4,68,CM,Japan,62,66,400000,1000,Right,1,3,2,Normal,530000,,,,,62,53,45,67,32,65,42,48,58,61,73,75,56,63,72,53,43,73,60,50,41,51,61,61,51,51,44,50,32
K. Yamamoto,山本 康裕,10/29/1989,29,152.4,78.9,"CM,CDM,RB",Japan,62,62,300000,1000,Right,1,3,3,Normal,375000,,,,,59,40,44,65,45,67,56,53,63,65,68,73,71,59,60,52,66,65,79,59,44,45,49,62,52,65,56,59,56
R. Delaney,Ryan Delaney,9/6/1996,22,187.96,72.1,CB,Republic of Ireland,62,72,425000,1000,Left,1,2,2,Lean,829000,,,,,32,32,64,53,25,45,36,28,48,51,62,63,58,58,64,23,68,71,74,18,63,56,35,36,38,56,56,64,60
A. Collin,Adam Collin,12/9/1984,34,190.5,78,GK,England,62,62,150000,2000,Right,1,2,1,Normal,263000,,,,,21,15,23,26,19,14,15,23,37,19,33,29,43,61,48,23,54,27,63,19,33,18,10,44,22,61,20,21,21
O. Malik,Osama Malik,9/30/1990,28,185.42,74.8,"CDM,CB",Australia,62,62,260000,3000,Right,1,3,2,Normal,429000,,,,,50,33,60,61,44,55,36,32,62,57,65,66,67,60,59,39,72,67,70,38,73,62,45,57,46,59,58,60,60
T. David,Trevor David,1/28/1997,22,154.94,69.9,RB,Netherlands,62,68,350000,1000,Right,1,2,3,Normal,595000,,,,,52,27,39,55,31,61,39,34,45,58,73,75,63,65,75,32,64,50,55,30,68,68,44,40,35,51,54,67,62
A. Bray,Alexander Bray,7/25/1995,23,152.4,66.2,RM,England,62,68,425000,5000,Right,1,3,3,Lean,871000,,,,,61,59,26,57,35,64,37,41,46,59,77,75,79,48,75,62,51,78,56,48,35,31,64,50,50,49,27,28,30
Luo Xin,罗歆,2/7/1990,29,182.88,74.8,CB,China PR,62,63,280000,2000,Right,1,2,2,Normal,623000,,,,,37,53,63,57,44,59,33,35,54,57,57,63,75,54,64,42,71,68,66,43,63,58,60,60,40,55,59,64,61
Antón,Antón Escobar Tapiias,6/16/1998,20,185.42,74.8,ST,Spain,62,73,525000,2000,Right,1,3,2,Lean,945000,,,,,34,62,63,55,56,60,48,37,39,59,65,67,50,60,58,66,68,75,59,58,38,12,61,57,76,60,14,18,22
Y. Fekir,Yassin Fekir,5/5/1997,21,170.18,64.9,"LW,RW",France,62,74,550000,7000,Right,1,3,3,Normal,1200000,,,,,60,57,47,58,56,69,53,59,52,66,74,74,78,51,77,62,50,54,51,46,56,20,54,54,58,60,27,34,34
W. Al Anazi,Waleed Hezam Al Anazi,12/19/1994,24,167.64,68,"CM,CDM",Saudi Arabia,62,69,425000,5000,Right,1,3,2,Lean,808000,,,,,57,53,44,65,37,61,54,59,62,60,60,66,74,56,72,58,64,77,60,61,65,57,58,60,35,53,52,57,56
F. Stritzel,Florian Stritzel,1/31/1994,25,198.12,92.1,GK,Germany,62,66,280000,2000,Right,1,3,1,Normal,469000,,,,,8,9,14,22,8,10,12,14,16,12,32,36,31,56,28,16,45,27,71,10,22,10,10,24,16,29,10,13,12
R. Griffiths,Reo Griffiths,6/27/2000,18,154.94,76.2,ST,England,62,84,700000,5000,Right,1,3,3,Stocky,2000000,,,,,37,65,64,52,50,51,41,40,37,53,68,69,53,58,59,58,61,48,74,58,51,19,63,49,65,57,22,22,18
J. Delem,Jordi Jose Delem,3/18/1993,25,154.94,71.2,"CDM,RB",France,62,66,325000,1000,Right,1,3,2,Lean,512000,,,,,56,48,62,62,45,60,35,39,59,61,69,76,66,62,69,55,81,72,67,48,68,62,52,52,41,55,58,58,57
M. Al Enazi,Muhanna Al Enazi,11/18/1983,35,160.02,59,"RB,RWB",Saudi Arabia,62,62,90000,3000,Right,1,4,2,Normal,149000,,,,,57,57,47,62,35,60,40,38,59,62,71,71,85,58,76,49,63,64,36,52,64,58,48,55,44,66,66,60,57
Y. Delfi,Younes Delfi,10/2/2000,18,182.88,73,"RW,LW,ST",Iran,62,77,600000,2000,Right,1,3,3,Normal,1300000,,,,,58,62,57,57,56,70,61,66,53,66,71,72,70,49,62,67,70,65,63,61,60,29,56,48,60,62,27,35,32
M. Thalhammer,Maximilian Thalhammer,7/10/1997,21,190.5,82.1,"CM,CDM",Germany,62,72,475000,3000,Right,1,3,2,Lean,,,,,,53,33,62,68,38,57,44,42,66,65,53,55,53,60,51,57,54,66,74,49,58,60,48,54,40,48,54,60,53
M. Degerlund,Marcus Degerlund,3/16/1998,20,195.58,87.1,CB,Sweden,62,69,375000,1000,Left,1,3,2,Lean,544000,,,,,41,17,60,56,29,38,21,28,58,46,61,66,40,57,43,33,53,67,75,21,51,60,32,43,32,56,58,65,62
H. White,Hayden White,4/15/1995,23,185.42,68,"RWB,RB",England,62,69,350000,3000,Right,1,3,3,Lean,683000,,,,,57,38,58,53,38,61,34,34,49,54,91,92,70,51,61,47,70,73,67,50,53,56,54,32,39,50,57,62,58
B. Garratt,Ben Garratt,4/25/1994,24,185.42,66.2,GK,England,62,69,325000,2000,Right,1,2,1,Lean,634000,,,,,12,12,14,21,15,11,13,15,20,22,51,48,56,50,58,21,59,30,49,13,39,15,12,49,18,49,10,15,11
W. Pawłowski,Wojciech Pawłowski,1/18/1993,26,190.5,79.8,GK,Poland,62,65,270000,1000,Right,1,3,1,Lean,385000,,,,,12,5,13,31,6,15,12,12,24,24,32,40,31,67,32,11,58,32,50,3,13,12,11,22,33,58,18,10,14
V. Emmersón,Vladis Emmersón,10/7/1995,23,195.58,84.8,CB,Congo,62,71,400000,2000,Right,1,2,2,Normal,580000,,,,,22,23,67,53,27,38,24,25,50,41,56,60,43,51,45,60,63,62,79,21,60,61,28,27,37,44,61,61,57
A. Dadakdeniz,Ataberk Dadakdeniz,8/5/1999,19,193.04,83.9,GK,Turkey,62,75,425000,1000,Right,1,3,1,Normal,1100000,,,,,10,9,13,22,9,13,10,11,17,19,32,28,44,54,42,24,38,25,60,6,21,13,6,34,17,39,7,11,11
Li Shuai,李帅,6/18/1995,23,152.4,69.9,LB,China PR,62,70,375000,2000,Right,1,3,2,Normal,881000,,,,,59,24,49,47,28,46,35,30,28,40,69,66,73,64,70,22,67,72,68,27,53,67,52,34,39,58,57,66,65
M. Pronichev,Maximilian Pronichev,11/17/1999,19,182.88,78,"CF,ST,RW",Russia,62,78,625000,3000,Right,1,4,2,Normal,,,,,,60,70,62,60,51,65,46,40,55,64,69,68,67,54,64,56,61,55,58,64,39,15,62,52,55,49,28,20,23
N. Díaz,Nicolás Díaz,5/20/1999,19,152.4,74.8,"CB,RB",Chile,62,73,450000,1000,Left,1,2,2,Lean,698000,,,,,23,16,62,64,26,59,23,24,60,58,65,66,62,57,67,35,72,77,65,23,57,56,63,49,30,50,58,63,61
A. Fontana,Anthony Fontana,10/14/1999,19,172.72,68,CAM,United States,62,74,500000,1000,Right,1,3,2,Lean,850000,,,,,51,54,55,62,53,60,63,56,57,61,74,73,70,57,77,65,60,66,56,55,58,50,58,61,59,62,38,47,47
J. Díaz,Jair Alberto Díaz Vázquez,8/21/1998,20,154.94,78,LB,Mexico,62,73,450000,3000,Left,1,3,2,Normal,810000,,,,,60,23,55,64,29,58,27,28,58,61,69,65,60,57,59,44,66,55,67,23,55,62,53,31,46,60,61,64,62
H. Al Habib,Hassan Jamal Al Habib,9/14/1994,24,182.88,81.2,"CM,CAM",Saudi Arabia,62,68,400000,4000,Right,1,3,2,Normal,740000,,,,,51,57,63,63,44,62,53,61,61,61,60,64,64,55,52,64,63,83,73,58,71,57,58,57,35,55,57,58,62
N. Rinderknecht,Nico Rinderknecht,10/11/1997,21,182.88,77.1,"CM,CDM",Germany,62,71,475000,3000,Right,1,3,2,Normal,855000,,,,,46,39,54,64,37,57,39,39,62,60,62,65,65,63,64,58,78,73,75,54,67,63,52,56,48,53,52,66,65
O. Shenton,Ollie Shenton,11/6/1997,21,175.26,77.1,"CM,CAM",England,62,76,650000,5000,Left,1,3,3,Normal,1600000,,,,,59,52,49,66,49,65,58,49,62,68,66,61,63,60,69,62,69,61,67,47,52,44,54,64,60,62,56,54,55
J. Anderson,Jermaine Anderson,5/16/1996,22,187.96,74.8,CM,England,62,70,450000,2000,Left,1,3,2,Lean,878000,,,,,46,53,31,64,44,61,43,42,61,63,74,71,85,62,63,53,70,72,55,58,44,37,56,63,43,55,40,59,58
C. Daniel,Colin Daniel,2/15/1988,31,154.94,73,LB,England,62,62,220000,2000,Left,1,2,2,Normal,385000,,,,,61,54,48,62,55,64,53,54,52,61,79,78,78,52,64,70,80,75,83,54,49,54,54,49,52,47,58,58,56
D. Petrovic,Danijel Petrovic,11/27/1992,26,185.42,79.8,CB,Serbia,62,67,350000,3000,Right,1,3,2,Normal,534000,,,,,30,26,52,54,22,34,30,28,48,44,54,44,55,58,60,40,74,62,73,26,66,62,22,36,34,43,62,62,65
A. Startsev,Andrej Startsev,6/7/1994,24,175.26,72.1,RB,Kazakhstan,62,65,325000,1000,Right,1,3,2,Normal,496000,,,,,58,39,38,51,39,56,45,33,49,56,80,85,81,52,82,47,81,81,61,35,68,54,48,48,39,56,57,61,59
N. Stierlin,Niclas Stierlin,1/22/2000,19,182.88,74.8,"CDM,CB",Germany,62,76,575000,3000,Right,1,3,2,Normal,1300000,,,,,50,53,58,65,41,51,36,32,57,61,55,63,55,58,66,65,60,66,67,62,66,58,42,59,34,58,55,68,59
J. Odgaard,Jens Odgaard,3/31/1999,19,187.96,79.8,"ST,RM",Denmark,62,80,650000,4000,Left,1,3,3,Normal,1600000,,,,,42,59,54,56,44,63,49,34,38,65,68,66,64,56,73,64,60,40,67,55,39,22,63,54,59,64,55,31,22
K. Fukai,深井 一希,3/11/1995,23,152.4,72.1,"CM,CDM",Japan,62,68,400000,1000,Right,1,4,3,Normal,580000,,,,,63,40,46,69,33,66,49,39,62,68,61,59,52,64,69,56,63,63,68,46,62,52,46,51,40,57,59,61,55
F. Barceló,Facundo Barceló,3/31/1993,25,175.26,78,ST,Uruguay,62,67,400000,4000,Right,1,3,2,Normal,710000,,,,,39,68,64,47,50,56,41,38,35,63,71,73,73,50,73,64,84,34,61,53,27,19,58,45,59,52,23,21,22
Hwang ByeongGeun,황병근 黄秉根,6/14/1994,24,193.04,93,GK,Korea Republic,62,69,325000,1000,Right,1,2,1,Normal,488000,,,,,12,16,18,24,20,13,16,17,24,17,26,26,30,61,36,25,59,19,68,12,20,19,16,45,18,27,25,18,20
B. Comley,Brandon Comley,11/18/1995,23,154.94,72.1,"CM,CDM",Montserrat,62,70,450000,3000,Right,1,3,2,Lean,878000,,,,,55,40,56,63,44,58,58,56,61,61,73,69,68,62,69,60,70,81,71,48,62,64,54,57,48,63,62,64,62
C. Arano,Cristian Arano,2/23/1995,24,187.96,69.9,CM,Bolivia,62,68,,,Right,1,3,2,Normal,,,,,,45,48,55,68,33,60,37,32,62,65,63,65,61,60,57,50,63,68,55,41,57,67,50,51,42,58,65,66,64
J. Brandon,Jamie Brandon,2/5/1998,21,175.26,69.9,"RB,RM,LB,RWB",Scotland,62,75,525000,1000,Right,1,3,2,Lean,1200000,,,,,66,38,52,63,46,65,50,41,59,63,84,80,70,56,71,60,59,59,62,34,61,53,61,49,50,45,52,60,57
D. Hernández,Diego Hernández,8/13/1999,19,172.72,79.8,LW,Mexico,62,74,500000,3000,Left,1,3,3,Lean,950000,,,,,58,66,47,60,58,70,52,40,55,67,72,68,65,50,62,68,48,46,61,50,31,24,56,49,61,53,25,33,27
K. Mawatari,馬渡 和彰,6/23/1991,27,175.26,69.9,"RB,LB",Japan,62,63,280000,2000,Right,1,3,2,Lean,385000,,,,,61,36,45,59,56,61,58,40,63,60,68,65,60,60,70,57,58,64,56,49,61,59,43,44,41,50,63,63,59
A. Dávila,Fabián Agustín Dávila Silva,2/20/1999,20,152.4,72.1,ST,Uruguay,62,76,650000,3000,Left,1,3,2,Normal,1800000,,,,,32,73,67,54,57,57,40,35,33,59,52,46,55,53,70,58,69,44,53,69,32,12,60,40,56,48,25,12,15
M. Rodriguez,Memo Rodriguez,12/27/1995,23,172.72,64.9,"LW,CM",United States,62,71,475000,1000,Right,1,3,3,Normal,808000,,,,,65,51,53,65,46,64,65,33,55,64,64,59,79,55,82,69,69,52,48,66,51,38,55,63,38,60,31,41,44
B. Kukeli,Burim Kukeli,1/16/1984,35,154.94,72.1,"CM,CDM",Albania,62,62,150000,5000,Left,1,3,2,Normal,218000,,,,,57,42,57,65,48,51,48,53,59,58,39,53,70,60,68,64,68,79,66,48,66,64,60,62,55,65,60,64,59
I. Lučić,Ivan Lučić,3/23/1995,23,193.04,98,GK,Austria,62,69,325000,2000,Right,1,3,1,Normal,536000,,,,,13,8,14,30,18,10,15,22,25,25,38,41,33,63,42,22,51,21,78,14,19,18,5,35,24,34,11,13,19
J. Vagnoman,Josha Mamadou Karaboue Vagnomann,12/11/2000,18,187.96,86.2,"LB,RB",Germany,62,84,600000,1000,Right,1,4,2,Normal,1600000,,,,,57,30,38,64,25,64,39,25,39,61,80,85,69,58,68,31,56,72,73,28,56,54,36,36,32,50,55,58,54
F. Rodríguez,Francisco Rodríguez,9/14/1995,23,152.4,78,"CAM,RM,LM",Switzerland,62,69,425000,2000,Right,1,4,3,Normal,701000,,,,,61,60,48,62,54,65,62,56,61,65,68,68,68,58,68,63,60,67,48,60,55,40,47,61,48,50,40,25,25
Marc Vales,Marc Vales Gonzalez,4/4/1990,28,182.88,78.9,"CB,CDM,RB",Andorra,62,64,290000,1000,Right,1,3,2,Normal,384000,,,,,53,28,70,49,41,50,37,29,58,54,57,71,47,56,53,58,73,64,75,32,69,55,37,48,34,50,54,56,67
V. Leikvoll Moberg,Vegard  Leikvoll Moberg,1/23/1991,28,190.5,84.8,"CM,CDM",Norway,62,62,300000,1000,Right,1,3,2,Normal,375000,,,,,47,48,70,62,38,58,37,35,61,60,65,63,55,64,53,70,71,86,82,54,73,62,54,57,45,56,58,60,55
C. Woodman,Craig Alan Woodman,12/22/1982,36,175.26,68,LB,England,62,62,70000,2000,Left,1,3,2,Normal,123000,,,,,60,34,56,60,51,57,59,58,58,59,61,57,63,61,70,57,75,73,66,50,63,59,55,59,40,62,60,61,59
S. Ohlsson,Sebastian Ohlsson,12/31/1992,26,185.42,78,"CDM,CM",Sweden,62,67,350000,1000,Right,1,2,2,Lean,464000,,,,,57,45,42,68,54,56,61,48,68,63,60,55,58,53,65,61,54,72,68,62,50,54,51,58,52,60,54,61,53
E. Seidou,Edson Seidou,10/6/1991,27,182.88,87.1,LB,France,62,63,290000,1000,Left,1,3,2,Stocky,529000,,,,,62,49,53,63,47,63,44,48,61,62,69,67,70,51,59,65,64,80,75,43,62,52,54,53,49,52,56,64,59
D. Cardozo,Diego Daniel Cardozo,6/2/1987,31,170.18,66.2,"RM,LM",Argentina,62,62,270000,3000,Left,1,3,2,Normal,392000,,,,,53,60,58,59,54,64,45,51,43,62,76,73,78,57,78,62,59,61,63,62,41,60,65,49,43,52,29,14,12
M. Biamou,Maxime Biamou,11/13/1990,28,185.42,83,ST,France,62,62,325000,2000,Right,1,2,2,Normal,569000,,,,,34,63,67,38,49,58,26,21,30,59,77,77,63,43,55,62,82,67,75,42,68,20,64,55,58,55,26,25,23
E. Riis Jakobsen,Emil Riis Jakobsen,6/24/1998,20,190.5,83.9,ST,Denmark,62,72,500000,2000,Right,1,3,2,Normal,725000,,,,,32,61,65,51,42,58,37,31,30,61,66,69,58,53,53,63,53,59,67,58,46,12,63,48,59,58,19,14,15
Prendes,Alejandro Prendes Reina,4/12/1997,21,187.96,74.8,CB,Spain,62,72,425000,1000,Right,1,3,2,Lean,765000,,,,,30,24,61,43,22,35,31,26,38,35,68,68,67,56,54,54,68,56,70,25,67,61,28,35,33,53,59,63,62
M. Cassara,Maxime Cassara,8/21/1991,27,190.5,91.2,GK,France,62,65,260000,1000,Right,1,3,1,Normal,475000,,,,,13,8,13,18,8,6,14,13,22,12,35,34,34,45,25,23,75,32,74,9,21,13,7,29,12,36,10,13,10
P. Anderson,Paul Anderson,7/23/1988,30,175.26,64.9,"RM,RB",England,62,62,300000,2000,Right,1,3,2,Lean,525000,,,,,62,56,55,60,49,60,59,61,57,61,72,71,73,59,66,57,72,65,65,57,61,57,59,58,52,58,56,58,56
G. Jones,Gethin Jones,10/13/1995,23,152.4,73.9,"RWB,LWB",Wales,62,69,350000,2000,Right,1,2,2,Normal,,,,,,57,42,59,59,42,57,51,44,57,61,80,73,67,61,62,56,62,67,64,44,74,57,41,49,46,54,56,63,60
D. Wilson,Donovan Wilson,3/14/1997,21,182.88,76.2,ST,England,62,72,500000,8000,Left,1,3,2,Normal,,,,,,45,59,56,50,51,60,44,33,44,61,77,77,72,52,62,68,65,68,69,55,35,16,60,47,57,50,18,20,14
C. Ogilvie,Connor Ogilvie,2/14/1996,23,182.88,82.1,"LB,LWB",England,62,71,400000,9000,Left,1,2,2,Normal,,,,,,58,32,58,54,30,55,49,58,43,58,65,69,61,49,63,40,74,69,67,37,43,61,50,42,42,46,65,65,62
M. Dolan,Matthew Dolan,2/11/1993,26,175.26,69.9,CM,England,62,64,375000,2000,Left,1,2,2,Normal,684000,,,,,59,54,46,64,46,62,70,56,59,63,66,66,75,57,79,66,72,75,70,62,54,43,55,65,45,68,55,50,42
Yu Dabao,于大宝,4/18/1988,30,182.88,78,CB,China PR,62,62,230000,3000,Right,2,3,2,Normal,495000,,,,,53,51,65,62,60,57,55,56,54,63,75,69,67,67,69,68,75,69,80,56,74,47,66,63,63,68,58,58,42
M. Hjulmand,Morten Hjulmand,6/25/1999,19,185.42,78,CM,Denmark,62,73,500000,1000,Right,1,3,2,Lean,825000,,,,,46,43,53,65,41,59,39,45,61,63,63,61,66,62,64,59,60,67,66,47,59,54,51,63,44,44,52,59,56
Fran Serrano,Francisco José Serrano Santos,4/20/1995,23,193.04,84.8,CB,Spain,62,69,375000,1000,Right,1,3,2,Normal,675000,,,,,31,27,63,46,32,37,29,34,41,48,53,43,32,54,38,48,81,64,74,28,68,55,34,29,48,53,55,67,64
T. Söderström,Tim Söderström,1/4/1994,25,187.96,76.2,CM,Sweden,62,67,400000,1000,Right,1,3,2,Lean,530000,,,,,52,55,50,62,49,63,53,45,59,61,89,84,64,56,66,60,60,65,68,62,58,57,61,62,41,64,58,57,56
J. Cejas,Juan Bautista Cejas,3/6/1998,21,175.26,69.9,"CAM,RM",Argentina,62,76,675000,2000,Right,1,3,2,Lean,1400000,,,,,52,57,61,62,45,61,46,46,62,58,70,74,72,55,76,61,56,48,63,51,56,45,58,63,54,43,61,43,48
J. Kotzke,Jonatan Kotzke,3/18/1990,28,182.88,74.8,"CDM,CB",Germany,62,62,250000,4000,Right,1,3,2,Normal,400000,,,,,53,37,61,58,42,47,48,50,52,59,64,67,66,62,68,53,62,73,72,51,69,59,39,57,64,59,62,63,58
J. Shackleton,Jamie Shackleton,10/8/1999,19,170.18,64.9,"RB,CM",England,62,79,550000,3000,Right,1,2,2,Lean,1400000,,,,,57,37,41,62,31,65,46,38,59,60,83,78,78,52,85,44,60,73,52,42,75,58,56,56,36,60,53,60,56
C. Alcock,Craig Alcock,12/8/1987,31,172.72,69.9,"RB,CB",England,62,62,220000,2000,Right,1,3,2,Normal,385000,,,,,60,28,58,55,22,51,35,21,52,53,63,65,70,64,75,46,78,75,76,40,62,60,57,40,37,55,59,61,60
Álex Blanco,Alejandro Blanco Sánchez,12/16/1998,20,175.26,69.9,"LM,RM",Spain,62,74,525000,3000,Left,1,4,2,Lean,,,,,,62,52,37,65,44,63,54,45,58,66,69,67,65,52,73,66,49,54,48,54,39,42,57,60,54,48,38,32,28
Ba Dun,巴顿,9/16/1995,23,154.94,72.1,"CAM,LM,RM,ST",China PR,62,69,425000,3000,Right,1,3,2,Normal,999000,,,,,55,57,52,59,38,61,48,34,54,63,75,77,76,65,71,58,58,65,50,44,63,48,56,62,47,54,37,56,57
G. Sandomierski,Grzegorz Sandomierski,9/5/1989,29,195.58,86.2,GK,Poland,62,62,210000,2000,Left,1,3,1,Lean,284000,,,,,23,12,16,51,12,21,14,35,43,28,45,44,52,60,58,21,60,42,72,13,23,22,13,46,17,57,18,18,13
R. Aït Nouri,Rayan Aït Nouri,6/6/2001,17,152.4,69.9,LB,France,62,81,525000,2000,Left,1,3,2,Lean,1400000,,,,,65,40,56,59,36,57,48,38,53,63,64,70,73,56,78,43,56,52,43,41,59,59,55,52,40,55,53,64,63
J. Dem,Jamil Dem,3/9/1993,25,182.88,72.1,"CDM,CB",Germany,62,65,325000,1000,Right,1,3,2,Lean,496000,,,,,35,42,66,63,36,49,39,31,59,53,75,74,75,59,73,50,90,70,72,40,71,60,40,47,37,57,60,64,65
M. Yamane,山根 視来,12/22/1993,25,152.4,68.9,"CB,CDM",Japan,62,68,350000,1000,Right,1,4,2,Normal,508000,,,,,40,34,60,67,36,46,35,38,58,55,73,78,58,63,66,49,69,71,65,38,56,59,53,53,42,47,59,64,58
T. Payne,Tim Payne,1/10/1994,25,152.4,78.9,"CDM,CM,CB",New Zealand,62,65,,,Right,1,3,2,Lean,,,,,,57,55,53,62,53,58,60,60,58,60,67,69,66,55,65,66,54,71,72,58,80,56,57,60,47,54,55,60,56
T. Sawada,泽田 崇,5/26/1991,27,170.18,63,"RW,CAM,LW",Japan,62,62,325000,1000,Right,1,3,2,Lean,406000,,,,,58,63,41,58,54,64,63,61,47,60,77,75,72,54,73,56,65,61,46,55,46,17,58,49,57,51,30,27,22
S. Barreto,Sergio Barreto,4/20/1999,19,182.88,78,CB,Argentina,62,77,600000,1000,Right,1,3,2,Normal,1200000,,,,,34,21,61,51,28,34,31,28,38,55,64,60,49,59,64,44,77,63,62,28,59,62,33,31,44,54,55,67,64
K. Lejeune,Kévin Lejeune,1/22/1985,34,154.94,81.2,"LB,LM",France,62,62,120000,1000,Left,1,2,3,Normal,210000,,,,,68,46,66,68,61,60,70,66,65,63,56,65,74,63,61,61,63,57,66,60,67,60,59,68,70,59,55,59,54
W. Piñones,Wilson Piñones,4/7/1988,30,175.26,69.9,"CDM,LB",Chile,62,62,230000,1000,Right,1,3,2,Normal,311000,,,,,57,34,53,69,45,54,47,39,63,51,60,55,53,62,68,55,70,69,61,45,66,54,56,48,49,48,65,63,61
T. Davies,Tom Davies,4/18/1992,26,185.42,69.9,CB,England,62,65,325000,2000,Right,1,2,2,Normal,593000,,,,,32,21,66,47,30,30,28,28,40,38,63,69,59,42,61,43,72,72,72,24,76,59,28,18,28,42,60,61,59
S. Sama,Stephen Sama,3/5/1993,26,187.96,87.1,CB,Germany,62,67,350000,1000,Right,1,3,2,Normal,534000,,,,,32,18,65,33,15,29,31,32,30,50,54,63,55,54,50,43,58,52,81,22,80,54,29,29,33,55,56,65,60
Fran Cruz,Francisco Pablo Cruz Torres,6/22/1991,27,182.88,73,"CB,CDM",Spain,62,62,260000,1000,Right,1,3,2,Normal,403000,,,,,33,28,62,63,33,40,42,40,60,58,51,61,65,59,63,57,77,75,76,35,70,60,36,47,38,58,52,58,59
K. Nakamura,中村 敬斗,7/28/2000,18,154.94,74.8,"RM,CAM",Japan,62,80,600000,1000,Right,1,3,4,Lean,1100000,,,,,45,57,43,50,47,73,69,59,43,67,75,75,72,61,63,55,63,66,68,43,41,31,55,54,54,64,21,36,30
A. Eisa,Abobaker Eisa,1/5/1997,22,154.94,74.8,LM,Sudan,62,74,550000,1000,Right,1,3,3,Lean,,,,,,58,57,44,54,52,66,54,40,48,57,92,91,89,46,87,60,69,65,64,59,40,23,55,49,48,59,23,31,32
S. Byrne,Shaun Byrne,6/9/1993,25,182.88,73.9,CM,Scotland,62,65,375000,1000,Right,1,3,2,Normal,684000,,,,,40,46,56,69,41,59,59,57,65,65,66,70,56,56,59,63,63,65,67,54,65,47,57,56,48,67,51,53,50
T. Fukumitsu,福満 隆貴,2/22/1992,27,170.18,63,"RM,LM,CF",Japan,62,62,325000,2000,Right,1,3,3,Normal,406000,,,,,65,43,37,68,36,64,46,38,62,58,59,62,66,59,74,23,47,59,53,55,51,45,57,66,49,60,46,55,47
I. Meslier,Illan Meslier,3/2/2000,19,195.58,73.9,GK,France,62,80,500000,1000,Right,1,2,1,Lean,1200000,,,,,14,9,10,33,5,17,12,10,38,21,21,33,24,55,25,34,42,29,49,5,27,19,8,44,11,50,13,15,17
L. McCormick,Luke McCormick,8/15/1983,35,182.88,88,GK,England,62,62,120000,2000,Right,1,4,1,Normal,210000,,,,,11,11,14,27,11,18,14,18,32,25,33,42,46,79,50,24,69,28,63,19,25,22,11,52,11,67,18,14,13
V. Vasic,Vaso Vasić,4/26/1990,28,185.42,79.8,GK,Serbia,62,64,250000,2000,Right,1,3,1,Normal,381000,,,,,17,19,18,27,21,20,13,20,19,19,41,47,32,59,54,23,54,25,61,21,18,23,18,40,28,26,21,19,21
O. Banks,Ollie Banks,9/21/1992,26,190.5,74.8,CM,England,62,65,375000,2000,Right,1,4,2,Normal,684000,,,,,64,55,56,62,54,57,59,62,61,60,58,54,64,57,70,67,71,82,71,69,60,52,59,64,51,49,54,53,51
Zhang Yu,张瑀,5/7/1994,24,187.96,79.8,CB,China PR,62,69,375000,3000,Left,1,3,2,Normal,881000,,,,,40,23,61,47,25,56,42,36,45,52,64,65,55,61,61,37,67,78,67,23,61,62,33,33,39,55,57,64,65
O. Macías,Óscar Uriel Macías Mora,7/9/1998,20,175.26,73.9,"CM,CDM",Mexico,62,75,550000,3000,Right,1,3,2,Normal,,,,,,47,48,41,70,46,62,64,64,64,63,75,74,67,58,80,64,53,54,58,71,48,26,58,64,48,62,47,52,51
J. Kitolano,John Kitolano,10/18/1999,19,175.26,64.9,"LWB,LB",Norway,62,77,550000,4000,Left,1,3,2,Lean,1400000,,,,,64,29,39,53,25,55,58,22,42,57,79,79,77,55,80,43,84,76,53,23,56,58,57,44,24,56,54,58,55
L. Grorud,Lars Grorud,7/2/1983,35,187.96,86.2,CB,Norway,62,62,90000,1000,Right,1,3,2,Normal,113000,,,,,24,45,61,42,20,43,34,32,35,57,32,30,51,59,47,60,75,48,81,41,77,55,38,34,37,57,55,61,57
P. Beruatto,Pietro Beruatto,12/21/1998,20,182.88,78,LB,Italy,62,78,575000,5000,Left,1,3,2,Lean,1300000,,,,,50,10,60,58,38,52,41,40,55,54,63,67,54,59,54,57,68,54,68,32,57,60,22,43,43,56,64,66,68
V. Gyökeres,Viktor Gyökeres,6/4/1998,20,187.96,86.2,"ST,LW,RW",Sweden,62,79,675000,6000,Right,1,3,3,Normal,1700000,,,,,55,62,58,55,55,67,63,33,40,60,68,70,62,47,58,59,58,65,68,60,43,18,65,51,49,57,20,17,16
João Pereira,João Duarte Vieira Pereira,5/10/1990,28,182.88,78.9,"LB,CB",Portugal,62,62,240000,2000,Left,1,3,2,Normal,300000,,,,,61,38,61,57,45,56,48,55,55,59,67,71,69,55,64,55,80,64,73,39,67,61,39,58,46,62,59,60,58
T. Aldred,Tom Aldred,9/11/1990,28,187.96,83,CB,Scotland,62,63,290000,3000,Right,1,2,2,Normal,,,,,,32,28,54,49,30,24,18,22,33,44,41,44,30,58,43,49,68,62,80,17,74,58,23,34,40,47,61,59,60
A. Schäfer,András Schäfer,4/13/1999,19,152.4,67.1,"LM,CM",Hungary,62,77,650000,1000,Right,1,5,2,Lean,1600000,,,,,60,51,48,62,44,59,32,51,55,62,77,78,62,65,72,53,48,62,34,41,60,57,55,53,42,61,52,51,49
L. O'Brien,Lewis O'Brien,10/14/1998,20,172.72,63,"CM,RM,LM",England,62,76,650000,4000,Left,1,3,3,Lean,,,,,,48,43,49,65,45,63,42,43,61,66,65,60,68,60,79,52,35,72,38,50,51,53,53,64,42,59,43,54,51
M. Simon,Matt Simon,1/22/1986,33,187.96,78,ST,Australia,62,62,240000,1000,Right,1,3,2,Normal,300000,,,,,48,58,61,48,36,52,38,29,37,61,71,73,64,60,32,66,84,85,85,58,90,48,63,49,64,56,29,49,39
Rubén Enri,Rubén Enri Garcia,4/10/1998,20,154.94,72.1,ST,Spain,62,71,475000,1000,Right,1,3,2,Normal,831000,,,,,43,68,68,60,46,55,49,43,36,58,59,57,59,56,61,61,60,58,65,63,35,19,59,50,68,53,16,19,21
D. Pérez,Danny Pérez,1/23/2000,19,152.4,66.2,"RW,ST",Venezuela,62,78,625000,1000,Right,1,3,3,Normal,1300000,,,,,62,59,59,64,43,67,52,33,61,63,70,74,73,55,67,63,59,75,63,47,50,32,58,50,52,56,33,34,31
D. Alampasu,Dele Sunday Alampasu,12/24/1996,22,198.12,78,GK,Nigeria,62,72,375000,1000,Right,1,2,1,Lean,863000,,,,,12,12,14,23,13,11,14,11,29,14,25,26,33,62,25,17,30,23,61,12,17,10,10,21,14,27,12,11,14
F. Arkenberg,Fynn Arkenberg,3/4/1996,23,185.42,79.8,"CB,CDM,RB",Germany,62,70,375000,1000,Right,1,3,2,Normal,619000,,,,,58,26,51,55,24,57,39,20,51,50,75,69,57,59,55,46,68,68,71,27,63,58,38,45,45,50,62,65,64
S. Segarel,Stanley Segarel,3/4/1994,25,182.88,78.9,ST,France,62,68,425000,3000,Right,1,3,2,Normal,935000,,,,,33,63,61,60,51,62,43,33,35,59,68,72,61,53,57,58,56,60,63,54,30,16,59,49,62,54,18,17,14
Jeong Tae Wook,정태욱 Tae Wook Jeong,5/16/1997,21,193.04,88,CB,Korea Republic,62,70,400000,1000,Right,1,3,2,Normal,580000,,,,,23,22,55,42,22,26,28,22,36,31,47,65,38,51,38,33,71,49,87,18,65,59,22,32,31,42,62,63,62
S. Yatéké,Sterling Yatéké,9/15/1999,19,182.88,79.8,ST,Central African Rep.,62,73,500000,2000,Right,1,2,2,Normal,825000,,,,,53,61,60,48,44,61,49,30,54,62,72,78,64,57,46,55,57,60,75,48,33,19,64,56,57,49,12,19,14
L. Hupfauf,Lukas Hupfauf,9/11/1996,22,175.26,73,"RB,CB",Austria,62,70,375000,2000,Right,1,3,2,Lean,619000,,,,,63,32,37,62,27,55,37,35,55,62,75,82,68,63,75,46,71,75,48,42,54,62,53,43,45,48,45,56,53
Ricardo Friedrich,Ricardo Schuck Friedrich,2/18/1993,26,187.96,83,GK,Brazil,62,66,280000,1000,Right,1,1,1,Normal,371000,,,,,13,12,11,18,13,15,15,13,20,17,38,20,40,64,35,20,45,32,59,15,28,12,10,45,20,48,21,20,15
R. Torres,Raúl Damián Torres,8/26/1996,22,172.72,58.1,"CM,CDM",Mexico,61,70,375000,6000,Right,1,3,2,Lean,675000,,,,,40,35,54,69,40,61,41,43,62,65,66,65,63,58,85,51,59,62,66,35,64,61,51,58,53,60,65,60,59
H. Futami,二見 宏志,3/20/1992,26,152.4,74.8,"CB,LB",Japan,61,61,220000,1000,Left,1,2,2,Stocky,275000,,,,,59,28,44,60,28,45,30,31,57,58,62,70,52,60,64,26,69,70,80,25,64,61,49,34,30,52,55,60,58
J. Robinson,Jalen Robinson,5/8/1994,24,175.26,73.9,"CB,RB",United States,61,66,290000,1000,Right,1,2,2,Lean,457000,,,,,30,20,51,53,31,36,22,29,44,43,68,75,41,55,72,42,71,74,70,30,62,59,25,25,39,46,60,63,59
Meseguer,Luis Meseguer Villanueva,9/7/1999,19,175.26,69.9,"LB,CB,RB",Spain,61,75,450000,1000,Left,1,3,3,Normal,1300000,,,,,53,32,51,49,21,45,22,39,40,51,67,62,59,64,76,42,63,63,55,38,51,59,39,27,45,55,61,61,66
D. Anyembe,Daniel Anyembe,7/22/1998,20,187.96,77.1,RB,Denmark,61,73,375000,1000,Right,1,3,2,Lean,544000,,,,,58,37,43,57,35,58,47,36,50,60,82,87,75,58,63,50,57,69,65,35,45,53,56,53,50,49,58,58,54
B. Meredith,Bryan Meredith,8/2/1989,29,187.96,93.9,GK,United States,61,63,210000,1000,Right,1,2,1,Normal,331000,,,,,18,17,13,39,12,15,16,14,36,17,41,53,43,54,41,24,61,39,80,13,41,17,13,13,21,41,12,17,13
Lim Min Hyeok,임민혁 林敏赫,3/5/1994,25,185.42,78.9,GK,Korea Republic,61,69,280000,1000,Right,1,2,1,Normal,406000,,,,,11,7,14,17,5,10,10,13,21,11,20,36,34,57,40,20,48,19,48,5,19,9,8,39,15,36,11,11,14
C. Jones,Curtis Jones,1/30/2001,18,182.88,68,"CM,CAM",England,61,82,550000,7000,Right,1,3,3,Lean,1600000,,,,,54,56,50,64,53,65,54,47,61,65,64,63,73,58,71,60,57,53,51,55,65,44,55,64,50,62,47,49,47
S. Cordero,Salvador Cordero,3/11/1996,22,152.4,59.9,"LB,LM",Chile,61,68,300000,1000,Right,1,3,2,Lean,465000,,,,,47,30,60,63,51,49,51,49,57,59,61,59,66,54,78,48,73,73,49,57,47,60,21,32,42,49,65,63,61
A. Edun,Adetayo Edun,5/14/1998,20,170.18,74.8,"CM,LM,LB",England,61,75,550000,6000,Left,1,3,2,Normal,1400000,,,,,54,39,53,64,31,65,35,30,59,60,74,72,80,64,77,49,62,64,46,38,55,64,54,58,33,61,61,56,49
K. Garcia,Kevin Garcia,8/21/1990,28,187.96,87.1,"CB,LB,LM",United States,61,63,250000,1000,Left,1,3,2,Normal,394000,,,,,24,16,57,59,25,23,24,27,52,39,40,34,49,54,53,32,70,53,79,19,65,55,21,28,34,55,61,62,59
S. Czajkowski,Sebastian Czajkowski,9/15/1996,22,154.94,74.8,ST,Denmark,61,71,425000,2000,Right,1,3,2,Normal,616000,,,,,31,59,54,49,55,60,39,34,29,62,64,71,76,60,72,57,68,59,56,51,35,10,67,40,62,44,28,13,13
I. Marega,Issa Marega,4/20/1998,20,195.58,98,"CB,CDM",France,61,71,350000,2000,Right,1,3,2,Lean,595000,,,,,28,26,58,36,30,32,31,33,29,35,52,49,48,53,32,39,55,53,92,25,53,56,24,28,45,48,58,64,68
A. Cervantes,Alan Cervantes,1/17/1998,21,154.94,68,"CDM,CM",Mexico,61,73,400000,4000,Right,1,3,2,Lean,760000,,,,,51,44,55,69,42,56,41,42,65,60,61,44,52,62,70,57,65,37,54,50,63,56,40,62,47,60,59,63,61
Ko Tae Won,고태원 高兑沅,5/10/1993,25,187.96,79.8,CB,Korea Republic,61,65,270000,1000,Right,1,3,2,Normal,,,,,,26,33,62,47,23,34,25,22,45,41,65,61,64,61,64,31,63,61,71,20,63,62,31,26,30,55,55,62,61
R. Hall-Johnson,Reece Hall-Johnson,5/9/1995,23,172.72,67.1,"RB,CB",England,61,67,290000,2000,Right,1,3,2,Normal,566000,,,,,52,48,57,57,39,58,43,40,54,63,78,77,71,56,82,49,61,62,52,33,51,58,55,50,47,51,58,60,58
Jiang Jihong,姜积弘,2/8/1990,29,190.5,88,CB,China PR,61,61,200000,3000,Right,1,2,2,Normal,430000,,,,,23,25,62,51,29,30,28,22,46,27,66,50,44,54,63,39,76,72,71,20,70,53,22,31,38,50,60,61,61
M. Sejmenovic,Mustafa Sejmenovic,1/3/1986,33,185.42,79.8,CB,Bosnia Herzegovina,61,61,140000,2000,Right,1,3,2,Normal,203000,,,,,42,45,60,46,28,38,26,26,44,46,51,55,53,48,52,38,82,54,69,33,59,53,28,47,35,69,58,67,64
G. Postma,Gerald Postma,10/12/1997,21,154.94,74.8,"CDM,CM",Netherlands,61,68,300000,1000,Left,1,2,2,Normal,510000,,,,,48,39,57,63,45,60,30,35,59,58,62,61,54,55,63,67,61,62,64,47,72,63,41,55,34,50,58,59,54
J. Ščuk,Jasmin Ščuk,7/14/1990,28,182.88,71.2,"CDM,CM",Bosnia Herzegovina,61,61,210000,2000,Right,1,3,3,Normal,410000,,,,,62,45,61,64,42,67,49,46,62,67,62,62,84,61,67,65,69,54,61,53,44,49,49,50,45,55,71,65,65
Raúl Vallejo,Raúl Vallejo Suárez,1/1/1996,23,175.26,73,"CAM,CM",Spain,61,65,325000,2000,Right,1,3,2,Normal,544000,,,,,54,54,52,66,48,57,57,49,60,64,69,62,71,52,73,63,53,45,58,56,49,34,54,62,56,58,54,40,35
F. Al Shammari,Fahad Al Shammari,5/5/1981,37,154.94,74.8,GK,Saudi Arabia,61,61,20000,2000,Right,1,3,1,Normal,33000,,,,,17,13,13,22,13,16,14,19,18,15,31,37,26,59,56,22,34,34,36,18,27,22,10,54,22,47,7,13,13
A. Ciss,Amadou Ciss,9/7/1999,19,154.94,69.9,CM,Senegal,61,75,525000,1000,Right,1,3,3,Lean,1100000,,,,,51,43,52,66,46,59,42,45,64,66,75,75,73,58,68,66,58,66,55,48,63,48,59,52,46,49,46,61,59
A. Dursun,Abdurrahim Dursun,12/1/1998,20,152.4,69.9,LB,Turkey,61,75,475000,2000,Left,1,3,2,Normal,1200000,,,,,52,33,50,45,33,58,49,37,42,62,68,67,61,60,71,54,60,59,58,47,56,54,44,34,40,49,59,66,67
E. Zaldívar,Edgar Zaldivar Valverde,10/17/1996,22,175.26,72.1,"CM,RB",Mexico,61,71,400000,3000,Right,1,3,3,Normal,760000,,,,,54,53,46,65,48,64,60,48,64,65,73,74,70,59,71,62,61,70,59,64,47,29,52,56,51,60,50,60,58
S. Schreck,Sam Francis Schreck,1/29/1999,20,154.94,63,CAM,Germany,61,78,550000,4000,Right,1,4,3,Lean,1300000,,,,,50,42,46,63,48,68,52,51,59,64,69,66,78,52,73,44,53,44,33,42,38,33,49,64,47,55,33,36,33
T. Cissokho,Till Cissokho,2/8/2000,19,200.66,88,CB,France,61,77,475000,3000,Left,1,2,2,Lean,1200000,,,,,29,29,57,43,31,31,32,33,34,37,58,55,42,50,30,46,68,60,85,28,52,54,31,28,46,45,55,69,64
Jorge Mier,Jorge Mier Martínez,2/4/1999,20,175.26,64.9,RB,Spain,61,75,475000,1000,Right,1,3,2,Lean,1100000,,,,,57,29,53,58,30,56,52,53,42,61,75,71,69,54,64,37,61,57,42,48,52,58,48,37,41,45,56,59,62
F. Sivetti,Franco Sivetti,5/30/1998,20,152.4,77.1,CM,Argentina,61,71,400000,2000,Right,1,3,2,Normal,680000,,,,,55,44,63,69,41,62,43,39,66,64,67,64,62,59,66,58,61,59,60,37,63,54,39,57,48,49,53,59,63
Liu Junshuai,刘军帅,1/10/1995,24,185.42,79.8,"CB,CM",China PR,61,67,290000,3000,Right,1,2,2,Normal,682000,,,,,34,20,55,41,28,35,33,35,47,50,51,63,62,54,62,43,72,71,76,33,56,56,35,39,36,54,67,63,58
A. Sissako,Abdoulaye Sissako,5/26/1998,20,185.42,79.8,"CM,CDM",France,61,77,550000,1000,Right,1,3,2,Normal,1300000,,,,,42,49,59,65,39,59,50,39,60,63,72,67,63,62,62,56,67,66,56,54,67,60,52,51,44,57,62,62,61
J. Aros,Joaquín Aros Melgarejo,1/23/1996,23,154.94,79.8,"RB,CDM",Chile,61,69,325000,1000,Right,1,2,2,Normal,504000,,,,,47,28,62,50,39,37,39,36,42,53,59,56,57,61,59,47,70,61,60,27,55,62,37,44,44,52,63,69,65
R. Hepburn-Murphy,Rushian Hepburn-Murphy,8/28/1998,20,172.72,81.2,ST,England,61,75,550000,2000,Right,1,3,3,Normal,,,,,,39,61,58,53,54,67,42,43,40,60,77,77,65,56,78,62,63,66,34,62,40,21,58,48,63,51,19,22,23
A. Halme,Aapo Halme,5/22/1998,20,195.58,78,CB,Finland,61,77,500000,5000,Right,1,3,2,Lean,1300000,,,,,25,16,60,59,25,47,23,24,49,54,45,52,41,57,42,31,56,55,80,18,59,57,27,32,31,58,58,61,57
K. O'Connor,Kevin O'Connor,5/7/1995,23,182.88,74.8,"LB,CDM",Republic of Ireland,61,69,325000,2000,Left,1,3,2,Lean,,,,,,67,47,45,59,52,63,68,68,60,61,66,62,60,55,65,56,60,72,60,58,55,58,51,60,53,61,59,60,58
L. Sotomayor,Luis Sotomayor,12/4/1996,22,152.4,72.1,GK,Chile,61,73,350000,1000,Right,1,2,1,Normal,543000,,,,,18,19,19,28,17,14,15,12,17,17,42,42,33,57,65,20,70,18,63,19,19,24,14,24,24,48,27,11,20
T. Vaiho,Tommi Vaiho,9/13/1988,30,187.96,78,GK,Sweden,61,61,170000,1000,Right,1,2,1,Normal,213000,,,,,16,12,12,18,18,16,19,12,21,16,31,32,33,62,60,49,70,39,72,14,35,21,14,21,17,48,13,14,14
J. Bühler,Johannes Bühler,7/26/1997,21,154.94,73.9,"RM,RW,CAM",Germany,61,70,400000,4000,Right,1,3,2,Lean,,,,,,60,51,38,56,35,64,48,38,61,62,72,71,70,54,68,56,68,65,60,46,48,22,52,54,48,53,24,29,23
A. Zekaj,Arton Zekaj,4/16/2000,18,187.96,83,CDM,Serbia,61,76,475000,2000,Right,1,3,2,Lean,1200000,,,,,50,43,58,65,35,55,44,48,60,56,62,63,57,58,50,58,53,67,72,38,63,49,42,52,51,49,62,59,63
I. Minchev,Ivan Minchev,5/28/1991,27,167.64,59.9,"CM,LM",Bulgaria,61,62,,,Right,1,3,2,Normal,,,,,,46,52,43,71,40,67,43,43,66,54,63,64,63,62,83,54,55,62,33,57,39,45,63,50,45,56,42,53,41
K. Howkins,Kyle Howkins,5/4/1996,22,195.58,83.9,CB,England,61,65,280000,4000,Right,1,3,2,Normal,,,,,,27,26,60,53,30,44,26,27,47,51,65,67,62,53,63,33,70,69,84,25,54,58,27,31,35,49,56,60,55
J. Chianese,Joel Joseph Chianese,2/15/1990,29,175.26,74.8,RM,Australia,61,61,250000,1000,Right,1,2,2,Normal,313000,,,,,51,59,42,61,65,58,61,52,50,64,59,69,70,61,63,60,48,66,63,54,35,38,64,59,55,59,30,34,45
C. Hidalgo,Carlos Daniel Hidalgo,4/25/1986,32,182.88,73.9,ST,Colombia,61,61,200000,1000,Right,1,3,3,Normal,270000,,,,,56,63,51,56,57,64,52,58,31,72,62,66,74,65,60,55,55,52,51,47,47,20,55,45,51,58,40,44,42
T. Alarcón,Tomás Alarcón,10/2/1999,19,175.26,69.9,"CB,CDM",Chile,61,76,475000,1000,Right,1,2,2,Lean,938000,,,,,40,41,64,60,21,41,42,46,59,63,61,63,71,60,71,49,72,65,60,38,62,65,42,48,49,49,51,61,56
M. Uusitalo,Markus Uusitalo,5/15/1997,21,187.96,91.2,GK,Finland,61,71,325000,1000,Right,1,3,1,Normal,764000,,,,,13,9,13,14,7,8,12,13,18,13,33,31,39,54,35,17,45,33,58,10,15,9,9,42,12,41,19,11,13
C. Reppesgård,Christer  Reppesgård Hansen,3/29/1993,25,187.96,83.9,CB,Norway,61,64,270000,1000,Right,1,3,2,Normal,358000,,,,,30,28,52,53,32,53,37,30,46,57,62,64,62,58,71,62,72,68,70,34,63,58,28,42,26,56,55,64,64
A. Al Hamdan,Abdullah Al Hamdan,9/12/1999,19,185.42,77.1,ST,Saudi Arabia,61,75,525000,3000,Right,1,4,2,Lean,1200000,,,,,33,61,56,52,48,55,35,31,34,62,64,74,60,60,54,56,70,67,69,54,35,19,60,40,60,52,12,17,12
A. Ryczkowski,Adam Ryczkowski,4/30/1997,21,152.4,71.2,LM,Poland,61,68,350000,1000,Right,1,2,2,Lean,543000,,,,,59,58,51,57,37,62,55,43,47,63,71,75,75,53,72,57,68,57,52,54,28,19,58,51,53,55,35,28,23
Parra,Carlos Parra Arauzo,2/18/1996,23,170.18,64.9,"RB,RM",Spain,61,68,300000,2000,Right,1,3,2,Normal,540000,,,,,54,28,54,43,32,70,34,39,35,49,63,58,59,56,84,34,60,60,39,29,55,62,49,36,41,42,58,67,74
N. Al Omran,Nasser Al Omran,7/13/1997,21,170.18,68.9,CAM,Saudi Arabia,61,69,375000,4000,Right,1,3,2,Lean,713000,,,,,46,47,42,66,42,54,50,63,62,57,69,67,84,49,85,54,45,42,55,49,40,39,62,64,49,60,58,56,45
L. Dietz,Lars Dietz,1/7/1997,22,190.5,78.9,"CDM,CB",Germany,61,73,400000,3000,Right,1,2,2,Lean,,,,,,43,29,61,63,34,52,32,35,57,57,59,61,54,61,53,56,36,64,69,37,65,60,37,46,38,41,57,61,54
D. Contreras,David Eliécer Contreras Suárez,2/7/1994,25,172.72,62.1,CDM,Colombia,61,68,300000,1000,Right,1,2,2,Lean,465000,,,,,41,41,46,65,31,52,42,38,57,64,82,73,73,61,83,50,74,73,56,34,55,58,56,57,34,54,55,60,54
B. Risa,Birk Risa,2/13/1998,21,187.96,76.2,"LB,RW,LW",Norway,61,75,500000,1000,Left,1,3,3,Normal,938000,,,,,58,58,55,60,52,64,58,47,54,64,79,77,59,59,53,58,62,64,69,52,59,57,62,54,50,53,49,58,56
T. Svendsen,Tobias Svendsen,8/31/1999,19,172.72,66.2,"CM,LW",Norway,61,76,525000,1000,Right,1,4,3,Normal,984000,,,,,55,37,36,64,56,68,59,40,58,64,83,68,94,62,93,52,69,55,52,36,72,60,62,62,46,65,55,53,48
G. MacKenzie,Gary MacKenzie,10/15/1985,33,190.5,83,CB,Scotland,61,61,140000,2000,Right,1,2,2,Normal,245000,,,,,20,23,60,52,33,28,22,37,42,45,33,41,40,55,41,43,51,55,85,22,65,57,24,39,46,52,60,60,57
A. Sarr,Adama Sarr,3/15/1991,27,175.26,66.2,"ST,LM",Senegal,61,61,270000,2000,Right,1,3,3,Normal,473000,,,,,46,67,59,44,57,66,39,51,35,63,74,73,70,61,77,62,64,52,44,51,29,23,52,40,63,50,22,14,17
T. Marsh,Tyrone Marsh,12/24/1993,25,154.94,79.8,"LM,RM,ST",England,61,64,325000,2000,Right,1,2,2,Normal,593000,,,,,50,60,50,53,44,61,44,32,47,56,83,83,75,61,63,61,68,64,64,54,46,42,59,54,59,54,37,25,23
Y. Bisseck,Yann Aurel Bisseck,11/29/2000,18,193.04,83,"CB,CDM",Germany,61,82,500000,1000,Right,1,3,2,Normal,,,,,,32,29,60,50,33,39,38,35,39,48,62,60,49,52,46,42,65,61,74,28,45,58,28,35,49,49,59,68,62
T. Casali,Tino Casali,11/14/1995,23,190.5,82.1,GK,Austria,61,67,250000,2000,Right,1,3,1,Lean,413000,,,,,11,7,15,26,8,10,13,11,13,20,33,25,30,54,29,27,51,32,38,7,19,9,5,32,13,34,12,11,12
A. Spyrou,Anthony Spyrou,12/31/1999,19,182.88,73.9,"ST,LW",England,61,78,525000,3000,Right,1,3,2,Lean,1300000,,,,,44,63,53,47,46,64,37,41,28,61,72,73,69,55,71,62,52,58,54,52,33,11,60,48,60,44,21,19,22
C. Yüksel,Celil Yüksel,1/1/1998,21,170.18,67.1,CM,Turkey,61,75,550000,6000,Right,1,3,2,Lean,1400000,,,,,42,36,60,68,45,63,43,42,64,65,68,68,59,58,76,63,61,56,44,45,65,40,52,65,45,47,42,55,60
M. Engelhardt,Marcel Engelhardt,4/5/1993,25,190.5,88,GK,Germany,61,66,240000,1000,Right,1,2,1,Normal,366000,,,,,18,13,18,23,13,18,13,16,23,19,48,43,39,48,43,24,51,38,79,15,17,24,18,30,19,30,26,20,19
A. Ávila,José Andrés Ávila De Santiago,5/1/1998,20,152.4,64.9,LM,Mexico,61,74,475000,3000,Right,1,3,2,Lean,1100000,,,,,55,46,60,63,33,60,41,45,62,62,68,70,63,52,74,55,60,66,41,34,59,55,59,57,49,43,54,49,54
A. Al Jadani,Abdullah Al Jadani,3/6/1991,28,154.94,67.1,GK,Saudi Arabia,61,62,200000,3000,Right,1,3,1,Normal,345000,,,,,14,16,15,33,19,15,18,15,28,18,49,50,47,56,67,16,56,42,49,14,35,18,13,48,22,49,14,16,15
R. Edwards,Ryan Edwards,11/17/1993,25,175.26,73,"CAM,LM,CM",Australia,61,64,325000,1000,Right,1,2,2,Normal,593000,,,,,63,55,52,62,57,57,63,40,64,60,72,70,75,54,80,60,77,86,66,58,80,54,51,60,58,53,50,55,56
F. Baise,Festus Baise,4/11/1980,38,172.72,72.1,"CB,CDM",Hong Kong,61,61,30000,2000,Right,1,3,2,Normal,65000,,,,,41,51,51,54,43,56,28,40,51,57,36,31,36,66,71,75,87,33,60,67,70,62,30,38,51,63,60,63,53
R. Muhammed,Rashad Muhammed,9/25/1993,25,182.88,82.1,ST,France,61,64,325000,3000,Right,1,1,2,Normal,658000,,,,,53,52,52,53,49,63,46,57,41,58,93,94,77,54,66,58,68,73,75,49,56,24,58,55,58,45,35,30,26
Li Xiaoming,李晓明,1/19/1996,23,182.88,73.9,"CB,CDM",China PR,61,68,300000,2000,Right,1,3,2,Lean,705000,,,,,42,37,55,64,53,53,42,38,56,56,69,68,66,59,71,41,76,82,62,36,59,63,53,44,32,62,53,60,61
A. Stadler,Andrew Stadler,1/5/1988,31,152.4,71.2,"ST,RM",United States,61,61,240000,1000,Right,1,3,2,Lean,300000,,,,,52,59,52,54,53,61,49,36,47,55,74,74,76,61,75,57,67,77,60,56,77,18,64,55,57,57,34,17,13
C. Clements,Christopher Clements,2/6/1990,29,175.26,66.2,CM,England,61,61,250000,3000,Right,1,4,3,Normal,438000,,,,,57,45,43,64,55,57,63,60,62,63,60,59,79,55,74,52,61,74,62,56,61,50,55,62,53,59,53,58,58
T. Denton,Tyler Denton,9/6/1995,23,175.26,66.2,"LB,LWB",England,61,70,325000,5000,Left,1,3,2,Lean,,,,,,61,46,43,58,39,59,53,44,55,61,78,78,76,59,75,58,58,62,59,43,54,56,49,55,56,56,48,62,59
D. Hyam,Dominic Hyam,12/20/1995,23,187.96,69.9,CB,Scotland,61,71,350000,2000,Right,1,3,2,Lean,683000,,,,,28,23,61,52,25,27,23,26,44,42,55,64,59,56,48,43,66,53,63,23,58,60,28,34,31,54,62,63,60
T. Buitink,Thomas Buitink,6/14/2000,18,175.26,68,ST,Netherlands,61,77,525000,1000,Right,1,3,2,Normal,1100000,,,,,44,66,53,53,48,60,43,51,36,68,70,72,56,48,71,54,67,52,58,50,41,13,59,42,48,59,18,18,17
Vitó Ferreira,Victor Emanuel Araújo Ferreira,9/18/1997,21,154.94,69.9,CM,Portugal,61,70,375000,1000,Left,1,3,2,Lean,863000,,,,,40,45,51,68,44,60,46,46,65,63,64,62,71,63,71,64,72,64,70,52,59,51,56,53,53,60,45,53,59
D. Barnes,Dillon Barnes,4/8/1996,22,193.04,78,GK,England,61,70,290000,2000,Left,1,3,1,Normal,566000,,,,,15,19,22,40,12,22,19,23,38,32,59,58,52,55,57,32,58,35,59,20,30,27,12,49,29,47,25,16,18
T. Kainz,Tobias Kainz,10/31/1992,26,175.26,69.9,RB,Austria,61,64,260000,2000,Right,1,3,2,Normal,397000,,,,,55,51,51,56,53,54,62,56,58,57,68,63,69,61,68,60,78,75,65,58,51,60,54,65,41,58,62,56,58
Gorka Giralt,Gorka Giralt Amotxategi,9/18/1995,23,190.5,78.9,GK,Spain,61,71,300000,1000,Left,1,3,1,Lean,540000,,,,,11,7,11,21,5,9,14,13,22,10,36,43,40,55,38,24,65,28,61,9,19,14,7,30,18,40,9,14,13
Leja,Alberto Lejárraga Rubio,4/15/1995,23,190.5,83.9,GK,Spain,61,71,300000,1000,Right,1,3,1,Normal,540000,,,,,14,7,11,20,9,14,12,12,18,10,29,15,30,57,47,23,65,42,41,7,16,14,7,46,17,33,8,11,14
G. Gaetano,Gianluca Gaetano,5/5/2000,18,175.26,69.9,"CAM,ST",Italy,61,81,525000,4000,Right,1,4,3,Lean,1400000,,,,,65,60,50,58,56,66,57,42,55,65,65,67,60,51,81,73,47,60,45,47,40,34,52,62,65,54,20,37,36
I. Aguilar,Isaác Aguilar,7/22/1997,21,152.4,74.8,CDM,Mexico,61,74,425000,6000,Right,1,3,2,Normal,988000,,,,,50,34,58,65,38,53,45,49,61,59,64,60,52,57,67,64,61,48,60,52,67,58,35,47,54,48,63,60,59
M. Hosseini,Seyed Majid Hosseini,6/20/1996,22,182.88,76.2,CB,Iran,61,67,290000,4000,Right,1,3,2,Stocky,638000,,,,,28,18,60,62,22,30,35,37,44,52,55,54,43,56,61,45,67,51,54,30,50,62,24,29,40,55,60,65,62
K. Partida,Kevin Partida,3/10/1995,23,172.72,68,"LB,CM",United States,61,66,280000,1000,Left,1,3,2,Normal,441000,,,,,56,45,51,65,32,54,49,34,55,55,70,72,79,58,76,46,61,66,52,42,63,57,49,47,42,48,65,55,59
F. Obilor,Faith Friday Obilor,3/5/1991,28,185.42,94.8,CB,Nigeria,61,63,250000,1000,Right,1,3,2,Normal,556000,,,,,27,19,63,42,22,39,23,29,49,44,58,66,49,55,46,32,67,51,86,19,72,54,26,30,36,55,56,55,62
Jiang Jiajun,姜嘉俊,1/8/1990,29,182.88,73,"RB,LB",China PR,61,61,200000,2000,Right,1,3,2,Normal,430000,,,,,54,22,44,42,26,53,34,28,51,48,68,65,62,58,65,23,74,78,68,17,73,64,55,43,33,46,62,56,66
H. Tifner,Hernán Tifner,9/20/1996,22,175.26,71.2,CAM,Argentina,61,70,400000,2000,Right,1,3,2,Normal,680000,,,,,58,41,45,76,50,53,60,46,74,68,55,64,53,51,75,53,55,48,46,42,47,25,44,68,58,59,39,50,57
S. Old,Steven Old,2/17/1986,33,190.5,84.8,CB,New Zealand,61,61,140000,2000,Right,1,3,2,Normal,245000,,,,,32,16,61,50,37,46,34,29,39,51,49,54,48,58,51,32,73,64,74,15,47,65,17,52,35,60,63,56,53
D. Byrtek,Damian Byrtek,3/7/1991,28,193.04,83.9,CB,Poland,61,63,250000,1000,Right,1,2,2,Normal,356000,,,,,34,12,65,33,24,25,32,40,39,30,65,70,44,64,34,23,31,75,86,23,80,57,50,54,34,56,58,56,61
Ángel López,Ángel López Pérez,2/7/1997,22,172.72,74.8,"LM,RM",Spain,61,71,400000,3000,Left,1,3,2,Normal,920000,,,,,63,62,35,64,41,65,42,44,56,61,62,66,44,51,56,53,40,52,53,45,31,38,58,52,48,42,58,27,29
J. Cacciabue,Jeronimo Cacciabue,1/24/1998,21,172.72,73,"CDM,CM",Argentina,61,72,375000,2000,Right,1,3,2,Normal,638000,,,,,46,42,58,67,49,57,45,39,59,64,58,57,62,60,67,56,59,66,56,40,60,53,43,58,54,58,58,61,62
Wang Song,汪嵩,10/12/1983,35,152.4,73.9,RM,China PR,61,61,130000,4000,Right,1,3,3,Normal,280000,,,,,65,58,54,63,60,63,68,72,61,63,46,42,60,64,69,68,48,44,73,67,49,50,62,66,69,50,51,25,33
B. Lundgaard,Ben Lundgaard,9/25/1995,23,195.58,93,GK,United States,61,67,250000,1000,Right,1,3,1,Normal,425000,,,,,15,9,12,25,9,12,15,15,27,20,27,28,31,59,28,25,51,22,68,7,29,12,8,46,20,28,23,14,12
L. Woolfenden,Luke Woolfenden,10/21/1998,20,182.88,69.9,"CB,RB",England,61,70,325000,1000,Right,1,2,2,Normal,,,,,,51,21,64,58,26,22,31,29,54,56,64,64,52,53,58,41,68,55,72,23,55,57,28,30,42,54,59,62,57
A. Helmersen,Andreas Helmersen,3/15/1998,20,190.5,82.1,ST,Norway,61,72,450000,1000,Left,1,3,2,Lean,,,,,,39,62,52,48,54,56,44,42,37,59,66,61,56,48,54,66,64,66,79,58,54,22,64,46,57,52,28,26,23
J. Wallace,James Robert Wallace,12/19/1991,27,154.94,83,CM,England,61,61,270000,2000,Right,1,3,2,Stocky,473000,,,,,66,55,54,64,63,50,36,42,62,61,49,55,62,60,62,64,60,50,63,62,63,61,52,67,47,55,63,53,40
G. Guiffrey,Germán Guiffrey,12/31/1997,21,182.88,73.9,CB,Argentina,61,72,375000,2000,Left,1,3,2,Lean,638000,,,,,39,31,58,47,35,35,29,30,45,44,68,69,62,59,63,45,74,61,65,29,53,51,31,28,39,52,59,68,64
P. Michael,Peter Godly Michael,5/10/1998,20,185.42,83,ST,Nigeria,61,71,425000,1000,Right,1,3,2,Normal,616000,,,,,46,60,60,49,39,58,35,37,47,61,68,70,57,53,69,60,78,64,81,52,46,37,61,45,43,57,20,41,33
M. Forss,Marcus Forss,6/18/1999,19,185.42,64.9,ST,Finland,61,73,450000,4000,Right,1,3,2,Normal,945000,,,,,32,71,58,45,46,41,30,28,32,55,61,52,56,55,70,71,65,50,61,45,53,22,65,42,52,52,23,21,22
K. Kakoi,圍 謙太朗,4/23/1991,27,190.5,89.8,GK,Japan,61,63,200000,1000,Right,1,2,1,Normal,265000,,,,,13,15,21,20,16,14,13,15,21,18,56,53,47,57,44,24,33,36,58,17,37,15,8,52,18,35,14,14,13
R. Yamazaki,山崎 亮平,3/14/1989,29,172.72,76.2,"LM,ST",Japan,61,61,250000,2000,Right,1,3,3,Normal,313000,,,,,53,64,61,58,63,67,47,39,35,63,72,68,64,55,71,65,55,63,68,62,29,13,61,49,69,57,26,12,18
M. Krauß,Maximilian Krauß,11/24/1996,22,170.18,66.2,"RW,ST",Germany,61,68,350000,1000,Right,1,3,3,Normal,578000,,,,,60,59,33,56,44,66,39,35,33,64,77,74,89,46,85,48,75,68,43,41,37,23,49,48,53,44,37,22,24
D. O'Shea,Dara O'Shea,3/4/1999,20,182.88,64.9,CB,Republic of Ireland,61,73,375000,2000,Right,1,3,2,Normal,,,,,,34,30,58,46,30,42,37,28,40,49,62,65,53,52,56,48,74,69,73,22,55,60,27,35,45,51,61,62,61
E. Fernández,Eduardo Fernández,12/16/1992,26,190.5,77.1,GK,Mexico,61,65,230000,6000,Right,1,1,1,Lean,385000,,,,,10,17,14,30,13,8,10,9,38,16,44,23,49,53,39,24,68,33,57,16,42,25,12,14,24,41,19,13,12
Lee Tae Ho,이태호 Tae Ho Lee,3/16/1991,27,185.42,79.8,CB,Korea Republic,61,62,240000,1000,Right,1,3,2,Normal,318000,,,,,26,22,62,27,26,25,22,29,27,46,55,59,43,57,55,35,67,58,75,39,73,60,21,35,34,58,55,62,61
A. Al Fiqi,Ahmed Al Fiqi,12/31/1992,26,175.26,66.2,RM,Saudi Arabia,61,62,300000,6000,Left,1,2,3,Normal,533000,,,,,57,47,43,61,57,64,61,41,55,62,71,73,69,56,66,53,63,53,56,35,31,23,58,54,53,45,58,31,26
Darío Poveda,Darío Poveda Romera,3/13/1997,21,185.42,74.8,ST,Spain,61,71,425000,6000,Right,1,3,2,Lean,956000,,,,,45,65,62,57,53,61,40,51,45,60,61,57,58,59,60,57,65,55,45,60,35,14,61,57,55,54,19,22,23
S. Boyd,Scott Boyd,6/4/1986,32,187.96,74.8,CB,Scotland,61,61,140000,1000,Right,1,3,2,Normal,245000,,,,,45,49,62,54,55,43,49,45,56,56,29,52,50,47,30,48,46,59,79,21,65,61,12,48,41,62,50,63,57
J. Keohane,Jimmy Keohane,1/22/1991,28,154.94,72.1,"CDM,CAM",Republic of Ireland,61,62,240000,1000,Right,1,3,3,Lean,438000,,,,,57,58,50,64,54,64,59,58,58,63,77,76,68,56,56,55,54,68,59,59,56,62,59,64,56,61,59,55,52
J. Dinzeyi,Jonathan Dinzeyi,10/13/1999,19,182.88,83,CB,England,61,77,475000,5000,Right,1,3,2,Lean,1200000,,,,,33,26,58,44,37,46,33,33,34,51,66,71,47,41,62,48,68,57,65,30,49,56,30,36,37,42,68,66,63
C. McCarthy,Conor McCarthy,4/11/1998,20,185.42,74.8,"CB,RB",Republic of Ireland,61,75,500000,1000,Right,1,3,2,Normal,1100000,,,,,51,21,59,55,29,48,28,29,44,48,59,57,53,58,55,40,75,67,65,32,58,58,27,43,33,55,62,63,61
Tang Jiashu,唐佳庶,9/22/1990,28,182.88,78.9,"CB,CDM,RB",China PR,61,61,210000,2000,Right,1,2,2,Lean,452000,,,,,43,29,55,56,26,46,39,32,46,46,67,68,59,49,59,47,59,65,69,31,66,45,31,41,40,52,64,68,67
Lee Jae Ik,이재익 Jae Ik Lee,5/21/1999,19,185.42,76.2,CB,Korea Republic,61,74,425000,1000,Right,1,3,2,Lean,797000,,,,,32,21,61,51,26,27,20,24,42,39,53,55,41,59,55,39,67,61,65,39,65,60,36,57,32,42,59,63,57
J. Asiri,Jaber Asiri,9/24/1997,21,152.4,64,ST,Saudi Arabia,61,73,450000,4000,Left,1,3,2,Lean,833000,,,,,33,63,64,47,52,59,50,33,36,58,68,68,62,53,70,57,67,58,58,56,51,21,60,50,59,49,17,20,16
V. Golemić,Vladimir Golemić,6/28/1991,27,193.04,83,CB,Serbia,61,64,250000,1000,Right,1,3,2,Normal,419000,,,,,28,26,51,32,28,30,26,23,24,38,47,48,38,51,32,36,74,60,75,21,71,60,26,29,35,58,60,64,60
S. Ruiz,Santiago Ruiz,12/1/1997,21,185.42,78.9,LB,Colombia,61,75,500000,1000,Left,1,3,2,Normal,988000,,,,,60,31,58,39,30,55,34,30,34,51,68,73,65,51,60,31,62,68,70,24,54,66,44,50,40,57,65,61,55
J. Houghton,Jordan Houghton,11/9/1995,23,182.88,78.9,"CM,CDM",England,61,68,350000,3000,Right,1,3,2,Lean,683000,,,,,45,49,54,68,49,54,61,59,67,64,71,62,45,50,61,50,77,75,64,50,65,55,50,53,39,63,58,59,51
V. Müller,Valentino Müller,1/19/1999,20,175.26,68,"CDM,CM",Austria,61,73,375000,1000,Right,1,3,2,Lean,619000,,,,,58,42,50,65,30,58,46,45,56,63,70,70,74,63,79,52,71,70,50,46,61,61,53,64,44,58,53,59,53
M. Quiñones,Mairon Quiñones,4/20/1996,22,172.72,69.9,"LB,CB",Colombia,61,66,280000,1000,Left,1,2,2,Lean,399000,,,,,53,27,62,56,23,48,30,31,49,51,67,68,72,56,77,32,79,69,60,27,63,62,44,38,32,46,66,55,59
Bai Yuefeng,白磊,3/28/1987,31,154.94,73.9,RB,China PR,61,61,160000,3000,Right,1,3,2,Normal,344000,,,,,64,50,54,54,52,53,60,23,48,58,63,62,61,53,55,55,51,71,73,60,66,62,59,66,30,57,62,62,57
M. Reule,Maximilian Reule,2/1/1994,25,187.96,83.9,GK,Germany,61,67,250000,1000,Right,1,3,1,Stocky,413000,,,,,18,15,15,27,18,14,19,15,21,22,34,35,33,63,22,26,42,21,51,14,17,24,13,50,29,58,10,12,10
J. Suárez,Jonathan Suárez,2/22/1997,22,152.4,76.2,RM,United States,61,69,375000,2000,Right,1,3,2,Lean,713000,,,,,62,58,41,64,54,65,48,46,55,64,67,68,54,49,66,60,42,66,57,41,30,18,45,52,60,45,42,35,34
Diego Pampín,Diego Varela Pampín,3/15/2000,18,175.26,71.2,"LB,LM",Spain,61,79,450000,2000,Left,1,3,2,Normal,1200000,,,,,62,27,62,59,26,51,29,44,40,57,68,61,60,60,64,40,56,60,58,38,49,63,45,38,43,44,45,63,62
D. Vlahovic,Dusan Vlahovic,1/28/2000,19,190.5,79.8,ST,Serbia,61,80,525000,5000,Left,1,3,2,Normal,1200000,,,,,41,65,62,60,47,55,41,37,38,55,64,63,55,54,48,62,66,62,67,55,41,12,58,53,65,55,18,25,24
J. Lindsey,Jaylin Lindsey,3/27/2000,18,172.72,76.2,"RB,LB",United States,61,80,450000,1000,Right,1,3,2,Normal,956000,,,,,57,42,52,60,38,60,46,40,57,59,69,74,72,55,74,58,62,67,61,34,65,53,45,53,36,46,57,60,58
J. Ogenia,Justin Ogenia,2/5/1999,20,154.94,72.1,RW,Curacao,61,72,425000,1000,Right,1,3,3,Normal,701000,,,,,57,63,44,53,58,68,52,46,46,65,75,73,70,41,72,61,45,42,52,50,33,28,50,56,59,53,34,29,27
A. Bennett,Alan Bennett,10/4/1981,37,187.96,84.8,CB,Republic of Ireland,61,61,30000,1000,Right,1,2,2,Normal,47000,,,,,19,22,59,42,25,19,20,16,31,41,27,25,23,50,33,43,30,28,84,19,72,59,26,30,21,58,63,62,61
T. Børkeeiet,Tobias Borchgrevink Børkeeiet,4/18/1999,19,185.42,74.8,"CM,CDM",Norway,61,79,525000,1000,Right,1,3,2,Normal,984000,,,,,44,44,53,63,41,58,48,38,58,62,64,62,63,58,65,53,60,70,66,46,60,58,54,62,43,63,59,58,54
L. Gambin,Luke Gambin,3/16/1993,25,167.64,69.9,"LM,CM",Malta,61,63,300000,2000,Left,1,3,3,Normal,,,,,,58,57,38,57,37,67,48,39,56,66,70,71,72,44,86,45,59,52,38,46,34,21,57,55,46,45,36,28,29
P. Tawiah,Philimon Tawiah,12/11/1998,20,172.72,69.9,LB,Ghana,61,71,350000,1000,Left,1,3,2,Normal,613000,,,,,51,29,53,57,31,64,31,29,48,62,72,75,72,54,63,23,63,56,49,30,62,58,42,33,40,41,57,64,61
M. Roffo,Manuel Roffo,4/4/2000,18,182.88,79.8,GK,Argentina,61,82,475000,1000,Right,1,4,1,Normal,1100000,,,,,17,8,11,27,8,8,11,12,22,18,15,35,34,51,48,23,64,17,46,9,23,16,6,33,30,29,15,13,14
A. Evans,Antony Evans,9/23/1998,20,187.96,68,CAM,England,61,75,550000,1000,Right,1,3,3,Lean,1300000,,,,,55,57,47,61,55,65,59,62,54,66,60,66,61,61,71,63,54,69,45,50,43,26,57,56,55,61,44,41,49
Yi Fan,祎凡,3/8/1992,27,185.42,78.9,GK,China PR,61,65,230000,2000,Right,1,1,1,Normal,512000,,,,,23,11,25,32,11,17,15,15,30,27,47,50,52,54,56,21,55,35,61,14,25,15,10,23,17,58,16,11,7
L. Østigård,Leo Østigård,11/28/1999,19,182.88,79.8,CB,Norway,61,81,475000,3000,Right,1,3,2,Normal,1400000,,,,,31,33,66,48,33,40,46,24,48,49,69,66,68,52,61,46,86,52,69,32,65,58,27,26,42,52,55,63,55
D. Duhaney,Demeaco Duhaney,10/13/1998,20,154.94,69.9,"RB,LB",England,61,77,475000,3000,Right,1,4,2,Lean,1200000,,,,,56,27,50,51,37,57,47,30,44,59,70,78,72,54,66,51,65,67,65,25,56,56,50,43,32,46,56,59,61
K. Kizito,Kwame Kizito,7/21/1996,22,187.96,73,ST,Ghana,61,69,375000,1000,Right,1,3,2,Lean,544000,,,,,33,58,59,50,48,57,38,33,31,59,67,65,51,57,57,59,74,55,70,54,62,12,64,43,52,46,14,16,13
K. Kristinsson,Kristófer Ingi Kristinsson,4/7/1999,19,190.5,71.2,"LW,ST",Iceland,61,74,475000,1000,Right,1,3,3,Lean,986000,,,,,57,56,57,61,50,67,53,50,57,66,66,67,71,53,41,54,70,38,70,55,42,30,57,57,55,56,30,44,40
P. Smyth,Paul Smyth,9/10/1997,21,175.26,67.1,"RM,ST",Northern Ireland,61,75,550000,1000,Right,1,2,2,Lean,,,,,,50,62,48,52,55,65,52,38,39,62,84,84,88,58,77,58,56,59,44,52,49,20,58,48,61,50,22,30,26
D. Mihajlovic,Dragan Mihajlovic,8/22/1991,27,152.4,73.9,"RB,LM,LB,RM",Switzerland,61,62,240000,2000,Right,1,3,2,Normal,366000,,,,,59,52,45,55,45,59,31,36,48,64,70,75,60,58,70,65,58,74,69,54,62,50,61,53,29,55,54,56,60
K. Anzai,安在 和樹,8/7/1994,24,172.72,68,"RB,LB,RM",Japan,61,67,290000,1000,Left,1,2,2,Lean,421000,,,,,59,37,45,54,50,57,38,37,47,63,66,67,63,57,69,51,61,65,47,42,55,60,47,41,41,55,60,63,57
M. Wintzheimer,Manuel Wintzheimer,1/10/1999,20,154.94,77.1,ST,Germany,61,77,550000,2000,Right,1,5,2,Lean,1200000,,,,,29,67,57,53,52,55,38,33,31,58,65,67,71,50,68,63,68,63,68,56,51,20,55,40,55,47,22,27,17
G. Lamardo,Gonzalo Lamardo,4/25/1997,21,167.64,67.1,"CAM,CM",Argentina,61,70,400000,3000,Right,1,3,3,Normal,,,,,,51,51,44,65,45,69,55,52,56,66,56,67,63,62,76,66,56,51,41,44,42,26,51,55,51,64,41,32,47
N. Bazan,Nazareno Bazan,3/8/1999,20,182.88,73.9,ST,Argentina,61,75,550000,2000,Right,1,3,2,Lean,1200000,,,,,37,69,61,54,55,67,52,38,42,54,62,64,63,57,56,66,60,62,60,57,32,18,50,47,67,46,34,15,16
J. Mendive,Joaquín Mendive,8/8/1996,22,152.4,68.9,GK,Argentina,61,70,300000,1000,Right,1,3,1,Normal,510000,,,,,15,9,12,27,10,11,11,14,28,13,21,26,34,57,44,27,65,17,36,6,21,13,7,34,19,40,7,15,11
Y. Schmid,Yannick Schmid,5/11/1995,23,185.42,76.2,CB,Switzerland,61,71,350000,2000,Right,1,3,2,Normal,578000,,,,,28,28,67,43,29,35,32,29,42,38,58,59,51,55,69,36,74,63,67,29,53,62,31,39,33,55,62,61,62
M. Rose,Mitchell Rose,7/4/1994,24,175.26,78,"CM,RM,RB",England,61,66,325000,3000,Right,1,3,2,Normal,593000,,,,,54,55,55,59,51,59,46,38,58,61,77,76,67,57,88,63,79,84,83,57,78,61,58,54,68,58,55,58,57
J. Álvarez,Julián Álvarez,1/31/2000,19,170.18,71.2,ST,Argentina,61,81,525000,2000,Right,1,3,2,Normal,1300000,,,,,46,63,54,58,45,60,58,62,43,60,79,78,69,57,76,70,48,51,29,59,32,20,59,51,58,65,25,20,21
T. Basila,Thomas Basila,4/30/1999,19,187.96,77.1,CB,France,61,77,500000,2000,Right,1,2,2,Normal,1300000,,,,,49,28,69,51,37,30,28,28,46,61,62,60,63,48,51,42,62,61,67,27,61,54,31,28,42,57,58,63,61
F. Lesniak,Filip Lesniak,5/14/1996,22,175.26,69.9,CM,Slovakia,61,69,375000,2000,Right,1,3,2,Lean,544000,,,,,56,47,47,61,45,58,58,42,60,61,59,55,62,58,63,65,53,82,61,60,57,56,54,59,43,59,54,58,56
P. Farman,Paul Farman,11/2/1989,29,185.42,81.2,GK,England,61,61,180000,2000,Right,1,3,1,Normal,315000,,,,,13,19,20,30,18,8,9,7,21,18,43,42,30,62,60,22,57,37,58,9,22,17,15,50,26,43,16,18,13
J. Morias,Junior Morias,7/4/1995,23,172.72,88,ST,Jamaica,61,70,400000,3000,Right,1,3,2,Stocky,780000,,,,,49,62,51,48,55,64,46,22,26,60,73,74,63,57,85,69,60,65,87,57,63,25,47,43,58,56,24,25,28
M. Lercher,Michael Lercher,1/4/1996,23,152.4,68.9,"LB,LWB",Austria,61,68,300000,3000,Left,1,3,2,Normal,495000,,,,,64,29,48,58,30,58,32,28,56,55,71,70,56,48,72,27,63,64,62,25,51,60,46,48,37,46,55,63,61
E. Bytyqi,Enis Bytyqi,2/18/1997,22,152.4,76.2,"ST,RM",Kosovo,61,69,375000,1000,Right,1,2,3,Lean,619000,,,,,55,62,43,57,45,64,37,33,47,58,85,83,79,61,73,61,80,54,53,55,26,18,59,56,54,48,26,17,18
L. Malagón,Luis Ángel Malagón Velázquez,3/2/1997,22,152.4,77.1,GK,Mexico,61,73,350000,1000,Right,1,2,1,Lean,665000,,,,,11,9,13,25,5,8,13,13,17,16,25,24,21,50,44,24,59,21,51,6,27,13,4,28,14,32,15,10,14
Bae Sin Yeong,배신영 Sin Yeong Bae,6/11/1992,26,154.94,68.9,CM,Korea Republic,61,64,300000,1000,Right,1,3,2,Normal,398000,,,,,50,35,59,66,29,56,36,35,63,60,55,60,61,62,70,44,85,63,74,44,55,51,56,62,39,45,47,54,27
Liang Xueming,梁学铭,8/2/1995,23,175.26,69.9,ST,China PR,61,67,350000,3000,Right,1,3,2,Normal,823000,,,,,36,62,56,63,56,59,43,39,54,57,76,61,68,57,76,58,75,64,60,56,59,35,62,63,52,53,16,32,35
S. Ayala,Jhoan Sebastián Ayala Sanabria,9/14/1995,23,154.94,78,"CDM,CM",Colombia,61,69,325000,1000,Right,1,3,2,Lean,504000,,,,,44,37,58,62,39,61,42,39,61,55,68,65,76,54,63,56,65,74,74,54,67,61,58,57,47,59,52,59,48
W. Atkinson,Will Atkinson,10/14/1988,30,152.4,67.1,CM,England,61,61,240000,4000,Right,1,3,2,Normal,420000,,,,,57,53,48,59,47,60,46,48,58,62,70,68,69,61,74,58,61,91,72,51,62,60,57,54,54,58,56,58,54
M. Ellis,Mark Ellis,9/30/1988,30,187.96,78,CB,England,61,61,200000,2000,Right,1,2,2,Normal,350000,,,,,22,27,59,51,25,34,21,17,50,51,60,64,58,47,51,32,77,70,72,20,65,57,49,35,25,54,57,61,60
N. Temperini,Nicolás Temperini,2/9/1995,24,185.42,78,GK,Argentina,61,68,260000,2000,Right,1,2,1,Lean,442000,,,,,14,9,16,22,16,14,15,13,21,25,25,31,40,56,56,20,60,27,56,11,19,12,7,20,23,34,10,19,15
A. Morkaya,Arif Morkaya,5/30/1989,29,187.96,79.8,CDM,Turkey,61,61,200000,4000,Right,1,2,2,Normal,400000,,,,,51,39,58,75,40,60,39,47,63,58,42,36,61,58,52,54,57,55,67,33,57,56,40,43,47,43,60,56,62
R. D'Haese,Robbie D'Haese,2/25/1999,20,152.4,64.9,"LM,CAM",Belgium,61,73,425000,1000,Right,1,3,3,Lean,723000,,,,,58,47,38,56,49,66,44,46,49,64,74,67,74,57,70,59,70,56,44,38,37,21,58,55,48,54,15,31,39
J. Albert,Josué Albert,1/21/1992,27,185.42,86.2,CB,France,61,64,260000,1000,Right,1,3,2,Normal,475000,,,,,23,18,60,48,26,25,30,29,29,43,54,63,50,51,50,42,76,58,82,24,43,56,24,28,37,57,67,60,58
J. Benteke,Jonathan Benteke Lifeka,4/28/1995,23,185.42,76.2,ST,Belgium,61,67,350000,3000,Right,1,3,2,Lean,683000,,,,,54,62,63,57,61,54,42,37,53,57,74,70,72,50,59,58,77,33,68,58,54,20,60,41,57,52,31,24,23
C. Calderón,Cristian Calderón,5/24/1997,21,170.18,66.2,LB,Mexico,61,74,425000,2000,Right,1,2,2,Normal,,,,,,57,33,50,50,27,60,34,35,49,61,78,81,63,51,74,31,58,59,43,33,60,57,46,42,47,51,58,62,61
M. Kamekawa,竜川 諒史,5/28/1993,25,175.26,64,"LB,LWB",Japan,61,65,270000,2000,Right,1,4,2,Lean,358000,,,,,56,29,60,52,26,58,44,29,41,59,77,74,70,60,67,46,49,83,63,32,67,54,35,29,26,57,51,59,55
J. Bamert,Jan Bamert,3/9/1998,20,182.88,74.8,"CB,RB,LB",Switzerland,61,77,500000,3000,Right,1,3,2,Lean,1000000,,,,,41,23,57,49,31,44,33,32,34,54,60,51,54,53,61,30,86,57,71,24,57,54,37,34,39,55,62,65,60
E. Wichne,Eirik Wichne,5/12/1997,21,175.26,69.9,"RB,RWB",Norway,61,72,375000,1000,Right,1,3,2,Normal,544000,,,,,60,34,44,63,37,55,53,49,65,62,79,76,68,60,69,60,58,72,64,38,62,55,53,53,45,46,59,54,50
J. Brinch,Jeppe Brinch-Vilhelmsen,5/8/1995,23,185.42,78.9,"RB,CB",Denmark,61,69,325000,2000,Right,1,3,2,Lean,471000,,,,,59,20,61,51,25,39,53,25,34,44,65,73,52,51,64,38,72,69,74,22,53,55,37,36,35,42,66,65,59
S. Tka,Saïf Tka,4/20/1991,27,182.88,82.1,"CB,RB",Tunisia,61,61,210000,2000,Right,1,3,2,Lean,368000,,,,,48,28,59,45,25,39,28,32,42,45,47,50,38,58,48,31,52,53,72,27,71,60,27,38,31,62,59,65,57
E. Cerna,Edwin Cerna,1/17/1998,21,172.72,64.9,LW,Mexico,61,74,475000,7000,Right,1,2,2,Lean,1100000,,,,,57,59,45,60,45,65,50,45,50,62,70,71,72,49,79,55,55,45,45,48,35,30,58,57,55,55,27,30,33
M. Hewelt,Mateusz Hewelt,9/23/1996,22,185.42,78,GK,Poland,61,70,300000,6000,Right,1,2,1,Normal,630000,,,,,13,10,13,25,10,13,16,17,24,17,47,42,36,57,50,30,58,20,41,12,29,16,8,22,26,45,8,19,19
J. Mondragón,John Steven Mondragón,10/15/1994,24,154.94,74.8,CB,Colombia,61,70,325000,1000,Right,1,3,2,Lean,504000,,,,,30,49,63,52,31,32,36,29,46,56,45,58,50,57,59,52,67,73,61,29,61,58,44,47,48,52,60,64,57
E. Joseph,Evens Joseph,7/16/1999,19,152.4,71.2,"LW,RW",France,61,77,525000,2000,Right,1,3,3,Lean,1400000,,,,,53,62,47,51,49,69,53,41,45,65,85,84,78,42,72,60,46,49,54,42,31,23,50,45,60,45,22,33,27
J. Sánchez Purata,Juan Sánchez Purata,1/9/1998,21,187.96,78,CB,Mexico,61,74,425000,5000,Right,1,2,2,Normal,946000,,,,,37,44,60,57,32,50,45,36,55,55,54,55,50,52,53,58,75,59,69,52,55,55,42,41,45,47,61,62,60
Jung Seon Ho,정선호 郑顺浩,3/25/1989,29,182.88,78,"CDM,CM",Korea Republic,61,61,200000,1000,Left,1,3,2,Normal,250000,,,,,61,53,57,66,59,61,51,42,58,58,56,42,70,63,62,57,44,61,68,63,62,62,63,59,46,45,54,59,48
J. Ponceau,Julien Ponceau,11/28/2000,18,170.18,59.9,"CAM,RM",France,61,76,500000,1000,Right,1,3,2,Lean,1200000,,,,,51,55,43,68,51,61,48,53,55,60,71,72,70,59,75,54,57,61,45,43,52,42,55,55,55,61,35,47,42
F. Sgarbi,Filippo Sgarbi,12/29/1997,21,190.5,83.9,CB,Italy,61,70,350000,1000,Right,1,2,2,Normal,630000,,,,,25,22,69,40,29,22,22,31,24,40,63,61,50,51,50,45,73,57,77,25,50,56,21,26,42,49,62,62,62
T. Warschewski,Tobias Warschewski,2/6/1998,21,187.96,78,ST,Germany,61,72,450000,1000,Right,1,3,2,Normal,743000,,,,,37,65,60,44,51,55,48,40,39,60,63,70,69,59,65,63,67,60,70,59,50,23,57,48,60,57,35,14,13
D. Barlaser,Daniel Barlaser,1/18/1997,22,182.88,62.1,"CM,CDM",England,61,70,375000,5000,Right,1,3,3,Lean,,,,,,58,52,45,63,57,63,58,59,63,64,55,55,63,53,67,66,45,67,34,51,38,56,51,63,52,54,43,47,46
C. Omeje,Chidi Omeje,5/5/1990,28,182.88,78,ST,Nigeria,61,61,260000,1000,Right,1,3,2,Normal,325000,,,,,35,63,59,41,53,61,34,26,36,65,59,66,60,55,62,59,64,68,77,57,36,14,59,42,55,44,37,14,19
M. Taylor-Crossdale,Martell  Taylor-Crossdale,12/26/1999,19,185.42,77.1,ST,England,61,79,525000,8000,Right,1,3,3,Lean,1300000,,,,,42,62,51,56,60,65,56,37,41,63,65,72,60,60,60,70,55,50,66,60,40,16,46,60,69,56,28,21,17
H. Wingo,Henry Wingo,10/4/1995,23,182.88,77.1,"RM,LM,RB",United States,61,68,350000,1000,Right,1,3,2,Lean,595000,,,,,54,48,51,59,59,61,43,42,57,62,74,79,65,53,61,71,64,79,69,49,43,42,51,55,49,55,47,48,43
T. Taiwo,Tom Taiwo,2/27/1990,29,170.18,69.9,CM,England,61,61,250000,2000,Right,1,3,2,Normal,438000,,,,,53,46,50,66,47,53,51,55,62,62,73,69,66,61,84,62,80,80,60,51,57,60,50,50,52,61,57,60,62
M. Knudsen,Morten Knudsen,4/28/1995,23,152.4,69.9,"CM,CDM",Denmark,61,68,350000,2000,Right,1,5,2,Normal,508000,,,,,55,48,39,66,48,62,57,57,63,65,60,67,67,65,73,54,56,70,52,54,42,43,49,56,46,61,54,51,54
M. Allende,Marcelo Ivan Allende Bravo,4/7/1999,19,165.1,63,CAM,Chile,61,71,400000,1000,Right,1,3,3,Normal,740000,,,,,53,49,47,59,54,72,54,46,62,72,55,58,59,55,92,59,54,37,34,50,45,28,48,55,59,64,37,38,39
C. Brandeborn,Christopher Brandeborn,3/5/1991,28,175.26,74.8,RW,Sweden,61,61,260000,1000,Right,1,3,3,Stocky,325000,,,,,56,58,39,62,52,64,45,33,60,63,73,70,71,44,82,56,73,61,54,54,65,49,60,61,50,58,55,49,40
L. Scherff,Lukas Scherff,7/14/1996,22,175.26,69.9,"LM,CAM,LB,LW",Germany,61,69,375000,1000,Left,1,3,2,Normal,619000,,,,,57,41,38,44,52,68,34,34,39,61,84,79,80,56,77,47,72,81,65,40,72,47,54,51,35,63,31,60,63
T. Clarke,Trevor Clarke,3/26/1998,20,165.1,66.2,"LM,LB",Republic of Ireland,61,75,550000,1000,Left,1,3,3,Lean,1200000,,,,,56,49,44,56,35,66,55,45,58,63,75,79,72,43,64,58,78,62,60,55,65,51,53,55,46,58,55,61,57
Y. Iwasaki,Yuto Iwasaki,6/11/1998,20,172.72,68.9,"LW,CF",Japan,61,72,425000,1000,Right,1,3,3,Lean,616000,,,,,60,47,44,55,45,66,60,37,53,60,90,83,67,60,78,61,64,65,43,40,40,42,57,54,40,54,24,32,21
E. Linthorst,Evert Linthorst,3/3/2000,19,182.88,73,CM,Netherlands,61,73,400000,1000,Right,1,2,2,Normal,660000,,,,,47,48,59,69,41,61,55,47,66,65,65,63,63,60,63,58,61,45,58,49,58,55,40,55,52,47,57,64,66
D. Carr,Daniel Carr,5/29/1994,24,154.94,77.1,ST,England,61,65,325000,1000,Right,1,3,3,Lean,528000,,,,,33,60,62,44,43,65,38,31,31,64,71,72,68,47,67,54,69,67,73,52,33,18,61,45,55,55,18,15,12
D. Jarl,Daniel Jarl,4/13/1992,26,195.58,82.1,CB,Sweden,61,64,260000,1000,Left,1,3,2,Lean,345000,,,,,35,21,66,51,29,41,25,14,55,48,47,73,32,56,31,25,31,48,84,23,62,63,14,44,19,47,54,57,58
D. Klomp,Daan Klomp,8/10/1998,20,187.96,82.1,CB,Netherlands,61,70,325000,1000,Right,1,3,2,Normal,536000,,,,,30,25,57,47,26,35,30,31,36,51,64,57,60,50,65,47,73,57,76,29,58,59,32,28,40,49,61,60,60
M. Castro,Manuel Castro,9/27/1995,23,172.72,72.1,"RM,LM",Uruguay,61,68,350000,3000,Right,1,3,2,Stocky,595000,,,,,60,59,54,73,41,59,53,39,66,60,69,58,56,51,77,65,60,52,49,53,54,47,59,46,58,49,47,49,53
C. Martin,Collin Martin,11/9/1994,24,154.94,68,"CDM,CM",United States,61,65,280000,1000,Right,1,3,2,Lean,441000,,,,,59,39,54,65,45,56,54,51,58,58,63,69,71,58,69,46,48,67,59,43,63,57,42,53,43,59,62,58,55
J. Chambers,Jack Chambers,7/12/2000,18,152.4,64.9,CM,Northern Ireland,60,76,400000,2000,Right,1,3,2,Lean,1000000,,,,,56,56,54,70,53,66,61,53,69,61,67,61,59,57,73,67,58,43,41,49,45,27,57,57,54,65,50,53,62
Oleaga,Hodei Oleaga Alarcia,12/29/1996,22,198.12,87.1,GK,Spain,60,69,240000,2000,Right,1,3,1,Lean,552000,,,,,14,9,14,34,8,9,15,13,25,25,32,21,31,52,29,31,36,22,74,7,25,13,5,33,12,23,28,13,12
A. Zendejas,Alejandro Zendejas Saavedra,2/7/1998,21,170.18,64.9,LM,Mexico,60,69,325000,4000,Left,1,3,2,Lean,618000,,,,,40,48,43,60,42,70,40,33,54,55,77,78,81,56,81,51,60,62,41,38,59,40,58,43,42,52,37,40,41
K. Bigler,Kevin Bigler,10/5/1992,26,170.18,69.9,"RB,LM,RM",Switzerland,60,63,210000,2000,Right,1,3,2,Normal,320000,,,,,53,39,55,61,38,57,49,33,52,59,69,71,67,58,88,57,75,74,72,47,77,55,62,37,38,56,58,50,56
D. Jarvis,Daniel Adam Jarvis,4/3/1998,20,152.4,64,"CAM,CM",England,60,76,450000,4000,Right,1,3,2,Normal,1100000,,,,,61,49,56,65,54,62,56,52,62,62,63,64,72,55,71,60,60,50,55,44,49,44,53,60,61,63,47,54,59
M. Barnes,Marcus Barnes,12/1/1996,22,185.42,72.1,ST,England,60,67,300000,5000,Left,1,3,3,Normal,630000,,,,,36,62,59,55,49,59,50,43,44,57,67,63,57,58,65,58,63,65,64,55,40,15,55,55,61,49,21,18,24
M. Bakhit,Masood Bekheet,1/5/1992,27,167.64,60.8,RB,Saudi Arabia,60,61,200000,2000,Right,1,3,2,Normal,345000,,,,,56,29,50,54,38,54,29,28,46,54,70,69,57,55,83,45,58,66,63,24,67,57,45,44,38,44,58,59,57
S. Perić,Stefan Perić,2/13/1997,22,185.42,79.8,CB,Austria,60,66,240000,1000,Right,1,3,2,Normal,396000,,,,,47,23,58,58,33,41,30,27,54,48,74,70,52,58,61,43,76,57,71,35,66,53,34,47,32,56,50,60,57
G. Herrem,Geir André Herrem,1/28/1988,31,187.96,82.1,"ST,CF",Norway,60,60,200000,1000,Right,1,3,2,Normal,250000,,,,,48,60,53,45,69,55,47,43,33,62,67,63,59,45,59,67,63,61,70,52,39,38,63,34,55,51,31,19,15
J. Marcinkowski,James Marcinkowski,5/9/1997,21,185.42,83.9,GK,United States,60,71,280000,1000,Right,1,2,1,Normal,476000,,,,,11,7,15,46,8,15,12,13,36,21,21,24,23,42,45,22,61,27,58,7,43,11,6,36,18,37,12,13,14
J. Montaño,Jackson David Montaño Palacios,5/17/1993,25,170.18,68.9,RB,Colombia,60,65,230000,1000,Right,1,3,2,Lean,328000,,,,,61,57,56,53,44,58,47,38,48,57,79,72,68,59,66,58,62,73,74,35,48,54,52,45,62,53,61,53,48
D. Loader,Danny Loader,8/28/2000,18,182.88,68,"ST,CAM",England,60,82,450000,3000,Right,1,3,3,Lean,1300000,,,,,39,63,49,57,51,64,50,40,41,65,74,76,78,52,74,54,62,55,50,51,30,17,60,51,65,59,14,15,19
N. Rütten,Nils Rütten,7/20/1995,23,182.88,74.8,"CDM,CB",Germany,60,68,260000,1000,Right,1,4,2,Normal,429000,,,,,47,34,50,61,35,59,42,40,59,61,68,60,68,52,67,57,64,65,66,43,63,53,45,49,45,45,55,61,60
D. Cole,Darren Cole,1/3/1992,27,187.96,79.8,"CB,RB",Scotland,60,63,220000,1000,Right,1,4,2,Normal,358000,,,,,47,28,55,57,16,45,34,37,50,55,60,62,49,55,46,30,66,60,81,20,72,52,51,49,43,62,56,57,52
R. Mudražija,Robert Mudražija,5/5/1997,21,152.4,69.9,CM,Croatia,60,74,450000,2000,Right,1,4,2,Normal,866000,,,,,60,45,53,65,59,63,56,57,63,65,65,66,62,54,72,65,60,61,58,62,60,51,54,51,52,49,48,40,45
J. Williams,JJ Williams,1/4/1998,21,193.04,91.2,ST,United States,60,71,350000,1000,Right,1,4,2,Normal,595000,,,,,43,59,60,46,57,55,46,52,24,56,72,79,69,53,53,51,66,65,77,48,71,16,58,39,56,54,19,18,19
H. Al Ghamdi,Hamed Al Ghamdi,4/2/1999,19,160.02,59,"CM,CAM,CDM",Saudi Arabia,60,76,450000,2000,Right,1,4,2,Lean,1000000,,,,,58,57,46,64,47,64,50,40,61,65,70,67,82,55,82,63,68,57,38,63,33,47,49,51,43,47,48,56,52
G. Reilly,Gavin Reilly,5/10/1993,25,154.94,73,ST,Scotland,60,62,260000,2000,Right,1,3,2,Normal,475000,,,,,52,62,63,58,47,61,36,29,44,62,80,79,72,47,71,51,71,77,62,56,30,18,52,49,62,43,17,20,14
C. Slattery,Callum Slattery,2/8/1999,20,190.5,69.9,"CAM,CM",England,60,77,450000,3000,Right,1,3,2,Lean,1100000,,,,,40,55,45,65,42,62,44,63,55,63,55,67,56,43,56,52,49,62,71,59,51,36,55,62,42,52,40,50,46
J. Coustrain,Joel Coustrain,1/22/1996,23,172.72,68,"RM,LM",Republic of Ireland,60,68,300000,1000,Left,1,3,3,Lean,525000,,,,,55,51,32,57,39,64,48,37,51,63,78,81,77,49,75,58,45,56,54,43,48,39,61,41,50,50,35,29,26
Kang Yun Seong,강윤성 康尹宋,7/1/1997,21,182.88,74.8,CM,Korea Republic,60,73,400000,1000,Right,1,3,2,Normal,750000,,,,,37,43,46,63,45,53,36,35,61,59,61,62,56,60,59,60,60,70,57,51,63,53,61,59,36,43,49,43,46
Park Jeong Su,박정수 朴钟洙,4/12/1994,24,187.96,76.2,"CB,CDM",Korea Republic,60,62,210000,1000,Right,1,3,2,Lean,278000,,,,,31,21,51,66,20,53,28,31,58,58,70,65,62,59,35,23,64,62,79,20,67,61,44,34,39,45,57,56,45
A. Buongiorno,Alessandro Buongiorno,6/6/1999,19,190.5,79.8,"LB,CB",Italy,60,74,400000,2000,Left,1,2,2,Lean,,,,,,48,26,61,56,31,46,34,29,35,58,58,60,49,58,47,48,71,65,68,30,60,55,31,36,47,51,62,62,62
Yang Jun,杨君,6/10/1981,37,187.96,78,GK,China PR,60,60,10000,2000,Right,1,1,1,Lean,22000,,,,,25,6,9,12,6,7,24,18,16,25,37,36,34,55,40,7,69,23,69,6,28,25,18,32,18,56,14,6,9
L. Gottwalt,Lukas Erhan Eberhard Gottwalt,9/16/1997,21,193.04,83.9,CB,Germany,60,72,325000,1000,Right,1,3,2,Normal,536000,,,,,36,33,64,48,30,36,27,28,40,40,56,63,48,50,42,46,58,57,83,26,63,57,30,31,35,40,55,60,55
K. Skoglund,Kim Skoglund,8/28/1987,31,182.88,78.9,CB,Sweden,60,60,150000,1000,Right,1,3,2,Normal,188000,,,,,54,57,58,61,48,58,55,47,63,58,66,64,63,58,58,59,64,80,71,59,72,60,51,55,45,60,53,55,52
B. Urbański,Bartłomiej Urbański,5/15/1998,20,175.26,68,"CM,CDM",Poland,60,70,325000,1000,Left,1,3,2,Normal,536000,,,,,56,45,56,69,40,58,44,47,65,60,61,56,74,55,74,59,61,59,53,36,63,59,41,62,46,61,60,61,59
J. Velásquez,Jhon Velásquez,5/2/1995,23,175.26,69.9,RM,Colombia,60,69,325000,1000,Right,1,2,2,Normal,520000,,,,,53,65,37,58,49,60,35,38,53,52,74,76,85,55,76,53,39,64,49,57,42,44,51,55,48,53,63,48,33
C. Kühlwetter,Christian Kühlwetter,4/21/1996,22,154.94,74.8,"LM,ST",Germany,60,68,300000,1000,Right,1,3,2,Normal,495000,,,,,47,63,58,57,57,58,46,39,46,59,66,68,62,62,60,65,68,67,66,58,65,30,63,56,62,52,22,31,25
Lee Ji Hoon,이지훈 李智训,3/24/1994,24,175.26,68.9,RB,Korea Republic,60,66,240000,1000,Right,1,3,2,Normal,360000,,,,,46,23,41,53,22,52,45,35,36,46,79,70,66,58,76,25,60,63,56,24,67,58,52,41,39,59,61,66,63
R. Mahazi,Rashid Mahazi,4/20/1992,26,152.4,74.8,"CDM,CM",Australia,60,60,180000,1000,Right,1,3,2,Normal,225000,,,,,47,40,46,58,39,54,41,36,55,57,68,65,59,48,64,49,56,72,75,42,74,58,51,55,42,50,57,59,58
E. Erenler,Erten Erenler,6/28/1993,25,152.4,67.1,CB,Turkey,60,65,230000,2000,Right,1,2,2,Stocky,477000,,,,,30,21,57,37,26,33,33,30,30,41,61,55,46,55,74,44,68,63,38,20,50,64,23,32,39,45,63,76,67
D. Cruz,Diego Cruz,1/13/1995,24,170.18,59.9,"RB,LB,RWB,LWB",Mexico,60,65,230000,1000,Right,1,3,2,Lean,408000,,,,,59,29,56,60,32,61,57,35,57,56,72,71,75,55,66,58,71,64,59,32,65,55,52,51,45,60,57,55,55
E. Weeger,Eric Weeger,2/2/1997,22,152.4,73.9,"RB,CDM",Germany,60,67,250000,1000,Right,1,4,2,Normal,413000,,,,,58,25,53,58,23,54,30,31,53,57,74,67,72,58,71,31,73,67,66,25,62,56,39,43,37,40,56,57,56
K. Krasniqi,Kamer Krasniqi,1/11/1996,23,152.4,67.1,"CM,CDM,RB",Kosovo,60,68,300000,1000,Right,1,3,3,Lean,495000,,,,,56,44,48,64,46,60,47,46,57,63,66,68,78,49,76,51,69,75,53,42,57,60,42,62,48,60,52,57,47
J. Gibbons,James Gibbons,3/16/1998,20,175.26,59.9,"RB,RWB",England,60,66,240000,2000,Right,1,2,2,Lean,468000,,,,,61,26,52,58,25,59,57,33,50,60,60,74,81,53,72,25,78,63,54,26,79,51,49,48,35,44,62,59,58
A. Favaro,Alessandro Favaro,7/18/1995,23,187.96,76.2,GK,Italy,60,65,200000,1000,Right,1,2,1,Normal,325000,,,,,17,15,17,27,12,11,14,12,16,20,37,33,42,55,22,23,31,24,38,16,22,16,12,30,20,40,12,14,17
Algobia,Ángel Algobia Esteves,6/23/1999,19,154.94,78,CM,Spain,60,77,450000,1000,Right,1,3,2,Lean,1300000,,,,,50,49,56,64,43,61,53,48,60,63,50,47,53,60,65,59,62,47,47,51,55,55,60,59,47,60,49,58,54
N. Ferguson,Nathan Ferguson,10/6/2000,18,154.94,69.9,CB,England,60,75,375000,2000,Right,1,3,2,Normal,947000,,,,,35,29,57,43,30,32,30,33,33,37,55,61,47,51,66,41,68,55,59,30,50,62,28,36,45,46,63,64,65
Guo Quanbo,郭全博,8/31/1997,21,185.42,79.8,GK,China PR,60,70,260000,1000,Right,1,3,1,Normal,611000,,,,,33,16,28,44,13,22,41,26,52,37,45,59,47,62,60,40,67,31,62,18,42,21,18,66,25,62,16,17,15
P. Ruiz,Pablo Enrique Ruíz,12/20/1998,20,172.72,68,"LW,RW,LB,CM",Argentina,60,77,450000,1000,Left,1,3,2,Lean,956000,,,,,54,55,31,60,38,62,52,32,54,58,70,71,81,55,75,54,35,62,44,57,55,52,53,54,49,49,55,55,52
L. Croll,Luke Croll,1/10/1995,24,185.42,76.2,CB,England,60,65,240000,2000,Left,1,3,2,Lean,438000,,,,,37,22,58,52,30,43,32,27,39,46,60,68,67,50,55,34,69,66,72,25,53,58,29,35,30,53,59,61,60
F. Çakır,Faruk Çakır,2/8/1995,24,190.5,79.8,GK,Turkey,60,67,210000,2000,Right,1,1,1,Normal,441000,,,,,14,19,12,22,14,13,20,20,19,23,58,58,52,55,48,22,53,25,48,20,23,25,16,40,16,38,19,19,18
S. Murillo,Jesús Steven Murillo León,8/17/1993,25,175.26,73,LB,Colombia,60,65,230000,1000,Left,1,2,2,Normal,328000,,,,,48,26,47,53,23,52,32,30,46,55,71,70,78,56,79,24,85,69,64,29,55,54,48,40,36,47,60,59,64
M. Rauschenberg,Martin Rauschenberg,1/15/1992,27,187.96,83.9,CB,Denmark,60,62,210000,1000,Right,1,2,2,Normal,278000,,,,,29,34,59,52,28,41,23,35,50,47,55,51,52,57,50,44,42,59,82,33,68,55,26,34,26,50,54,58,57
V. Burgoa,Valentín Burgoa,8/16/2000,18,175.26,68,CM,Argentina,60,77,400000,1000,Left,1,2,3,Lean,850000,,,,,45,48,54,63,49,65,45,44,59,66,69,64,62,59,67,66,56,60,49,60,60,47,59,50,50,54,62,56,60
A. Al Harbi,Abdullah Al Harbi,1/28/1989,30,152.4,72.1,CB,Saudi Arabia,60,60,160000,2000,Left,1,3,2,Normal,264000,,,,,52,30,57,51,34,49,54,45,46,50,66,63,57,56,53,41,66,59,67,55,60,60,34,55,47,46,58,61,58
Liao Bochao,聊博超,7/16/1987,31,154.94,69.9,RB,China PR,60,60,150000,2000,Right,1,3,2,Normal,323000,,,,,60,48,47,58,45,54,47,48,55,55,59,59,61,60,58,49,59,66,65,52,59,55,54,53,43,45,62,60,58
M. Okazaki,岡崎 慎,10/10/1998,20,154.94,73.9,"CB,RB",Japan,60,75,400000,1000,Right,1,3,2,Lean,750000,,,,,27,19,58,52,22,34,29,22,41,43,74,72,54,51,65,34,76,59,66,21,51,56,23,33,37,46,61,65,58
T. Makowski,Tomasz Makowski,7/19/1999,19,152.4,72.1,"CM,CDM,CAM",Poland,60,73,375000,1000,Right,1,2,2,Normal,741000,,,,,44,51,58,65,31,55,57,37,61,62,69,69,70,54,75,55,60,69,57,48,61,51,49,56,46,55,42,61,58
R. Izumi,和泉 竜司,11/6/1993,25,172.72,72.1,"CM,LM,CB",Japan,60,64,270000,1000,Right,1,3,2,Normal,358000,,,,,41,49,41,66,39,60,44,37,62,57,75,79,73,56,72,49,57,78,68,43,41,43,59,55,46,57,50,51,46
M. Seidel,Mario Seidel,1/19/1995,24,185.42,82.1,GK,Germany,60,66,210000,1000,Right,1,3,1,Normal,368000,,,,,12,13,8,26,9,16,17,20,18,26,41,42,33,52,53,24,67,21,61,11,34,18,6,31,27,22,12,9,11
G. Abregú,Gustavo Abregú,7/4/1997,21,170.18,67.1,"RB,CB,LB",Argentina,60,70,290000,1000,Right,1,3,2,Normal,479000,,,,,53,27,52,33,34,62,32,35,28,59,62,62,63,60,68,33,58,63,44,28,53,63,54,45,43,61,60,63,62
R. Germain,Ryo Germain,4/19/1995,23,182.88,74.8,ST,Japan,60,66,290000,1000,Right,1,2,3,Lean,421000,,,,,25,62,66,41,45,53,26,22,29,49,75,82,51,46,51,60,70,56,65,46,65,19,61,43,56,40,24,24,23
R. Strain,Ryan Strain,4/2/1997,21,154.94,76.2,RB,Australia,60,68,260000,1000,Right,1,3,2,Normal,377000,,,,,60,42,47,61,33,60,40,34,59,57,74,70,77,48,72,48,35,68,58,34,56,56,42,49,48,48,54,58,55
J. Maddox,Jacob Maddox,11/3/1998,20,152.4,72.1,LM,England,60,78,450000,1000,Right,1,3,3,Lean,1100000,,,,,56,57,28,56,43,64,52,53,53,58,72,70,69,50,67,57,35,63,50,54,36,29,56,55,51,51,30,35,34
M. Lund,Marco Lund,6/30/1996,22,182.88,87.1,CB,Denmark,60,67,250000,2000,Right,1,3,2,Normal,363000,,,,,27,23,54,53,27,42,58,59,42,56,65,53,57,45,66,56,73,57,66,60,49,61,26,35,30,40,68,62,54
D. Chávez,Diego Chávez,5/11/1995,23,154.94,60.8,ST,Mexico,60,64,270000,1000,Right,1,3,2,Lean,466000,,,,,54,62,54,63,48,60,62,55,63,61,48,49,58,57,65,63,62,73,70,57,70,59,62,62,55,61,33,53,50
R. Miller,Ricky Miller,3/13/1989,29,175.26,76.2,ST,England,60,60,210000,3000,Left,1,3,2,Normal,368000,,,,,38,62,50,47,52,54,45,35,43,54,74,78,71,64,70,63,84,70,61,61,80,37,58,60,51,55,34,45,43
V. Drkušić,Vanja Drkušić,10/30/1999,19,185.42,79.8,CB,Slovenia,60,75,375000,1000,Right,1,1,2,Normal,797000,,,,,30,27,58,52,30,34,35,31,55,47,72,76,42,51,58,45,65,64,75,28,49,53,30,38,40,50,58,64,63
R. Fulton,Ryan Fulton,5/23/1996,22,190.5,69.9,GK,Scotland,60,67,210000,1000,Left,1,3,1,Normal,410000,,,,,14,18,14,25,10,16,15,11,30,22,32,31,40,52,40,23,58,24,52,13,39,12,5,40,23,41,19,15,14
P. Posipal,Patrick Posipal,3/3/1988,31,187.96,78,"CDM,CB",Germany,60,60,150000,1000,Right,1,2,2,Lean,218000,,,,,45,25,66,61,25,49,32,37,58,54,55,53,56,53,55,40,57,76,71,30,61,54,34,46,42,45,61,58,55
Caio Marcelo,Caio Marcelo Pinheiro da Silva,3/14/1998,20,190.5,88,CB,Brazil,60,71,325000,1000,Right,1,3,2,Normal,764000,,,,,34,25,59,38,32,29,36,33,32,36,66,66,56,50,49,41,74,62,73,22,48,56,44,36,41,46,60,65,60
Hu Ruibao,胡睿宝,10/17/1996,22,185.42,73,CB,China PR,60,68,270000,2000,Left,1,3,2,Lean,648000,,,,,34,21,58,39,25,42,29,26,35,44,59,61,64,54,63,33,67,38,67,23,52,52,29,31,28,58,69,61,63
Yang Qipeng,杨启鹏,5/14/1987,31,185.42,76.2,GK,China PR,60,60,130000,2000,Right,1,3,1,Lean,280000,,,,,14,15,25,40,18,12,19,24,39,10,38,52,62,63,53,17,62,31,61,17,41,15,17,61,23,55,25,20,17
E. Fujishima,Eisuke Fujishima,1/31/1992,27,185.42,87.1,GK,Japan,60,61,170000,1000,Right,1,2,1,Normal,234000,,,,,11,8,14,15,8,8,10,10,26,15,23,28,29,57,33,22,58,26,67,8,25,10,4,29,13,37,7,11,13
A. Racioppi,Anthony Racioppi,12/31/1998,20,185.42,79.8,GK,Switzerland,60,77,375000,2000,Right,1,2,1,Normal,947000,,,,,12,7,12,19,5,7,10,14,24,15,31,28,39,58,31,20,46,20,40,6,23,9,6,32,19,43,10,14,12
T. Buhagiar,Trent Buhagiar,2/27/1998,21,152.4,64.9,CAM,Australia,60,72,375000,1000,Right,1,4,3,Lean,544000,,,,,48,61,51,55,34,61,36,27,46,59,93,91,91,48,93,49,70,84,64,48,26,24,64,48,63,55,22,18,12
P. Sussek,Patrick Sussek,2/8/2000,19,175.26,68,"CAM,RM",Germany,60,77,425000,2000,Right,1,3,3,Lean,946000,,,,,53,46,40,58,45,68,41,43,47,61,75,67,79,54,78,57,56,48,45,43,40,21,55,58,47,42,26,21,26
Altube,Diego Altube Suárez,2/22/2000,19,187.96,84.8,GK,Spain,60,80,350000,3000,Right,1,3,1,Lean,1100000,,,,,11,8,14,27,6,12,14,14,29,14,17,15,29,60,37,20,53,25,59,8,25,8,5,32,12,33,6,14,14
I. Łasicki,Igor Łasicki,6/26/1995,23,182.88,69.9,CB,Poland,60,67,250000,6000,Right,1,2,2,Lean,,,,,,46,32,51,32,37,41,38,36,32,47,52,48,57,55,59,31,70,76,65,34,65,62,49,42,41,53,61,62,64
San Román,Miguel San Román Ferrándiz,7/14/1997,21,187.96,78.9,GK,Spain,60,71,280000,3000,Right,1,3,1,Lean,630000,,,,,14,8,13,16,7,6,11,12,17,17,22,26,38,60,35,21,43,28,55,9,15,11,8,33,18,40,12,12,11
M. Ortíz,Marcelo Ortíz,1/13/1994,25,185.42,73.9,"CB,RB",Argentina,60,65,240000,2000,Right,1,2,2,Normal,378000,,,,,31,20,42,54,22,45,27,23,48,54,63,61,40,63,55,39,76,65,68,21,55,64,30,35,35,59,55,63,63
H. Nakabayashi,中林 洋次,4/28/1986,32,182.88,73,GK,Japan,60,60,120000,1000,Left,1,3,1,Normal,150000,,,,,11,8,13,21,5,10,10,13,45,19,20,26,23,40,46,19,57,41,45,9,26,16,6,46,12,33,13,20,23
J. Boller,Jan Boller,3/14/2000,18,185.42,82.1,"CB,RB,LB",Germany,60,77,375000,3000,Right,1,4,2,Normal,872000,,,,,44,26,54,49,34,29,28,35,28,34,58,62,47,57,54,47,69,63,68,23,54,60,33,32,50,47,55,65,67
A. Nalic,Adi Nalic,12/1/1997,21,190.5,78,"CAM,CF",Sweden,60,73,400000,1000,Right,1,3,3,Lean,770000,,,,,44,56,46,56,41,66,40,38,45,65,72,73,72,50,52,54,37,65,69,49,48,47,53,56,38,53,46,43,36
M. Hausjell,Marko Hausjell,6/6/1999,19,175.26,69.9,RM,Austria,60,73,400000,1000,Right,1,3,2,Lean,830000,,,,,62,60,28,56,42,65,47,32,41,59,75,72,73,55,80,48,72,60,42,51,30,20,55,45,46,41,17,23,24
F. Myhre,Felix Horn Myhre,3/4/1999,20,154.94,74.8,CDM,Norway,60,76,400000,1000,Right,1,3,2,Lean,750000,,,,,38,50,49,66,35,61,46,33,61,65,56,60,65,51,76,55,52,62,62,31,60,59,49,59,45,61,51,56,52
F. Ugrinic,Filip Ugrinic,1/5/1999,20,182.88,83.9,"CM,CAM,CDM",Switzerland,60,77,450000,1000,Right,1,3,2,Stocky,934000,,,,,62,37,53,64,30,50,52,59,60,59,62,66,63,59,65,55,59,56,69,45,54,62,56,61,41,53,59,62,59
L. Gibson,Lewis Gibson,7/19/2000,18,185.42,74.8,"CB,LB",England,60,80,375000,4000,Left,1,2,2,Lean,1100000,,,,,28,26,58,37,36,49,34,36,33,53,62,56,49,54,66,48,68,64,62,30,54,63,33,32,43,44,60,62,59
L. Martis,Liandro Felipe Martis,11/13/1995,23,170.18,73,LM,Curacao,60,67,290000,7000,Right,1,2,3,Normal,,,,,,59,54,28,50,58,67,66,33,32,61,78,76,78,50,85,59,73,66,63,60,51,19,54,48,39,53,22,23,22
E. Durrell,Elliott Durrell,7/31/1989,29,152.4,74.8,"RW,RM,CAM",England,60,60,210000,2000,Right,1,3,2,Stocky,368000,,,,,61,59,41,66,49,62,44,50,53,57,71,65,69,52,65,49,61,54,56,47,56,42,59,57,50,51,61,36,36
N. Fadiga,Noah Fadiga,12/3/1999,19,154.94,64.9,"CAM,RM,LM",Belgium,60,74,425000,2000,Left,1,5,2,Lean,861000,,,,,46,57,52,56,40,62,44,43,54,62,78,75,74,51,71,55,58,42,42,40,40,29,59,57,52,59,33,31,39
E. Zehir,Ersin Zehir,1/15/1998,21,182.88,78,CDM,Germany,60,71,325000,2000,Right,1,3,2,Normal,585000,,,,,40,30,49,63,37,49,44,36,54,61,66,66,59,55,68,52,66,54,66,39,62,52,50,54,40,44,62,63,57
M. Zeidan,Moustafa Zeidan,6/7/1998,20,170.18,69.9,CM,Sweden,60,71,350000,1000,Left,1,3,3,Normal,508000,,,,,56,58,37,63,46,63,63,59,61,64,68,63,78,50,86,57,80,59,38,59,52,44,56,63,54,65,55,34,32
